srcport,dstport,proto,td,pkt,byt,label,srcip_1,srcip_2,srcip_3,srcip_4,dstip_1,dstip_2,dstip_3,dstip_4
60689.0,445.0,TCP,0.003,2.0,174.0,0,192,168,220,13,192,168,100,5
37191.0,445.0,TCP,0.002,2.0,174.0,0,192,168,220,7,192,168,100,5
445.0,52321.0,TCP,0.0,1.0,108.0,0,192,168,100,5,192,168,220,14
445.0,34743.0,TCP,0.0,1.0,108.0,0,192,168,100,5,192,168,220,11
51357.0,57797.0,TCP,0.0,1.0,58.0,1,192,168,220,16,192,168,200,8
52321.0,445.0,TCP,0.004,2.0,174.0,0,192,168,220,14,192,168,100,5
57592.0,80.0,TCP,0.004,5.0,479.0,1,192,168,220,16,192,168,100,6
60689.0,445.0,TCP,0.006,2.0,174.0,0,192,168,220,13,192,168,100,5
43145.0,445.0,TCP,0.002,2.0,174.0,0,192,168,220,4,192,168,100,5
445.0,60689.0,TCP,0.0,1.0,108.0,0,192,168,100,5,192,168,220,13
445.0,43145.0,TCP,0.0,1.0,108.0,0,192,168,100,5,192,168,220,4
445.0,40239.0,TCP,0.0,1.0,108.0,0,192,168,100,5,192,168,220,10
445.0,40239.0,TCP,0.0,1.0,108.0,0,192,168,100,5,192,168,220,10
36681.0,80.0,TCP,0.003,5.0,479.0,1,192,168,220,16,192,168,100,6
445.0,46808.0,TCP,0.0,1.0,108.0,0,192,168,100,5,192,168,200,5
46709.0,445.0,TCP,0.003,2.0,174.0,0,192,168,220,6,192,168,100,5
445.0,49511.0,TCP,0.0,1.0,108.0,0,192,168,100,5,192,168,220,12
37191.0,445.0,TCP,0.004,2.0,174.0,0,192,168,220,7,192,168,100,5
445.0,58844.0,TCP,0.0,1.0,108.0,0,192,168,100,5,192,168,220,16
58453.0,80.0,TCP,0.004,6.0,545.0,1,192,168,220,16,192,168,100,6
49094.0,445.0,TCP,0.002,2.0,174.0,0,192,168,220,8,192,168,100,5
445.0,51146.0,TCP,0.0,1.0,108.0,0,192,168,100,5,192,168,220,5
43145.0,445.0,TCP,0.004,2.0,174.0,0,192,168,220,4,192,168,100,5
58844.0,445.0,TCP,0.005,2.0,174.0,0,192,168,220,16,192,168,100,5
46808.0,445.0,TCP,0.005,2.0,174.0,0,192,168,200,5,192,168,100,5
445.0,46709.0,TCP,0.0,1.0,108.0,0,192,168,100,5,192,168,220,6
445.0,37191.0,TCP,0.0,1.0,108.0,0,192,168,100,5,192,168,220,7
40239.0,445.0,TCP,0.005,2.0,174.0,0,192,168,220,10,192,168,100,5
37191.0,445.0,TCP,0.002,2.0,174.0,0,192,168,220,7,192,168,100,5
445.0,46709.0,TCP,0.0,1.0,108.0,0,192,168,100,5,192,168,220,6
445.0,60689.0,TCP,0.0,1.0,108.0,0,192,168,100,5,192,168,220,13
52321.0,445.0,TCP,0.001,2.0,174.0,0,192,168,220,14,192,168,100,5
51357.0,32781.0,TCP,0.0,1.0,58.0,1,192,168,220,16,192,168,200,9
36190.0,80.0,TCP,0.003,5.0,479.0,1,192,168,220,16,192,168,100,6
40239.0,445.0,TCP,0.005,2.0,174.0,0,192,168,220,10,192,168,100,5
40239.0,445.0,TCP,0.002,2.0,174.0,0,192,168,220,10,192,168,100,5
48888.0,445.0,TCP,0.0,1.0,66.0,0,192,168,220,15,192,168,100,5
445.0,37191.0,TCP,0.0,1.0,108.0,0,192,168,100,5,192,168,220,7
52321.0,445.0,TCP,0.005,2.0,174.0,0,192,168,220,14,192,168,100,5
445.0,48888.0,TCP,0.0,1.0,70.0,0,192,168,100,5,192,168,220,15
60275.0,80.0,TCP,0.004,5.0,479.0,1,192,168,220,16,192,168,100,6
58830.0,80.0,TCP,0.003,5.0,479.0,1,192,168,220,16,192,168,100,6
48888.0,445.0,TCP,0.0,2.0,174.0,0,192,168,220,15,192,168,100,5
445.0,37191.0,TCP,0.0,1.0,108.0,0,192,168,100,5,192,168,220,7
60428.0,80.0,TCP,0.004,5.0,479.0,1,192,168,220,16,192,168,100,6
445.0,58844.0,TCP,0.0,1.0,108.0,0,192,168,100,5,192,168,220,16
59324.0,80.0,TCP,0.004,6.0,545.0,1,192,168,220,16,192,168,100,6
445.0,58844.0,TCP,0.0,1.0,108.0,0,192,168,100,5,192,168,220,16
445.0,46709.0,TCP,0.0,1.0,108.0,0,192,168,100,5,192,168,220,6
48888.0,445.0,TCP,0.002,2.0,174.0,0,192,168,220,15,192,168,100,5
51357.0,548.0,TCP,0.0,1.0,58.0,1,192,168,220,16,192,168,200,2
37884.0,445.0,TCP,0.004,2.0,174.0,0,192,168,220,9,192,168,100,5
57635.0,80.0,TCP,0.003,6.0,545.0,1,192,168,220,16,192,168,100,6
58670.0,80.0,TCP,0.003,5.0,479.0,1,192,168,220,16,192,168,100,6
445.0,51146.0,TCP,0.0,1.0,108.0,0,192,168,100,5,192,168,220,5
57637.0,80.0,TCP,0.005,5.0,479.0,1,192,168,220,16,192,168,100,6
445.0,52321.0,TCP,0.0,1.0,108.0,0,192,168,100,5,192,168,220,14
37201.0,80.0,TCP,0.003,5.0,479.0,1,192,168,220,16,192,168,100,6
137.0,137.0,UDP,0.0,1.0,92.0,0,192,168,220,3,192,168,220,255
43145.0,445.0,TCP,0.004,2.0,174.0,0,192,168,220,4,192,168,100,5
445.0,49511.0,TCP,0.0,1.0,108.0,0,192,168,100,5,192,168,220,12
445.0,51146.0,TCP,0.0,1.0,108.0,0,192,168,100,5,192,168,220,5
445.0,40239.0,TCP,0.0,1.0,108.0,0,192,168,100,5,192,168,220,10
445.0,49511.0,TCP,0.0,1.0,108.0,0,192,168,100,5,192,168,220,12
445.0,37191.0,TCP,0.0,1.0,108.0,0,192,168,100,5,192,168,220,7
37139.0,80.0,TCP,0.004,5.0,479.0,1,192,168,220,16,192,168,100,6
40239.0,445.0,TCP,0.004,2.0,174.0,0,192,168,220,10,192,168,100,5
51358.0,1090.0,TCP,0.0,1.0,58.0,1,192,168,220,16,192,168,200,8
43145.0,445.0,TCP,0.001,2.0,174.0,0,192,168,220,4,192,168,100,5
445.0,34743.0,TCP,0.0,1.0,108.0,0,192,168,100,5,192,168,220,11
35705.0,80.0,TCP,0.003,5.0,479.0,1,192,168,220,16,192,168,100,6
138.0,138.0,UDP,0.0,1.0,262.0,0,192,168,220,15,192,168,220,255
445.0,37191.0,TCP,0.0,1.0,108.0,0,192,168,100,5,192,168,220,7
445.0,49094.0,TCP,0.0,1.0,108.0,0,192,168,100,5,192,168,220,8
57919.0,80.0,TCP,0.004,5.0,479.0,1,192,168,220,16,192,168,100,6
51460.0,25.0,TCP,0.0,1.0,58.0,1,192,168,220,16,192,168,200,5
58564.0,80.0,TCP,0.004,5.0,479.0,1,192,168,220,16,192,168,100,6
445.0,51146.0,TCP,0.0,1.0,108.0,0,192,168,100,5,192,168,220,5
58310.0,80.0,TCP,0.003,5.0,479.0,1,192,168,220,16,192,168,100,6
56713.0,80.0,TCP,0.003,5.0,479.0,1,192,168,220,16,192,168,100,6
51357.0,32778.0,TCP,0.0,1.0,58.0,1,192,168,220,16,192,168,200,1
60689.0,445.0,TCP,0.003,2.0,174.0,0,192,168,220,13,192,168,100,5
58875.0,80.0,TCP,0.005,6.0,545.0,1,192,168,220,16,192,168,100,6
57848.0,80.0,TCP,0.004,5.0,479.0,1,192,168,220,16,192,168,100,6
58844.0,445.0,TCP,0.003,2.0,174.0,0,192,168,220,16,192,168,100,5
587.0,512.0,TCP,0.084,2.0,108.0,0,192,168,100,4,192,168,210,5
46709.0,445.0,TCP,0.0,2.0,174.0,0,192,168,220,6,192,168,100,5
52321.0,445.0,TCP,0.003,2.0,174.0,0,192,168,220,14,192,168,100,5
46709.0,445.0,TCP,0.003,2.0,174.0,0,192,168,220,6,192,168,100,5
46709.0,445.0,TCP,0.0,1.0,66.0,0,192,168,220,6,192,168,100,5
445.0,46709.0,TCP,0.0,1.0,108.0,0,192,168,100,5,192,168,220,6
56690.0,80.0,TCP,0.002,5.0,479.0,1,192,168,220,16,192,168,100,6
445.0,48888.0,TCP,0.0,1.0,70.0,0,192,168,100,5,192,168,220,15
59307.0,80.0,TCP,0.004,5.0,479.0,1,192,168,220,16,192,168,100,6
58523.0,80.0,TCP,0.004,5.0,479.0,1,192,168,220,16,192,168,100,6
58867.0,80.0,TCP,0.005,5.0,479.0,1,192,168,220,16,192,168,100,6
59100.0,80.0,TCP,0.004,5.0,479.0,1,192,168,220,16,192,168,100,6
56976.0,80.0,TCP,0.004,5.0,479.0,1,192,168,220,16,192,168,100,6
445.0,37191.0,TCP,0.0,1.0,108.0,0,192,168,100,5,192,168,220,7
35442.0,80.0,TCP,0.005,5.0,479.0,1,192,168,220,16,192,168,100,6
445.0,40239.0,TCP,0.0,1.0,108.0,0,192,168,100,5,192,168,220,10
445.0,37884.0,TCP,0.0,1.0,108.0,0,192,168,100,5,192,168,220,9
445.0,43183.0,TCP,0.0,1.0,108.0,0,192,168,100,5,192,168,200,4
138.0,138.0,UDP,0.0,1.0,262.0,0,192,168,220,4,192,168,220,255
52321.0,445.0,TCP,0.005,2.0,174.0,0,192,168,220,14,192,168,100,5
58446.0,80.0,TCP,0.006,5.0,479.0,1,192,168,220,16,192,168,100,6
445.0,51146.0,TCP,0.0,1.0,108.0,0,192,168,100,5,192,168,220,5
60689.0,445.0,TCP,0.004,2.0,174.0,0,192,168,220,13,192,168,100,5
58844.0,445.0,TCP,0.0,1.0,66.0,0,192,168,220,16,192,168,100,5
138.0,138.0,UDP,0.0,1.0,262.0,0,192,168,220,5,192,168,220,255
445.0,58844.0,TCP,0.0,1.0,108.0,0,192,168,100,5,192,168,220,16
58968.0,80.0,TCP,0.004,5.0,479.0,1,192,168,220,16,192,168,100,6
35268.0,80.0,TCP,0.004,6.0,545.0,1,192,168,220,16,192,168,100,6
48888.0,445.0,TCP,0.004,2.0,174.0,0,192,168,220,15,192,168,100,5
51357.0,1096.0,TCP,0.0,1.0,58.0,1,192,168,220,16,192,168,200,9
51146.0,445.0,TCP,0.004,2.0,174.0,0,192,168,220,5,192,168,100,5
34743.0,445.0,TCP,0.003,2.0,174.0,0,192,168,220,11,192,168,100,5
445.0,51146.0,TCP,0.0,1.0,108.0,0,192,168,100,5,192,168,220,5
445.0,37191.0,TCP,0.0,1.0,108.0,0,192,168,100,5,192,168,220,7
445.0,49094.0,TCP,0.0,1.0,108.0,0,192,168,100,5,192,168,220,8
445.0,51146.0,TCP,0.0,1.0,108.0,0,192,168,100,5,192,168,100,5
51357.0,1461.0,TCP,0.0,1.0,58.0,1,192,168,220,16,192,168,200,5
59071.0,80.0,TCP,0.006,5.0,479.0,1,192,168,220,16,192,168,100,6
56953.0,80.0,TCP,0.004,6.0,545.0,1,192,168,220,16,192,168,100,6
48888.0,445.0,TCP,0.001,2.0,174.0,0,192,168,220,15,192,168,100,5
55310.0,80.0,TCP,0.005,5.0,479.0,1,192,168,220,16,192,168,100,6
138.0,138.0,UDP,0.0,1.0,262.0,0,192,168,220,11,192,168,220,255
43183.0,445.0,TCP,0.003,2.0,174.0,0,192,168,200,4,192,168,100,5
59013.0,80.0,TCP,0.003,6.0,545.0,1,192,168,220,16,192,168,100,6
57392.0,80.0,TCP,0.005,5.0,479.0,1,192,168,220,16,192,168,100,6
57873.0,80.0,TCP,0.005,5.0,479.0,1,192,168,220,16,192,168,100,6
445.0,52321.0,TCP,0.0,1.0,108.0,0,192,168,100,5,192,168,220,14
34607.0,80.0,TCP,0.004,5.0,479.0,1,192,168,220,16,192,168,100,6
40239.0,445.0,TCP,0.003,2.0,174.0,0,192,168,220,10,192,168,100,5
445.0,43183.0,TCP,0.0,1.0,108.0,0,192,168,100,5,192,168,200,4
445.0,37884.0,TCP,0.0,1.0,108.0,0,192,168,100,5,192,168,220,9
33241.0,80.0,TCP,0.004,5.0,479.0,1,192,168,220,16,192,168,100,6
445.0,37884.0,TCP,0.0,1.0,108.0,0,192,168,100,5,192,168,220,9
35254.0,80.0,TCP,0.003,5.0,479.0,1,192,168,220,16,192,168,100,6
445.0,43183.0,TCP,0.0,1.0,108.0,0,192,168,100,5,192,168,200,4
445.0,46709.0,TCP,0.0,1.0,108.0,0,192,168,100,5,192,168,220,6
57570.0,80.0,TCP,0.003,5.0,479.0,1,192,168,220,16,192,168,100,6
445.0,48888.0,TCP,0.0,1.0,108.0,0,192,168,100,5,192,168,220,15
55458.0,80.0,TCP,0.003,5.0,479.0,1,192,168,220,16,192,168,100,6
445.0,43183.0,TCP,0.0,1.0,108.0,0,192,168,100,5,192,168,200,4
59964.0,80.0,TCP,0.003,5.0,479.0,1,192,168,220,16,192,168,100,6
137.0,137.0,UDP,0.0,1.0,92.0,0,192,168,220,12,192,168,220,255
445.0,43145.0,TCP,0.0,1.0,108.0,0,192,168,100,5,192,168,220,4
445.0,46709.0,TCP,0.0,1.0,108.0,0,192,168,100,5,192,168,220,6
57792.0,80.0,TCP,0.004,5.0,479.0,1,192,168,220,16,192,168,100,6
46709.0,445.0,TCP,0.003,2.0,174.0,0,192,168,220,6,192,168,100,5
49511.0,445.0,TCP,0.003,2.0,174.0,0,192,168,220,12,192,168,100,5
59704.0,80.0,TCP,0.002,6.0,545.0,1,192,168,220,16,192,168,100,6
445.0,51146.0,TCP,0.0,1.0,108.0,0,192,168,100,5,192,168,220,5
33502.0,80.0,TCP,0.002,5.0,479.0,1,192,168,220,16,192,168,100,6
445.0,37191.0,TCP,0.0,1.0,108.0,0,192,168,100,5,192,168,220,7
445.0,51146.0,TCP,0.0,1.0,108.0,0,192,168,100,5,192,168,220,5
137.0,137.0,UDP,0.0,1.0,92.0,0,192,168,220,5,192,168,220,255
445.0,52321.0,TCP,0.0,1.0,108.0,0,192,168,100,5,192,168,220,14
58404.0,80.0,TCP,0.002,6.0,545.0,1,192,168,220,16,192,168,100,6
51357.0,5999.0,TCP,0.0,1.0,58.0,1,192,168,220,16,192,168,200,8
445.0,46808.0,TCP,0.0,1.0,108.0,0,192,168,100,5,192,168,200,5
445.0,46709.0,TCP,0.0,1.0,108.0,0,192,168,100,5,192,168,220,6
57862.0,80.0,TCP,0.004,6.0,545.0,1,192,168,220,16,192,168,100,6
60689.0,445.0,TCP,0.004,2.0,174.0,0,192,168,220,13,192,168,100,5
138.0,138.0,UDP,0.0,1.0,262.0,0,192,168,220,4,192,168,220,255
55372.0,80.0,TCP,0.003,6.0,545.0,1,192,168,220,16,192,168,100,6
58915.0,80.0,TCP,0.005,5.0,479.0,1,192,168,220,16,192,168,100,6
56686.0,80.0,TCP,0.004,5.0,479.0,1,192,168,220,16,192,168,100,6
60274.0,80.0,TCP,0.003,5.0,479.0,1,192,168,220,16,192,168,100,6
445.0,58844.0,TCP,0.0,1.0,108.0,0,192,168,100,5,192,168,220,16
32916.0,80.0,TCP,0.004,5.0,479.0,1,192,168,220,16,192,168,100,6
34743.0,445.0,TCP,0.0,1.0,66.0,0,192,168,220,11,192,168,100,5
60145.0,80.0,TCP,0.003,5.0,479.0,1,192,168,220,16,192,168,100,6
137.0,137.0,UDP,0.0,1.0,92.0,0,192,168,220,3,192,168,220,255
52321.0,445.0,TCP,0.004,2.0,174.0,0,192,168,220,14,192,168,100,5
445.0,43183.0,TCP,0.0,1.0,108.0,0,192,168,100,5,192,168,200,4
137.0,137.0,UDP,0.0,1.0,92.0,0,192,168,220,7,192,168,220,255
137.0,137.0,UDP,0.0,1.0,92.0,0,192,168,220,14,192,168,220,255
60567.0,80.0,TCP,0.006,6.0,545.0,1,192,168,220,16,192,168,100,6
58618.0,80.0,TCP,0.003,5.0,479.0,1,192,168,220,16,192,168,100,6
56098.0,80.0,TCP,0.005,5.0,479.0,1,192,168,220,16,192,168,100,6
32769.0,80.0,TCP,0.006,5.0,479.0,1,192,168,220,16,192,168,100,6
445.0,51146.0,TCP,0.0,1.0,108.0,0,192,168,100,5,192,168,220,5
59449.0,80.0,TCP,0.005,6.0,545.0,1,192,168,220,16,192,168,100,6
32882.0,80.0,TCP,0.004,6.0,545.0,1,192,168,220,16,192,168,100,6
58086.0,80.0,TCP,0.004,5.0,479.0,1,192,168,220,16,192,168,100,6
137.0,137.0,UDP,0.0,1.0,92.0,0,192,168,220,5,192,168,220,255
59160.0,80.0,TCP,0.004,5.0,479.0,1,192,168,220,16,192,168,100,6
36309.0,80.0,TCP,0.003,5.0,479.0,1,192,168,220,16,192,168,100,6
51357.0,50000.0,TCP,0.0,1.0,58.0,1,192,168,220,16,192,168,200,8
51358.0,1104.0,TCP,0.0,1.0,58.0,1,192,168,220,16,192,168,200,2
60735.0,80.0,TCP,0.0069999999999999,6.0,545.0,1,192,168,220,16,192,168,100,6
49094.0,445.0,TCP,0.001,2.0,174.0,0,192,168,220,8,192,168,100,5
58875.0,80.0,TCP,0.003,5.0,479.0,1,192,168,220,16,192,168,100,6
57306.0,80.0,TCP,0.004,5.0,479.0,1,192,168,220,16,192,168,100,6
59099.0,80.0,TCP,0.005,6.0,545.0,1,192,168,220,16,192,168,100,6
58350.0,80.0,TCP,0.006,5.0,479.0,1,192,168,220,16,192,168,100,6
445.0,43145.0,TCP,0.0,1.0,70.0,0,192,168,100,5,192,168,220,4
58844.0,445.0,TCP,0.0,1.0,66.0,0,192,168,220,16,192,168,100,5
445.0,43183.0,TCP,0.0,1.0,108.0,0,192,168,100,5,192,168,200,4
445.0,51146.0,TCP,0.0,1.0,108.0,0,192,168,100,5,192,168,220,5
36661.0,80.0,TCP,0.006,6.0,545.0,1,192,168,220,16,192,168,100,6
33883.0,80.0,TCP,0.003,5.0,479.0,1,192,168,220,16,192,168,100,6
445.0,49511.0,TCP,0.0,1.0,108.0,0,192,168,100,5,192,168,220,12
36206.0,80.0,TCP,0.004,5.0,479.0,1,192,168,220,16,192,168,100,6
445.0,43183.0,TCP,0.0,1.0,108.0,0,192,168,100,5,192,168,200,4
34743.0,445.0,TCP,0.002,2.0,174.0,0,192,168,220,11,192,168,100,5
58376.0,80.0,TCP,0.005,5.0,479.0,1,192,168,220,16,192,168,100,6
33336.0,80.0,TCP,0.006,5.0,479.0,1,192,168,220,16,192,168,100,6
445.0,51146.0,TCP,0.0,1.0,70.0,0,192,168,100,5,192,168,220,5
37884.0,445.0,TCP,0.005,2.0,174.0,0,192,168,220,9,192,168,100,5
59105.0,80.0,TCP,0.006,5.0,479.0,1,192,168,220,16,192,168,100,6
445.0,49094.0,TCP,0.0,1.0,108.0,0,192,168,100,5,192,168,220,8
445.0,34743.0,TCP,0.0,1.0,108.0,0,192,168,100,5,192,168,220,11
48888.0,445.0,TCP,0.001,2.0,174.0,0,192,168,220,15,192,168,100,5
37884.0,445.0,TCP,0.003,2.0,174.0,0,192,168,220,9,192,168,100,5
55869.0,80.0,TCP,0.006,5.0,479.0,1,192,168,220,16,192,168,100,6
37884.0,445.0,TCP,0.005,2.0,174.0,0,192,168,220,9,192,168,100,5
445.0,52321.0,TCP,0.0,1.0,108.0,0,192,168,100,5,192,168,220,14
40239.0,445.0,TCP,0.002,2.0,174.0,0,192,168,220,10,192,168,100,5
55650.0,80.0,TCP,0.004,5.0,479.0,1,192,168,220,16,192,168,100,6
445.0,37191.0,TCP,0.0,1.0,108.0,0,192,168,100,5,192,168,220,7
445.0,49511.0,TCP,0.0,1.0,108.0,0,192,168,100,5,192,168,220,12
49094.0,445.0,TCP,0.003,2.0,174.0,0,192,168,220,8,192,168,100,5
445.0,46808.0,TCP,0.0,1.0,108.0,0,192,168,100,5,192,168,200,5
445.0,43183.0,TCP,0.0,1.0,108.0,0,192,168,100,5,192,168,200,4
59268.0,80.0,TCP,0.003,5.0,479.0,1,192,168,220,16,192,168,100,6
445.0,51146.0,TCP,0.0,1.0,108.0,0,192,168,100,5,192,168,220,5
445.0,40239.0,TCP,0.0,1.0,108.0,0,192,168,100,5,192,168,220,10
37278.0,80.0,TCP,0.006,5.0,479.0,1,192,168,220,16,192,168,100,6
58844.0,445.0,TCP,0.002,2.0,174.0,0,192,168,220,16,192,168,100,5
52321.0,445.0,TCP,0.004,2.0,174.0,0,192,168,220,14,192,168,100,5
37191.0,445.0,TCP,0.005,2.0,174.0,0,192,168,220,7,192,168,100,5
52321.0,445.0,TCP,0.002,2.0,174.0,0,192,168,220,14,192,168,100,5
445.0,43183.0,TCP,0.0,1.0,108.0,0,192,168,100,5,192,168,200,4
445.0,37191.0,TCP,0.0,1.0,108.0,0,192,168,100,5,192,168,220,7
445.0,51146.0,TCP,0.0,1.0,108.0,0,192,168,100,5,192,168,220,5
51357.0,2522.0,TCP,0.0,1.0,58.0,1,192,168,220,16,192,168,200,3
445.0,49094.0,TCP,0.0,1.0,108.0,0,192,168,100,5,192,168,220,8
51146.0,445.0,TCP,0.003,2.0,174.0,0,192,168,220,5,192,168,100,5
52321.0,445.0,TCP,0.003,2.0,174.0,0,192,168,220,14,192,168,100,5
58946.0,80.0,TCP,0.005,5.0,479.0,1,192,168,220,16,192,168,100,6
445.0,37884.0,TCP,0.0,1.0,108.0,0,192,168,100,5,192,168,220,9
445.0,43183.0,TCP,0.0,1.0,108.0,0,192,168,100,5,192,168,200,4
48888.0,445.0,TCP,0.003,2.0,174.0,0,192,168,220,15,192,168,100,5
58005.0,80.0,TCP,0.005,6.0,545.0,1,192,168,220,16,192,168,100,6
58844.0,445.0,TCP,0.001,2.0,174.0,0,192,168,220,16,192,168,100,5
46755.0,7.0,TCP,0.0,1.0,58.0,1,192,168,220,16,192,168,210,4
445.0,49511.0,TCP,0.0,1.0,108.0,0,192,168,100,5,192,168,220,12
43145.0,445.0,TCP,0.002,2.0,174.0,0,192,168,220,4,192,168,100,5
58082.0,80.0,TCP,0.003,5.0,479.0,1,192,168,220,16,192,168,100,6
33373.0,80.0,TCP,0.005,5.0,479.0,1,192,168,220,16,192,168,100,6
35146.0,80.0,TCP,0.004,5.0,479.0,1,192,168,220,16,192,168,100,6
445.0,49094.0,TCP,0.0,1.0,108.0,0,192,168,100,5,192,168,220,8
43145.0,445.0,TCP,0.005,2.0,174.0,0,192,168,220,4,192,168,100,5
34568.0,80.0,TCP,0.003,5.0,479.0,1,192,168,220,16,192,168,100,6
445.0,43145.0,TCP,0.0,1.0,108.0,0,192,168,100,5,192,168,220,4
51358.0,5060.0,TCP,0.0,1.0,58.0,1,192,168,220,16,192,168,200,8
58369.0,80.0,TCP,0.004,6.0,545.0,1,192,168,220,16,192,168,100,6
137.0,137.0,UDP,0.0,1.0,92.0,0,192,168,220,13,192,168,220,255
58809.0,80.0,TCP,0.005,5.0,479.0,1,192,168,220,16,192,168,100,6
445.0,52321.0,TCP,0.0,1.0,108.0,0,192,168,100,5,192,168,220,14
445.0,43183.0,TCP,0.0,1.0,70.0,0,192,168,100,5,192,168,200,4
138.0,138.0,UDP,0.0,2.0,517.0,0,192,168,210,3,192,168,210,255
48888.0,445.0,TCP,0.003,2.0,174.0,0,192,168,220,15,192,168,100,5
37191.0,445.0,TCP,0.004,2.0,174.0,0,192,168,220,7,192,168,100,5
49094.0,445.0,TCP,0.005,2.0,174.0,0,192,168,220,8,192,168,100,5
51146.0,445.0,TCP,0.004,2.0,174.0,0,192,168,220,5,192,168,100,5
445.0,58844.0,TCP,0.0,1.0,108.0,0,192,168,100,5,192,168,220,16
43145.0,445.0,TCP,0.004,2.0,174.0,0,192,168,220,4,192,168,100,5
57764.0,80.0,TCP,0.005,5.0,479.0,1,192,168,220,16,192,168,100,6
445.0,58844.0,TCP,0.0,1.0,108.0,0,192,168,100,5,192,168,220,16
445.0,52321.0,TCP,0.0,1.0,108.0,0,192,168,100,5,192,168,220,14
55775.0,80.0,TCP,0.004,5.0,479.0,1,192,168,220,16,192,168,100,6
57989.0,80.0,TCP,0.003,5.0,479.0,1,192,168,220,16,192,168,100,6
37884.0,445.0,TCP,0.002,2.0,174.0,0,192,168,220,9,192,168,100,5
59051.0,80.0,TCP,0.004,5.0,479.0,1,192,168,220,16,192,168,100,6
52321.0,445.0,TCP,0.0,1.0,66.0,0,192,168,220,14,192,168,100,5
35303.0,80.0,TCP,0.004,6.0,545.0,1,192,168,220,16,192,168,100,6
49094.0,445.0,TCP,0.006,2.0,174.0,0,192,168,220,8,192,168,100,5
35271.0,80.0,TCP,0.005,5.0,479.0,1,192,168,220,16,192,168,100,6
35199.0,80.0,TCP,0.003,5.0,479.0,1,192,168,220,16,192,168,100,6
58626.0,80.0,TCP,0.005,6.0,545.0,1,192,168,220,16,192,168,100,6
46755.0,8443.0,TCP,0.0,1.0,58.0,1,192,168,220,16,192,168,210,4
445.0,52321.0,TCP,0.089,2.0,178.0,0,192,168,100,5,192,168,220,14
32865.0,80.0,TCP,0.002,5.0,479.0,1,192,168,220,16,192,168,100,6
48888.0,445.0,TCP,0.003,2.0,174.0,0,192,168,220,15,192,168,100,5
445.0,40239.0,TCP,0.0,1.0,108.0,0,192,168,100,5,192,168,220,10
35121.0,80.0,TCP,0.003,5.0,479.0,1,192,168,220,16,192,168,100,6
445.0,40239.0,TCP,0.0,1.0,108.0,0,192,168,100,5,192,168,220,10
33649.0,80.0,TCP,0.004,5.0,479.0,1,192,168,220,16,192,168,100,6
49511.0,445.0,TCP,0.001,2.0,174.0,0,192,168,220,12,192,168,100,5
59369.0,80.0,TCP,0.005,5.0,479.0,1,192,168,220,16,192,168,100,6
51357.0,49.0,TCP,0.0,1.0,58.0,1,192,168,220,16,192,168,200,5
137.0,137.0,UDP,0.0,1.0,92.0,0,192,168,220,6,192,168,220,255
445.0,60689.0,TCP,0.0,1.0,108.0,0,192,168,100,5,192,168,220,13
59206.0,80.0,TCP,0.004,5.0,479.0,1,192,168,220,16,192,168,100,6
445.0,48888.0,TCP,0.0,1.0,108.0,0,192,168,100,5,192,168,220,15
445.0,37191.0,TCP,0.0,1.0,70.0,0,192,168,100,5,192,168,220,7
59443.0,80.0,TCP,0.004,6.0,545.0,1,192,168,220,16,192,168,100,6
51357.0,3289.0,TCP,0.0,1.0,58.0,1,192,168,220,16,192,168,200,4
58844.0,445.0,TCP,0.003,2.0,174.0,0,192,168,220,16,192,168,100,5
51357.0,9500.0,TCP,0.0,1.0,58.0,1,192,168,220,16,192,168,200,2
46709.0,445.0,TCP,0.003,2.0,174.0,0,192,168,220,6,192,168,100,5
137.0,137.0,UDP,0.0,1.0,92.0,0,192,168,220,5,192,168,220,255
59077.0,80.0,TCP,0.003,5.0,479.0,1,192,168,220,16,192,168,100,6
43183.0,445.0,TCP,0.0,1.0,66.0,0,192,168,200,4,192,168,100,5
46709.0,445.0,TCP,0.005,2.0,174.0,0,192,168,220,6,192,168,100,5
57524.0,80.0,TCP,0.004,6.0,545.0,1,192,168,220,16,192,168,100,6
49094.0,445.0,TCP,0.002,2.0,174.0,0,192,168,220,8,192,168,100,5
60764.0,80.0,TCP,0.002,5.0,479.0,1,192,168,220,16,192,168,100,6
58028.0,80.0,TCP,0.003,5.0,479.0,1,192,168,220,16,192,168,100,6
60114.0,80.0,TCP,0.004,5.0,479.0,1,192,168,220,16,192,168,100,6
60635.0,80.0,TCP,0.004,5.0,479.0,1,192,168,220,16,192,168,100,6
60444.0,80.0,TCP,0.004,6.0,545.0,1,192,168,220,16,192,168,100,6
51357.0,4444.0,TCP,0.0,1.0,58.0,1,192,168,220,16,192,168,200,4
445.0,46808.0,TCP,0.0,1.0,108.0,0,192,168,100,5,192,168,200,5
445.0,46808.0,TCP,0.0,1.0,108.0,0,192,168,100,5,192,168,200,5
445.0,37191.0,TCP,0.0,1.0,108.0,0,192,168,100,5,192,168,220,7
58510.0,80.0,TCP,0.005,5.0,479.0,1,192,168,220,16,192,168,100,6
445.0,49511.0,TCP,0.0,1.0,108.0,0,192,168,100,5,192,168,220,12
80.0,49163.0,TCP,0.0,1.0,74.0,0,192,168,100,6,192,168,220,4
58444.0,80.0,TCP,0.004,5.0,479.0,1,192,168,220,16,192,168,100,6
59383.0,80.0,TCP,0.004,5.0,479.0,1,192,168,220,16,192,168,100,6
55321.0,80.0,TCP,0.002,5.0,479.0,1,192,168,220,16,192,168,100,6
37884.0,445.0,TCP,0.002,2.0,174.0,0,192,168,220,9,192,168,100,5
445.0,48888.0,TCP,0.0,1.0,108.0,0,192,168,100,5,192,168,220,15
445.0,52321.0,TCP,0.0,1.0,108.0,0,192,168,100,5,192,168,220,14
58844.0,445.0,TCP,0.004,2.0,174.0,0,192,168,220,16,192,168,100,5
445.0,60689.0,TCP,0.0,1.0,108.0,0,192,168,100,5,192,168,220,13
36012.0,80.0,TCP,0.003,5.0,479.0,1,192,168,220,16,192,168,100,6
445.0,40239.0,TCP,0.0,1.0,108.0,0,192,168,100,5,192,168,220,10
36069.0,80.0,TCP,0.004,5.0,479.0,1,192,168,220,16,192,168,100,6
59056.0,80.0,TCP,0.003,6.0,545.0,1,192,168,220,16,192,168,100,6
51357.0,1729.0,TCP,0.0,1.0,58.0,1,192,168,220,16,192,168,200,1
49094.0,445.0,TCP,0.004,2.0,174.0,0,192,168,220,8,192,168,100,5
59097.0,80.0,TCP,0.002,5.0,479.0,1,192,168,220,16,192,168,100,6
60288.0,80.0,TCP,0.002,5.0,479.0,1,192,168,220,16,192,168,100,6
52321.0,445.0,TCP,0.003,2.0,174.0,0,192,168,220,14,192,168,100,5
445.0,46808.0,TCP,0.0,1.0,108.0,0,192,168,100,5,192,168,200,5
58372.0,80.0,TCP,0.005,6.0,545.0,1,192,168,220,16,192,168,100,6
445.0,52321.0,TCP,0.0,1.0,108.0,0,192,168,100,5,192,168,220,14
445.0,34743.0,TCP,0.0,2.0,178.0,0,192,168,100,5,192,168,220,11
37191.0,445.0,TCP,0.002,2.0,174.0,0,192,168,220,7,192,168,100,5
37191.0,445.0,TCP,0.002,2.0,174.0,0,192,168,220,7,192,168,100,5
35152.0,80.0,TCP,0.005,5.0,479.0,1,192,168,220,16,192,168,100,6
445.0,40911.0,TCP,0.0,1.0,108.0,0,192,168,100,5,192,168,220,10
60689.0,445.0,TCP,0.001,2.0,174.0,0,192,168,220,13,192,168,100,5
60660.0,80.0,TCP,0.006,6.0,545.0,1,192,168,220,16,192,168,100,6
58386.0,80.0,TCP,0.004,6.0,545.0,1,192,168,220,16,192,168,100,6
58412.0,80.0,TCP,0.004,5.0,479.0,1,192,168,220,16,192,168,100,6
59752.0,80.0,TCP,0.005,6.0,545.0,1,192,168,220,16,192,168,100,6
46709.0,445.0,TCP,0.004,2.0,174.0,0,192,168,220,6,192,168,100,5
60569.0,80.0,TCP,0.004,5.0,479.0,1,192,168,220,16,192,168,100,6
46808.0,445.0,TCP,0.003,2.0,174.0,0,192,168,200,5,192,168,100,5
43145.0,445.0,TCP,0.005,2.0,174.0,0,192,168,220,4,192,168,100,5
58008.0,80.0,TCP,0.004,6.0,545.0,1,192,168,220,16,192,168,100,6
51357.0,1072.0,TCP,0.0,1.0,58.0,1,192,168,220,16,192,168,200,2
46808.0,445.0,TCP,0.004,2.0,174.0,0,192,168,200,5,192,168,100,5
36241.0,80.0,TCP,0.004,6.0,545.0,1,192,168,220,16,192,168,100,6
445.0,37191.0,TCP,0.0,1.0,108.0,0,192,168,100,5,192,168,220,7
445.0,52321.0,TCP,0.0,1.0,108.0,0,192,168,100,5,192,168,220,14
445.0,51146.0,TCP,0.0,1.0,108.0,0,192,168,100,5,192,168,220,5
46709.0,445.0,TCP,0.003,2.0,174.0,0,192,168,220,6,192,168,100,5
59165.0,80.0,TCP,0.001,5.0,479.0,1,192,168,220,16,192,168,100,6
57777.0,80.0,TCP,0.005,5.0,479.0,1,192,168,220,16,192,168,100,6
35386.0,80.0,TCP,0.003,5.0,479.0,1,192,168,220,16,192,168,100,6
445.0,48888.0,TCP,0.0,1.0,108.0,0,192,168,100,5,192,168,220,15
445.0,46709.0,TCP,0.0,1.0,108.0,0,192,168,100,5,192,168,220,6
40239.0,445.0,TCP,0.004,2.0,174.0,0,192,168,220,10,192,168,100,5
52321.0,445.0,TCP,0.003,2.0,174.0,0,192,168,220,14,192,168,100,5
59976.0,80.0,TCP,0.006,5.0,479.0,1,192,168,220,16,192,168,100,6
58331.0,80.0,TCP,0.004,5.0,479.0,1,192,168,220,16,192,168,100,6
58315.0,80.0,TCP,0.003,5.0,479.0,1,192,168,220,16,192,168,100,6
48888.0,445.0,TCP,0.001,2.0,174.0,0,192,168,220,15,192,168,100,5
445.0,37191.0,TCP,0.0,1.0,108.0,0,192,168,100,5,192,168,220,7
587.0,80.0,TCP,0.006,534.0,545.0,0,192,168,220,4,192,168,100,6
58372.0,80.0,TCP,0.003,5.0,479.0,1,192,168,220,16,192,168,100,6
59095.0,80.0,TCP,0.006,6.0,545.0,1,192,168,220,16,192,168,100,6
445.0,52321.0,TCP,0.0,1.0,70.0,0,192,168,100,5,192,168,220,14
57860.0,80.0,TCP,0.004,5.0,479.0,1,192,168,220,16,192,168,100,6
59094.0,80.0,TCP,0.002,6.0,545.0,1,192,168,220,16,192,168,100,6
445.0,37884.0,TCP,0.0,1.0,108.0,0,192,168,100,5,192,168,220,9
137.0,137.0,UDP,0.0,1.0,92.0,0,192,168,220,10,192,168,220,255
59062.0,80.0,TCP,0.005,5.0,479.0,1,192,168,220,16,192,168,100,6
445.0,46709.0,TCP,0.0,1.0,108.0,0,192,168,100,5,192,168,220,6
43183.0,445.0,TCP,0.005,2.0,174.0,0,192,168,200,4,192,168,100,5
59093.0,80.0,TCP,0.003,5.0,479.0,1,192,168,220,16,192,168,100,6
37503.0,80.0,TCP,0.005,5.0,479.0,1,192,168,220,16,192,168,100,6
34743.0,445.0,TCP,0.0,1.0,66.0,0,192,168,220,11,192,168,100,5
587.0,48437.0,TCP,0.005,5.0,479.0,0,192,168,100,4,192,168,220,6
58083.0,80.0,TCP,0.004,6.0,545.0,1,192,168,220,16,192,168,100,6
48888.0,445.0,TCP,0.004,2.0,174.0,0,192,168,220,15,192,168,100,5
60376.0,80.0,TCP,0.003,5.0,479.0,1,192,168,220,16,192,168,100,6
58720.0,80.0,TCP,0.004,5.0,479.0,1,192,168,220,16,192,168,100,6
58844.0,445.0,TCP,0.0,1.0,66.0,0,192,168,220,16,192,168,100,5
49511.0,445.0,TCP,0.004,2.0,174.0,0,192,168,220,12,192,168,100,5
37884.0,445.0,TCP,0.001,2.0,174.0,0,192,168,220,9,192,168,100,5
60522.0,80.0,TCP,0.0069999999999999,5.0,479.0,1,192,168,220,16,192,168,100,6
445.0,37884.0,TCP,0.0,1.0,108.0,0,192,168,100,5,192,168,220,9
48888.0,445.0,TCP,0.003,2.0,174.0,0,192,168,220,15,192,168,100,5
445.0,48888.0,TCP,0.0,1.0,108.0,0,192,168,100,5,192,168,220,15
59077.0,80.0,TCP,0.005,5.0,479.0,1,192,168,220,16,192,168,100,6
445.0,51146.0,TCP,1.1,2.0,178.0,0,192,168,100,5,192,168,220,5
51357.0,7001.0,TCP,0.0,1.0,58.0,1,192,168,220,16,192,168,200,9
58267.0,80.0,TCP,0.004,5.0,479.0,1,192,168,220,16,192,168,100,6
445.0,43145.0,TCP,0.0,1.0,108.0,0,192,168,100,5,192,168,220,4
56692.0,80.0,TCP,0.004,5.0,479.0,1,192,168,220,16,192,168,100,6
57833.0,80.0,TCP,0.005,5.0,479.0,1,192,168,220,16,192,168,100,6
445.0,37884.0,TCP,0.0,1.0,70.0,0,192,168,100,5,192,168,220,9
52321.0,445.0,TCP,0.003,2.0,174.0,0,192,168,220,14,192,168,100,5
51357.0,548.0,TCP,0.0,1.0,58.0,1,192,168,220,16,192,168,200,1
34743.0,445.0,TCP,0.004,2.0,174.0,0,192,168,220,11,192,168,100,5
59093.0,80.0,TCP,0.004,5.0,479.0,1,192,168,220,16,192,168,100,6
60135.0,80.0,TCP,0.005,6.0,545.0,1,192,168,220,16,192,168,100,6
35087.0,80.0,TCP,0.006,5.0,479.0,1,192,168,220,16,192,168,100,6
51146.0,445.0,TCP,0.005,2.0,174.0,0,192,168,220,5,192,168,100,5
51146.0,445.0,TCP,0.002,2.0,174.0,0,192,168,220,5,192,168,100,5
445.0,48888.0,TCP,0.0,1.0,70.0,0,192,168,100,5,192,168,220,15
57762.0,80.0,TCP,0.001,5.0,479.0,1,192,168,220,16,192,168,100,6
37191.0,445.0,TCP,0.0,1.0,66.0,0,192,168,220,7,192,168,100,5
445.0,34743.0,TCP,0.096,2.0,178.0,0,192,168,100,5,192,168,220,11
52321.0,445.0,TCP,0.002,2.0,174.0,0,192,168,220,14,192,168,100,5
58844.0,445.0,TCP,0.001,2.0,174.0,0,192,168,220,16,192,168,100,5
58844.0,445.0,TCP,0.0,2.0,174.0,0,192,168,220,16,192,168,100,5
60690.0,80.0,TCP,0.005,5.0,479.0,1,192,168,220,16,192,168,100,6
445.0,43145.0,TCP,0.0,1.0,70.0,0,192,168,100,5,192,168,220,4
57264.0,80.0,TCP,0.006,5.0,479.0,1,192,168,220,16,192,168,100,6
137.0,137.0,UDP,0.0,1.0,92.0,0,192,168,200,5,192,168,200,255
445.0,43145.0,TCP,0.0,1.0,108.0,0,192,168,100,5,192,168,220,4
60774.0,80.0,TCP,0.004,5.0,479.0,1,192,168,220,16,192,168,100,6
51416.0,25.0,TCP,0.0,1.0,58.0,1,192,168,220,16,192,168,200,5
51357.0,1034.0,TCP,0.0,1.0,58.0,1,192,168,220,16,192,168,200,1
34430.0,80.0,TCP,0.004,5.0,479.0,1,192,168,220,16,192,168,100,6
60460.0,80.0,TCP,0.002,6.0,545.0,1,192,168,220,16,192,168,100,6
445.0,46808.0,TCP,0.0,1.0,108.0,0,192,168,100,5,192,168,200,5
58080.0,80.0,TCP,0.006,5.0,479.0,1,192,168,220,16,192,168,100,6
49511.0,445.0,TCP,0.004,2.0,174.0,0,192,168,220,12,192,168,100,5
445.0,60689.0,TCP,0.0,1.0,108.0,0,192,168,100,5,192,168,220,13
46709.0,445.0,TCP,0.002,2.0,174.0,0,192,168,220,6,192,168,100,5
51473.0,25.0,TCP,0.0,1.0,58.0,1,192,168,220,16,192,168,200,5
445.0,60689.0,TCP,0.0,1.0,108.0,0,192,168,100,5,192,168,220,13
46755.0,15002.0,TCP,0.0,1.0,58.0,1,192,168,220,16,192,168,210,2
51146.0,445.0,TCP,0.004,2.0,174.0,0,192,168,220,5,192,168,100,5
58540.0,80.0,TCP,0.002,5.0,479.0,1,192,168,220,16,192,168,100,6
60682.0,80.0,TCP,0.005,5.0,479.0,1,192,168,220,16,192,168,100,6
58443.0,80.0,TCP,0.004,6.0,545.0,1,192,168,220,16,192,168,100,6
138.0,138.0,UDP,0.0,1.0,262.0,0,192,168,220,12,192,168,220,255
34823.0,80.0,TCP,0.002,6.0,545.0,1,192,168,220,16,192,168,100,6
60689.0,445.0,TCP,0.001,2.0,174.0,0,192,168,220,13,192,168,100,5
46709.0,445.0,TCP,0.0,1.0,66.0,0,192,168,220,6,192,168,100,5
43145.0,445.0,TCP,0.004,2.0,174.0,0,192,168,220,4,192,168,100,5
49094.0,445.0,TCP,0.002,2.0,174.0,0,192,168,220,8,192,168,100,5
56806.0,80.0,TCP,0.001,6.0,545.0,1,192,168,220,16,192,168,100,6
35152.0,80.0,TCP,0.006,5.0,479.0,1,192,168,220,16,192,168,100,6
57840.0,80.0,TCP,0.003,5.0,479.0,1,192,168,220,16,192,168,100,6
60689.0,445.0,TCP,0.001,2.0,174.0,0,192,168,220,13,192,168,100,5
51357.0,1098.0,TCP,0.0,1.0,58.0,1,192,168,220,16,192,168,200,9
59874.0,80.0,TCP,0.005,5.0,479.0,1,192,168,220,16,192,168,100,6
445.0,37884.0,TCP,0.0,1.0,108.0,0,192,168,100,5,192,168,220,9
445.0,37191.0,TCP,0.0,1.0,108.0,0,192,168,100,5,192,168,220,7
59071.0,80.0,TCP,0.006,6.0,545.0,1,192,168,220,16,192,168,100,6
35042.0,80.0,TCP,0.003,5.0,479.0,1,192,168,220,16,192,168,100,6
40239.0,445.0,TCP,0.006,2.0,174.0,0,192,168,220,10,192,168,100,5
48888.0,445.0,TCP,0.0,1.0,66.0,0,192,168,220,15,192,168,100,5
40239.0,445.0,TCP,0.005,2.0,174.0,0,192,168,220,10,192,168,100,5
46709.0,445.0,TCP,0.002,2.0,174.0,0,192,168,220,6,192,168,100,5
445.0,49511.0,TCP,0.0,1.0,108.0,0,192,168,100,5,192,168,220,12
35346.0,80.0,TCP,0.003,5.0,479.0,1,192,168,220,16,192,168,100,6
445.0,48888.0,TCP,0.0,1.0,108.0,0,192,168,100,5,192,168,220,15
49094.0,445.0,TCP,0.001,2.0,174.0,0,192,168,220,8,192,168,100,5
52321.0,445.0,TCP,0.003,2.0,174.0,0,192,168,220,14,192,168,100,5
59077.0,80.0,TCP,0.001,6.0,545.0,1,192,168,220,16,192,168,100,6
46808.0,445.0,TCP,0.002,2.0,174.0,0,192,168,200,5,192,168,100,5
49511.0,445.0,TCP,0.004,2.0,174.0,0,192,168,220,12,192,168,100,5
48888.0,445.0,TCP,0.005,2.0,174.0,0,192,168,220,15,192,168,100,5
57888.0,80.0,TCP,0.004,5.0,479.0,1,192,168,220,16,192,168,100,6
37191.0,445.0,TCP,0.006,2.0,174.0,0,192,168,220,7,192,168,100,5
59098.0,80.0,TCP,0.005,5.0,479.0,1,192,168,220,16,192,168,100,6
51146.0,445.0,TCP,0.003,2.0,174.0,0,192,168,220,5,192,168,100,5
46756.0,8087.0,TCP,0.0,1.0,58.0,1,192,168,220,16,192,168,210,2
59915.0,80.0,TCP,0.004,5.0,479.0,1,192,168,220,16,192,168,100,6
59105.0,80.0,TCP,0.002,5.0,479.0,1,192,168,220,16,192,168,100,6
445.0,52321.0,TCP,0.0,1.0,108.0,0,192,168,100,5,192,168,220,14
59514.0,80.0,TCP,0.001,5.0,479.0,1,192,168,220,16,192,168,100,6
59868.0,80.0,TCP,0.004,5.0,479.0,1,192,168,220,16,192,168,100,6
138.0,138.0,UDP,0.0,1.0,262.0,0,192,168,220,5,192,168,220,255
46709.0,445.0,TCP,0.002,2.0,174.0,0,192,168,220,6,192,168,100,5
46709.0,445.0,TCP,0.003,2.0,174.0,0,192,168,220,6,192,168,100,5
59712.0,80.0,TCP,0.006,6.0,545.0,1,192,168,220,16,192,168,100,6
445.0,34743.0,TCP,1.096,2.0,178.0,0,192,168,100,5,192,168,220,11
58270.0,80.0,TCP,0.004,5.0,479.0,1,192,168,220,16,192,168,100,6
57307.0,80.0,TCP,0.003,6.0,545.0,1,192,168,220,16,192,168,100,6
445.0,46808.0,TCP,0.0,1.0,108.0,0,192,168,100,5,192,168,200,5
445.0,52321.0,TCP,0.0,1.0,108.0,0,192,168,100,5,192,168,220,14
37191.0,445.0,TCP,0.002,2.0,174.0,0,192,168,220,7,192,168,100,5
58844.0,445.0,TCP,0.003,2.0,174.0,0,192,168,220,16,192,168,100,5
137.0,137.0,UDP,0.0,1.0,92.0,0,192,168,220,7,192,168,220,255
137.0,137.0,UDP,0.0,1.0,92.0,0,192,168,220,14,192,168,220,255
137.0,137.0,UDP,0.0,1.0,92.0,0,192,168,220,15,192,168,220,255
57843.0,80.0,TCP,0.003,5.0,479.0,1,192,168,220,16,192,168,100,6
3389.0,137.0,UDP,0.0,1.0,92.0,0,192,168,220,11,192,168,220,255
58844.0,445.0,TCP,0.003,2.0,174.0,0,192,168,220,16,192,168,100,5
445.0,58844.0,TCP,0.0,1.0,108.0,0,192,168,100,5,192,168,220,16
52321.0,445.0,TCP,0.002,2.0,174.0,0,192,168,220,14,192,168,100,5
40239.0,445.0,TCP,0.003,2.0,174.0,0,192,168,220,10,192,168,100,5
445.0,43183.0,TCP,0.0,1.0,108.0,0,192,168,100,5,192,168,200,4
35406.0,80.0,TCP,0.003,5.0,479.0,1,192,168,220,16,192,168,100,6
59549.0,80.0,TCP,0.005,5.0,479.0,1,192,168,220,16,192,168,100,6
60396.0,80.0,TCP,0.006,5.0,479.0,1,192,168,220,16,192,168,100,6
58333.0,80.0,TCP,0.006,5.0,479.0,1,192,168,220,16,192,168,100,6
58637.0,80.0,TCP,0.006,5.0,479.0,1,192,168,220,16,192,168,100,6
445.0,34743.0,TCP,0.0,1.0,70.0,0,192,168,100,5,192,168,220,11
58844.0,445.0,TCP,0.005,2.0,174.0,0,192,168,220,16,192,168,100,5
51357.0,1097.0,TCP,0.0,1.0,58.0,1,192,168,220,16,192,168,200,1
37999.0,80.0,TCP,0.006,6.0,545.0,1,192,168,220,16,192,168,100,6
445.0,46709.0,TCP,0.0,1.0,108.0,0,192,168,100,5,192,168,220,6
445.0,43145.0,TCP,0.0,1.0,108.0,0,192,168,100,5,192,168,220,4
58844.0,445.0,TCP,0.002,2.0,174.0,0,192,168,220,16,192,168,100,5
445.0,43145.0,TCP,0.0,1.0,108.0,0,192,168,100,5,192,168,220,4
46709.0,445.0,TCP,0.004,2.0,174.0,0,192,168,220,6,192,168,100,5
34123.0,80.0,TCP,0.004,5.0,479.0,1,192,168,220,16,192,168,100,6
34024.0,80.0,TCP,0.006,5.0,479.0,1,192,168,220,16,192,168,100,6
58416.0,80.0,TCP,0.005,5.0,479.0,1,192,168,220,16,192,168,100,6
445.0,52321.0,TCP,0.0,1.0,108.0,0,192,168,100,5,192,168,220,14
51358.0,2390.0,TCP,0.0,1.0,58.0,1,192,168,220,16,192,168,200,8
445.0,37884.0,TCP,0.0,1.0,108.0,0,192,168,100,5,192,168,220,9
35306.0,80.0,TCP,0.004,5.0,479.0,1,192,168,220,16,192,168,100,6
0.0,8.0,ICMP,0.0,1.0,42.0,1,192,168,220,16,192,168,210,0
32875.0,80.0,TCP,0.005,6.0,545.0,1,192,168,220,16,192,168,100,6
56003.0,80.0,TCP,0.005,5.0,479.0,1,192,168,220,16,192,168,100,6
32901.0,80.0,TCP,0.006,5.0,479.0,1,192,168,220,16,192,168,100,6
37191.0,445.0,TCP,0.0,1.0,66.0,0,192,168,220,7,192,168,100,5
36278.0,80.0,TCP,0.005,6.0,545.0,1,192,168,220,16,192,168,100,6
46709.0,445.0,TCP,0.002,2.0,174.0,0,192,168,220,6,192,168,100,5
57853.0,80.0,TCP,0.004,5.0,479.0,1,192,168,220,16,192,168,100,6
138.0,138.0,UDP,0.0,1.0,262.0,0,192,168,220,12,192,168,220,255
58899.0,80.0,TCP,0.003,5.0,479.0,1,192,168,220,16,192,168,100,6
445.0,51146.0,TCP,0.0,1.0,70.0,0,192,168,100,5,192,168,220,5
51357.0,4001.0,TCP,0.0,1.0,58.0,1,192,168,220,16,192,168,200,1
51358.0,766.0,TCP,0.0,1.0,58.0,1,192,168,220,16,192,168,200,8
52321.0,445.0,TCP,0.003,2.0,174.0,0,192,168,220,14,192,168,100,5
46808.0,445.0,TCP,0.003,2.0,174.0,0,192,168,200,5,192,168,100,5
51357.0,1720.0,TCP,0.0,1.0,58.0,1,192,168,220,16,192,168,200,4
58643.0,80.0,TCP,0.004,5.0,479.0,1,192,168,220,16,192,168,100,6
445.0,46808.0,TCP,0.0,1.0,108.0,0,192,168,100,5,192,168,200,5
445.0,43183.0,TCP,0.0,1.0,108.0,0,192,168,100,5,192,168,200,4
445.0,40239.0,TCP,0.0,1.0,70.0,0,192,168,100,5,192,168,220,10
51358.0,5925.0,TCP,0.0,1.0,58.0,1,192,168,220,16,192,168,200,8
58844.0,445.0,TCP,0.004,2.0,174.0,0,192,168,220,16,192,168,100,5
0.0,8.0,ICMP,0.0,1.0,42.0,1,192,168,220,16,192,168,210,5
57957.0,80.0,TCP,0.005,6.0,545.0,1,192,168,220,16,192,168,100,6
445.0,60689.0,TCP,0.0,1.0,108.0,0,192,168,100,5,192,168,220,13
60370.0,80.0,TCP,0.004,5.0,479.0,1,192,168,220,16,192,168,100,6
35353.0,80.0,TCP,0.006,5.0,479.0,1,192,168,220,16,192,168,100,6
445.0,37191.0,TCP,0.0,1.0,108.0,0,192,168,100,5,192,168,220,7
445.0,60689.0,TCP,0.0,1.0,108.0,0,192,168,100,5,192,168,220,13
57839.0,80.0,TCP,0.005,6.0,545.0,1,192,168,220,16,192,168,100,6
51146.0,445.0,TCP,0.004,2.0,174.0,0,192,168,220,5,192,168,100,5
59757.0,80.0,TCP,0.004,5.0,479.0,1,192,168,220,16,192,168,100,6
445.0,49511.0,TCP,0.0,1.0,108.0,0,192,168,100,5,192,168,220,12
36279.0,80.0,TCP,0.006,5.0,479.0,1,192,168,220,16,192,168,100,6
36201.0,80.0,TCP,0.005,5.0,479.0,1,192,168,220,16,192,168,100,6
33162.0,80.0,TCP,0.005,5.0,479.0,0,192,168,220,11,192,168,100,6
5907.0,80.0,TCP,0.005,5.0,479.0,1,192,168,220,16,192,168,100,6
60785.0,80.0,TCP,0.004,5.0,479.0,1,192,168,220,16,192,168,100,6
445.0,37884.0,TCP,0.0,1.0,108.0,0,192,168,100,5,192,168,220,9
58269.0,80.0,TCP,0.003,5.0,479.0,1,192,168,220,16,192,168,100,6
51357.0,2190.0,TCP,0.0,1.0,58.0,1,192,168,220,16,192,168,200,8
36245.0,80.0,TCP,0.005,5.0,479.0,1,192,168,220,16,192,168,100,6
46709.0,445.0,TCP,0.003,2.0,174.0,0,192,168,220,6,192,168,100,5
59143.0,80.0,TCP,0.005,6.0,545.0,1,192,168,220,16,192,168,100,6
445.0,48888.0,TCP,0.0,1.0,108.0,0,192,168,100,5,192,168,220,15
51357.0,467.0,TCP,0.0,1.0,58.0,1,192,168,220,16,192,168,200,5
34743.0,445.0,TCP,0.003,2.0,174.0,0,192,168,220,11,192,168,100,5
445.0,49511.0,TCP,0.0,1.0,108.0,0,192,168,100,5,192,168,220,12
445.0,37191.0,TCP,0.0,1.0,108.0,0,192,168,100,5,192,168,220,7
60689.0,445.0,TCP,0.002,2.0,174.0,0,192,168,220,13,192,168,100,5
58470.0,80.0,TCP,0.006,6.0,545.0,1,192,168,220,16,192,168,100,6
58960.0,80.0,TCP,0.003,5.0,479.0,1,192,168,220,16,192,168,100,6
37884.0,445.0,TCP,0.002,2.0,174.0,0,192,168,220,9,192,168,100,5
35083.0,80.0,TCP,0.006,5.0,479.0,1,192,168,220,16,192,168,100,6
35077.0,80.0,TCP,0.003,5.0,479.0,1,192,168,220,16,192,168,100,6
35805.0,80.0,TCP,0.003,5.0,479.0,1,192,168,220,16,192,168,100,6
59827.0,80.0,TCP,0.004,5.0,479.0,1,192,168,220,16,192,168,100,6
35182.0,80.0,TCP,0.0069999999999999,5.0,479.0,1,192,168,220,16,192,168,100,6
32914.0,80.0,TCP,0.005,5.0,479.0,1,192,168,220,16,192,168,100,6
49511.0,445.0,TCP,0.005,2.0,174.0,0,192,168,220,12,192,168,100,5
51357.0,25.0,TCP,0.0,1.0,58.0,1,192,168,220,16,192,168,200,5
34743.0,445.0,TCP,0.002,2.0,174.0,0,192,168,220,11,192,168,100,5
59331.0,80.0,TCP,0.005,5.0,479.0,1,192,168,220,16,192,168,100,6
59733.0,80.0,TCP,0.003,5.0,479.0,1,192,168,220,16,192,168,100,6
35254.0,80.0,TCP,0.003,5.0,479.0,1,192,168,220,16,192,168,100,6
37129.0,80.0,TCP,0.002,5.0,479.0,1,192,168,220,16,192,168,100,6
445.0,40239.0,TCP,0.0,1.0,108.0,0,192,168,100,5,192,168,220,10
57380.0,80.0,TCP,0.004,5.0,479.0,1,192,168,220,16,192,168,100,6
37191.0,445.0,TCP,0.002,2.0,174.0,0,192,168,220,7,192,168,100,5
445.0,49094.0,TCP,0.0,1.0,108.0,0,192,168,100,5,192,168,220,8
51357.0,9093.0,TCP,0.0,1.0,58.0,1,192,168,220,16,192,168,200,4
35070.0,80.0,TCP,0.005,5.0,479.0,1,192,168,220,16,192,168,100,6
58063.0,80.0,TCP,0.005,6.0,545.0,1,192,168,220,16,192,168,100,6
46808.0,445.0,TCP,0.004,2.0,174.0,0,192,168,200,5,192,168,100,5
37191.0,445.0,TCP,0.003,2.0,174.0,0,192,168,220,7,192,168,100,5
40239.0,445.0,TCP,0.004,2.0,174.0,0,192,168,220,10,192,168,100,5
445.0,58844.0,TCP,0.0,1.0,108.0,0,192,168,100,5,192,168,220,16
59627.0,80.0,TCP,0.003,5.0,479.0,1,192,168,220,16,192,168,100,6
59764.0,80.0,TCP,0.005,6.0,545.0,1,192,168,220,16,192,168,100,6
445.0,40239.0,TCP,0.0,1.0,108.0,0,192,168,100,5,192,168,220,10
51357.0,9593.0,TCP,0.0,1.0,58.0,1,192,168,220,16,192,168,200,3
445.0,48888.0,TCP,0.0,1.0,108.0,0,192,168,100,5,192,168,220,15
43145.0,445.0,TCP,0.002,2.0,174.0,0,192,168,220,4,192,168,100,5
445.0,58844.0,TCP,0.0,1.0,108.0,0,192,168,100,5,192,168,220,16
51357.0,8084.0,TCP,0.0,1.0,58.0,1,192,168,220,16,192,168,200,2
34736.0,80.0,TCP,0.002,5.0,479.0,1,192,168,220,16,192,168,100,6
58624.0,80.0,TCP,0.005,5.0,479.0,1,192,168,220,16,192,168,100,6
46808.0,445.0,TCP,0.002,2.0,174.0,0,192,168,200,5,192,168,100,5
445.0,46808.0,TCP,0.0,1.0,66.0,0,192,168,200,5,192,168,100,5
46709.0,445.0,TCP,0.0,1.0,66.0,0,192,168,220,6,192,168,100,5
445.0,43145.0,TCP,0.0,1.0,108.0,0,192,168,100,5,192,168,220,4
56944.0,80.0,TCP,0.004,5.0,479.0,1,192,168,220,16,192,168,100,6
33879.0,80.0,TCP,0.005,5.0,479.0,1,192,168,220,16,192,168,100,6
445.0,48888.0,TCP,0.0,1.0,108.0,0,192,168,100,5,192,168,220,15
59747.0,80.0,TCP,0.004,6.0,545.0,1,192,168,220,16,192,168,100,6
445.0,51146.0,TCP,0.0,1.0,108.0,0,192,168,100,5,192,168,220,5
445.0,40239.0,TCP,0.0,1.0,108.0,0,192,168,100,5,192,168,220,10
48888.0,445.0,TCP,0.004,2.0,174.0,0,192,168,220,15,192,168,100,5
46709.0,445.0,TCP,0.006,2.0,174.0,0,192,168,220,6,192,168,100,5
51357.0,8084.0,TCP,0.0,1.0,58.0,1,192,168,220,16,192,168,200,5
37203.0,80.0,TCP,0.004,5.0,479.0,1,192,168,220,16,192,168,100,6
58917.0,80.0,TCP,0.004,5.0,479.0,1,192,168,220,16,192,168,100,6
60763.0,80.0,TCP,0.003,6.0,545.0,1,192,168,220,16,192,168,100,6
445.0,37884.0,TCP,0.0,1.0,108.0,0,192,168,100,5,192,168,220,9
445.0,46709.0,TCP,0.0,1.0,108.0,0,192,168,100,5,192,168,220,6
59281.0,80.0,TCP,0.006,6.0,545.0,1,192,168,220,16,192,168,100,6
51146.0,445.0,TCP,0.002,2.0,174.0,0,192,168,220,5,192,168,100,5
51357.0,7100.0,TCP,0.0,1.0,58.0,1,192,168,220,16,192,168,200,2
60689.0,445.0,TCP,0.004,2.0,174.0,0,192,168,220,13,192,168,100,5
57299.0,80.0,TCP,0.006,5.0,479.0,1,192,168,220,16,192,168,100,6
40239.0,445.0,TCP,0.004,2.0,174.0,0,192,168,220,10,192,168,100,5
34024.0,80.0,TCP,0.003,6.0,545.0,1,192,168,220,16,192,168,100,6
58324.0,80.0,TCP,0.002,5.0,479.0,1,192,168,220,16,192,168,100,6
58844.0,445.0,TCP,0.003,2.0,174.0,0,192,168,220,16,192,168,100,5
138.0,138.0,UDP,0.0,1.0,262.0,0,192,168,220,8,192,168,220,255
445.0,60689.0,TCP,0.0,1.0,108.0,0,192,168,100,5,192,168,220,13
587.0,56699.0,TCP,0.08,12.0,546.0,0,192,168,100,4,192,168,220,6
37282.0,80.0,TCP,0.005,5.0,479.0,1,192,168,220,16,192,168,100,6
52321.0,445.0,TCP,0.003,2.0,174.0,0,192,168,220,14,192,168,100,5
58927.0,80.0,TCP,0.003,6.0,545.0,1,192,168,220,16,192,168,100,6
137.0,137.0,UDP,0.0,1.0,92.0,0,192,168,220,5,192,168,220,255
445.0,43145.0,TCP,0.0,1.0,108.0,0,192,168,100,5,192,168,220,4
58445.0,80.0,TCP,0.006,5.0,479.0,1,192,168,220,16,192,168,100,6
58844.0,445.0,TCP,0.005,2.0,174.0,0,192,168,220,16,192,168,100,5
43145.0,445.0,TCP,0.004,2.0,174.0,0,192,168,220,4,192,168,100,5
58844.0,445.0,TCP,0.004,2.0,174.0,0,192,168,220,16,192,168,100,5
57915.0,80.0,TCP,0.006,5.0,479.0,1,192,168,220,16,192,168,100,6
445.0,52321.0,TCP,0.0,1.0,108.0,0,192,168,100,5,192,168,220,14
137.0,137.0,UDP,0.0,1.0,92.0,1,192,168,220,16,192,168,220,255
445.0,40239.0,TCP,0.0,1.0,108.0,0,192,168,100,5,192,168,220,10
445.0,58844.0,TCP,0.0,1.0,108.0,0,192,168,100,5,192,168,220,16
445.0,40239.0,TCP,0.0,1.0,70.0,0,192,168,100,5,192,168,220,10
60683.0,80.0,TCP,0.005,5.0,479.0,1,192,168,220,16,192,168,100,6
445.0,46709.0,TCP,0.0,1.0,108.0,0,192,168,100,5,192,168,220,6
34221.0,80.0,TCP,0.004,5.0,479.0,1,192,168,220,16,192,168,100,6
137.0,137.0,UDP,0.0,1.0,92.0,0,192,168,220,5,192,168,220,255
445.0,49511.0,TCP,0.0,1.0,108.0,0,192,168,100,5,192,168,220,12
60590.0,80.0,TCP,0.004,6.0,545.0,1,192,168,220,16,192,168,100,6
445.0,46808.0,TCP,0.0,1.0,70.0,0,192,168,100,5,192,168,200,5
59957.0,80.0,TCP,0.005,5.0,479.0,1,192,168,220,16,192,168,100,6
60689.0,445.0,TCP,0.002,2.0,174.0,0,192,168,220,13,192,168,100,5
445.0,58844.0,TCP,0.0,1.0,108.0,0,192,168,100,5,192,168,220,16
43183.0,445.0,TCP,0.002,2.0,174.0,0,192,168,200,4,192,168,100,5
445.0,46709.0,TCP,0.0,1.0,108.0,0,192,168,100,5,192,168,220,6
445.0,46709.0,TCP,0.0,1.0,108.0,0,192,168,100,5,192,168,220,6
46709.0,445.0,TCP,0.004,2.0,174.0,0,192,168,220,6,192,168,100,5
445.0,49511.0,TCP,0.0,1.0,108.0,0,192,168,100,5,192,168,220,12
445.0,43145.0,TCP,0.0,1.0,108.0,0,192,168,100,5,192,168,220,4
59094.0,80.0,TCP,0.002,5.0,479.0,1,192,168,220,16,192,168,100,6
55589.0,80.0,TCP,0.003,5.0,479.0,1,192,168,220,16,192,168,100,6
445.0,43145.0,TCP,0.0,1.0,108.0,0,192,168,100,5,192,168,220,4
34506.0,80.0,TCP,0.003,5.0,479.0,1,192,168,220,16,192,168,100,6
445.0,48888.0,TCP,0.0,1.0,108.0,0,192,168,100,5,192,168,220,15
445.0,49094.0,TCP,0.0,1.0,108.0,0,192,168,100,5,192,168,220,8
40239.0,445.0,TCP,0.0,1.0,66.0,0,192,168,220,10,192,168,100,5
57949.0,80.0,TCP,0.006,5.0,479.0,1,192,168,220,16,192,168,100,6
51146.0,445.0,TCP,0.0,1.0,66.0,0,192,168,220,5,192,168,100,5
445.0,48888.0,TCP,0.0,1.0,108.0,0,192,168,100,5,192,168,220,15
445.0,60689.0,TCP,0.0,1.0,108.0,0,192,168,100,5,192,168,220,13
59615.0,80.0,TCP,0.002,6.0,545.0,1,192,168,220,16,192,168,100,6
57704.0,80.0,TCP,0.004,6.0,545.0,1,192,168,220,16,192,168,100,6
34254.0,80.0,TCP,0.005,6.0,545.0,1,192,168,220,16,192,168,100,6
445.0,37191.0,TCP,0.0,1.0,108.0,0,192,168,100,5,192,168,220,7
445.0,46709.0,TCP,0.0,1.0,108.0,0,192,168,100,5,192,168,220,6
59752.0,80.0,TCP,0.003,5.0,479.0,1,192,168,220,16,192,168,100,6
57955.0,80.0,TCP,0.004,5.0,479.0,1,192,168,220,16,192,168,100,6
51146.0,445.0,TCP,0.004,2.0,174.0,0,192,168,220,5,192,168,100,5
33808.0,80.0,TCP,0.004,5.0,479.0,1,192,168,220,16,192,168,100,6
57915.0,80.0,TCP,0.004,5.0,479.0,1,192,168,220,16,192,168,100,6
445.0,43145.0,TCP,0.0,1.0,108.0,0,192,168,100,5,192,168,220,4
56004.0,80.0,TCP,0.004,5.0,479.0,1,192,168,220,16,192,168,100,6
445.0,48888.0,TCP,0.0,1.0,108.0,0,192,168,100,5,192,168,220,15
445.0,46709.0,TCP,0.0,1.0,108.0,0,192,168,100,5,192,168,220,6
59092.0,80.0,TCP,0.003,5.0,479.0,1,192,168,220,16,192,168,100,6
59333.0,80.0,TCP,0.01,6.0,545.0,1,192,168,220,16,192,168,100,6
34516.0,80.0,TCP,0.004,6.0,545.0,1,192,168,220,16,192,168,100,6
58470.0,80.0,TCP,0.004,6.0,545.0,1,192,168,220,16,192,168,100,6
445.0,40239.0,TCP,0.0,1.0,108.0,0,192,168,100,5,192,168,220,10
46709.0,445.0,TCP,0.003,2.0,174.0,0,192,168,220,6,192,168,100,5
137.0,137.0,UDP,0.0,1.0,92.0,0,192,168,220,5,192,168,220,255
34743.0,445.0,TCP,0.004,2.0,174.0,0,192,168,220,11,192,168,100,5
37191.0,445.0,TCP,0.002,2.0,174.0,0,192,168,220,7,192,168,100,5
34574.0,80.0,TCP,0.003,5.0,479.0,1,192,168,220,16,192,168,100,6
58775.0,80.0,TCP,0.005,6.0,545.0,1,192,168,220,16,192,168,100,6
445.0,52321.0,TCP,0.0,1.0,108.0,0,192,168,100,5,192,168,220,14
46709.0,445.0,TCP,0.005,2.0,174.0,0,192,168,220,6,192,168,100,5
445.0,58844.0,TCP,0.0,1.0,108.0,0,192,168,100,5,192,168,220,16
137.0,137.0,UDP,0.0,1.0,92.0,0,192,168,220,4,192,168,220,255
51414.0,25.0,TCP,0.0,1.0,58.0,1,192,168,220,16,192,168,200,8
59822.0,80.0,TCP,0.004,5.0,479.0,1,192,168,220,16,192,168,100,6
46808.0,445.0,TCP,0.003,2.0,174.0,0,192,168,200,5,192,168,100,5
60440.0,80.0,TCP,0.006,6.0,545.0,1,192,168,220,16,192,168,100,6
445.0,48888.0,TCP,0.0,1.0,108.0,0,192,168,100,5,192,168,220,15
46808.0,445.0,TCP,0.0,1.0,66.0,0,192,168,200,5,192,168,100,5
60829.0,80.0,TCP,0.005,5.0,479.0,1,192,168,220,16,192,168,100,6
137.0,137.0,UDP,0.0,1.0,92.0,0,192,168,220,14,192,168,220,255
58292.0,80.0,TCP,0.0069999999999999,5.0,479.0,1,192,168,220,16,192,168,100,6
51146.0,445.0,TCP,0.003,2.0,174.0,0,192,168,220,5,192,168,100,5
57957.0,80.0,TCP,0.004,5.0,479.0,1,192,168,220,16,192,168,100,6
35036.0,80.0,TCP,0.005,5.0,479.0,1,192,168,220,16,192,168,100,6
445.0,52321.0,TCP,0.0,1.0,108.0,0,192,168,100,5,192,168,220,14
60689.0,445.0,TCP,0.003,2.0,174.0,0,192,168,220,13,192,168,100,5
137.0,137.0,UDP,0.0,1.0,92.0,0,192,168,100,4,192,168,100,255
51357.0,5044.0,TCP,0.0,1.0,58.0,1,192,168,220,16,192,168,200,5
59513.0,80.0,TCP,0.004,5.0,479.0,1,192,168,220,16,192,168,100,6
59281.0,80.0,TCP,0.005,6.0,545.0,1,192,168,220,16,192,168,100,6
35242.0,80.0,TCP,0.005,5.0,479.0,1,192,168,220,16,192,168,100,6
35754.0,80.0,TCP,0.003,5.0,479.0,1,192,168,220,16,192,168,100,6
60689.0,445.0,TCP,0.004,2.0,174.0,0,192,168,220,13,192,168,100,5
51357.0,7106.0,TCP,0.0,1.0,58.0,1,192,168,220,16,192,168,200,3
445.0,37191.0,TCP,0.0,1.0,108.0,0,192,168,100,5,192,168,220,7
57844.0,80.0,TCP,0.005,5.0,479.0,1,192,168,220,16,192,168,100,6
58622.0,80.0,TCP,0.004,5.0,479.0,1,192,168,220,16,192,168,100,6
57523.0,80.0,TCP,0.004,5.0,479.0,1,192,168,220,16,192,168,100,6
51146.0,445.0,TCP,0.004,2.0,174.0,0,192,168,220,5,192,168,100,5
60689.0,445.0,TCP,0.002,2.0,174.0,0,192,168,220,13,192,168,100,5
445.0,40239.0,TCP,0.0,1.0,108.0,0,192,168,100,5,192,168,220,10
34090.0,80.0,TCP,0.004,5.0,479.0,1,192,168,220,16,192,168,100,6
445.0,40239.0,TCP,0.0,1.0,108.0,0,192,168,100,5,192,168,220,10
445.0,43145.0,TCP,0.0,1.0,108.0,0,192,168,100,5,192,168,220,4
445.0,58844.0,TCP,0.0,1.0,108.0,0,192,168,100,5,192,168,220,16
40239.0,445.0,TCP,0.0,1.0,66.0,0,192,168,220,10,192,168,100,5
58063.0,80.0,TCP,0.003,5.0,479.0,1,192,168,220,16,192,168,100,6
37884.0,445.0,TCP,0.0,1.0,66.0,0,192,168,220,9,192,168,100,5
137.0,137.0,UDP,0.0,1.0,92.0,0,192,168,200,4,192,168,200,255
59717.0,80.0,TCP,0.003,6.0,545.0,1,192,168,220,16,192,168,100,6
137.0,137.0,UDP,0.0,1.0,92.0,0,192,168,220,9,192,168,220,255
51358.0,643.0,TCP,0.0,1.0,58.0,1,192,168,220,16,192,168,200,8
445.0,46808.0,TCP,0.0,1.0,108.0,0,192,168,100,5,192,168,200,5
49094.0,445.0,TCP,0.005,2.0,174.0,0,192,168,220,8,192,168,100,5
49094.0,445.0,TCP,0.0,2.0,174.0,0,192,168,220,8,192,168,100,5
34144.0,80.0,TCP,0.005,5.0,479.0,1,192,168,220,16,192,168,100,6
46756.0,3351.0,TCP,0.0,1.0,58.0,1,192,168,220,16,192,168,210,5
51357.0,2043.0,TCP,0.0,1.0,58.0,1,192,168,220,16,192,168,200,2
51357.0,49094.0,TCP,0.0,1.0,58.0,1,192,168,220,16,192,168,200,2
60677.0,80.0,TCP,0.004,5.0,479.0,1,192,168,220,16,192,168,100,6
55283.0,80.0,TCP,0.0069999999999999,6.0,545.0,1,192,168,220,16,192,168,100,6
60689.0,445.0,TCP,0.002,2.0,174.0,0,192,168,220,13,192,168,100,5
445.0,51146.0,TCP,0.0,1.0,108.0,0,192,168,100,5,192,168,220,5
57727.0,80.0,TCP,0.004,5.0,479.0,1,192,168,220,16,192,168,100,6
59699.0,80.0,TCP,0.004,5.0,479.0,1,192,168,220,16,192,168,100,6
51146.0,445.0,TCP,0.001,2.0,174.0,0,192,168,220,5,192,168,100,5
137.0,137.0,UDP,0.0,1.0,92.0,0,192,168,220,16,192,168,220,255
445.0,48888.0,TCP,0.0,1.0,108.0,0,192,168,100,5,192,168,220,15
445.0,46709.0,TCP,0.0,1.0,70.0,0,192,168,100,5,192,168,220,6
445.0,49511.0,TCP,0.0,1.0,108.0,0,192,168,100,5,192,168,220,12
137.0,137.0,UDP,0.0,1.0,92.0,0,192,168,220,6,192,168,220,255
445.0,58844.0,TCP,0.0,1.0,108.0,0,192,168,100,5,192,168,220,16
34743.0,445.0,TCP,0.002,2.0,174.0,0,192,168,220,11,192,168,100,5
445.0,52321.0,TCP,0.0,1.0,108.0,0,192,168,100,5,192,168,220,14
60216.0,80.0,TCP,0.004,5.0,479.0,1,192,168,220,16,192,168,100,6
57702.0,80.0,TCP,0.003,5.0,479.0,1,192,168,220,16,192,168,100,6
58844.0,445.0,TCP,0.005,2.0,174.0,0,192,168,220,16,192,168,100,5
445.0,40239.0,TCP,0.0,1.0,108.0,0,192,168,100,5,192,168,220,10
51357.0,3071.0,TCP,0.0,1.0,58.0,1,192,168,220,16,192,168,200,8
57973.0,80.0,TCP,0.002,5.0,479.0,1,192,168,220,16,192,168,100,6
58641.0,80.0,TCP,0.006,6.0,545.0,1,192,168,220,16,192,168,100,6
58692.0,80.0,TCP,0.003,5.0,479.0,1,192,168,220,16,192,168,100,6
34806.0,80.0,TCP,0.003,5.0,479.0,1,192,168,220,16,192,168,100,6
34803.0,80.0,TCP,0.004,6.0,545.0,1,192,168,220,16,192,168,100,6
445.0,52321.0,TCP,0.0,1.0,108.0,0,192,168,100,5,192,168,220,14
55620.0,80.0,TCP,0.005,6.0,545.0,1,192,168,220,16,192,168,100,6
445.0,37884.0,TCP,0.0,1.0,108.0,0,192,168,100,5,192,168,220,9
138.0,138.0,UDP,0.0,1.0,262.0,0,192,168,100,5,192,168,100,255
57221.0,80.0,TCP,0.002,5.0,479.0,1,192,168,220,16,192,168,100,6
445.0,34743.0,TCP,0.0,1.0,108.0,0,192,168,100,5,192,168,220,11
34743.0,445.0,TCP,0.0,1.0,66.0,0,192,168,220,11,192,168,100,5
445.0,46808.0,TCP,0.0,1.0,108.0,0,192,168,100,5,192,168,200,5
445.0,49094.0,TCP,0.0,1.0,108.0,0,192,168,100,5,192,168,220,8
445.0,49511.0,TCP,0.0,1.0,108.0,0,192,168,100,5,192,168,220,12
49094.0,445.0,TCP,0.002,2.0,174.0,0,192,168,220,8,192,168,100,5
57799.0,80.0,TCP,0.006,5.0,479.0,1,192,168,220,16,192,168,100,6
60689.0,445.0,TCP,0.004,2.0,174.0,0,192,168,220,13,192,168,100,5
445.0,48888.0,TCP,0.0,1.0,108.0,0,192,168,100,5,192,168,220,15
445.0,52321.0,TCP,0.0,1.0,108.0,0,192,168,100,5,192,168,220,14
137.0,137.0,UDP,0.0,1.0,92.0,0,192,168,200,5,192,168,200,255
35341.0,80.0,TCP,0.006,5.0,479.0,1,192,168,220,16,192,168,100,6
59321.0,80.0,TCP,0.006,5.0,479.0,1,192,168,220,16,192,168,100,6
445.0,40239.0,TCP,0.0,1.0,108.0,0,192,168,100,5,192,168,220,10
51357.0,1083.0,TCP,0.0,1.0,58.0,1,192,168,220,16,192,168,200,2
445.0,58844.0,TCP,0.0,1.0,70.0,0,192,168,100,5,192,168,220,16
138.0,138.0,UDP,0.0,1.0,262.0,0,192,168,220,7,192,168,220,255
40239.0,445.0,TCP,0.003,2.0,174.0,0,192,168,220,10,192,168,100,5
445.0,51146.0,TCP,0.0,1.0,108.0,0,192,168,100,5,192,168,220,5
68.0,67.0,UDP,0.0,1.0,342.0,0,192,168,220,7,192,168,220,2
37884.0,445.0,TCP,0.004,2.0,174.0,0,192,168,220,9,192,168,100,5
43145.0,445.0,TCP,0.003,2.0,174.0,0,192,168,220,4,192,168,100,5
59071.0,80.0,TCP,0.005,5.0,479.0,1,192,168,220,16,192,168,100,6
445.0,58844.0,TCP,0.0,1.0,108.0,0,192,168,100,5,192,168,220,16
445.0,37884.0,TCP,0.0,1.0,108.0,0,192,168,100,5,192,168,220,9
34248.0,80.0,TCP,0.004,6.0,545.0,1,192,168,220,16,192,168,100,6
59174.0,80.0,TCP,0.003,5.0,479.0,1,192,168,220,16,192,168,100,6
445.0,34743.0,TCP,0.0,1.0,108.0,0,192,168,100,5,192,168,220,11
57969.0,80.0,TCP,0.006,5.0,479.0,1,192,168,220,16,192,168,100,6
58844.0,445.0,TCP,0.001,2.0,174.0,0,192,168,220,16,192,168,100,5
58864.0,80.0,TCP,0.004,6.0,545.0,1,192,168,220,16,192,168,100,6
43183.0,445.0,TCP,0.004,2.0,174.0,0,192,168,200,4,192,168,100,5
59386.0,80.0,TCP,0.004,6.0,545.0,1,192,168,220,16,192,168,100,6
60565.0,80.0,TCP,0.005,5.0,479.0,1,192,168,220,16,192,168,100,6
59918.0,80.0,TCP,0.006,5.0,479.0,1,192,168,220,16,192,168,100,6
445.0,37884.0,TCP,0.0,1.0,108.0,0,192,168,100,5,192,168,220,9
56784.0,80.0,TCP,0.003,5.0,479.0,1,192,168,220,16,192,168,100,6
35607.0,80.0,TCP,0.006,5.0,479.0,1,192,168,220,16,192,168,100,6
43183.0,445.0,TCP,0.002,2.0,174.0,0,192,168,200,4,192,168,100,5
57517.0,80.0,TCP,0.003,5.0,479.0,1,192,168,220,16,192,168,100,6
57534.0,80.0,TCP,0.004,6.0,545.0,1,192,168,220,16,192,168,100,6
445.0,60689.0,TCP,0.0,1.0,108.0,0,192,168,100,5,192,168,220,13
34199.0,80.0,TCP,0.004,5.0,479.0,1,192,168,220,16,192,168,100,6
445.0,49094.0,TCP,0.0,1.0,108.0,0,192,168,100,5,192,168,220,8
60061.0,80.0,TCP,0.005,6.0,545.0,1,192,168,220,16,192,168,100,6
51357.0,2161.0,TCP,0.0,1.0,58.0,1,192,168,220,16,192,168,200,5
48888.0,445.0,TCP,0.002,2.0,174.0,0,192,168,220,15,192,168,100,5
445.0,52321.0,TCP,0.0,1.0,108.0,0,192,168,100,5,192,168,220,14
60942.0,80.0,TCP,0.004,5.0,479.0,1,192,168,220,16,192,168,100,6
137.0,137.0,UDP,0.0,1.0,92.0,0,192,168,220,13,192,168,220,255
58844.0,445.0,TCP,0.003,2.0,174.0,0,192,168,220,16,192,168,100,5
51357.0,1273.0,TCP,0.0,1.0,58.0,1,192,168,220,16,192,168,200,1
57772.0,80.0,TCP,0.004,6.0,545.0,1,192,168,220,16,192,168,100,6
445.0,49157.0,TCP,0.0,1.0,108.0,0,192,168,100,5,192,168,200,4
59136.0,80.0,TCP,0.003,5.0,479.0,1,192,168,220,16,192,168,100,6
51357.0,5904.0,TCP,0.0,1.0,58.0,1,192,168,220,16,192,168,200,4
59498.0,80.0,TCP,0.006,5.0,479.0,1,192,168,220,16,192,168,100,6
445.0,51146.0,TCP,0.0,1.0,108.0,0,192,168,100,5,192,168,220,5
51358.0,2011.0,TCP,0.0,1.0,58.0,1,192,168,220,16,192,168,200,9
33157.0,80.0,TCP,0.003,5.0,479.0,1,192,168,220,16,192,168,100,6
59676.0,80.0,TCP,0.006,6.0,545.0,1,192,168,220,16,192,168,100,6
445.0,58844.0,TCP,0.0,1.0,108.0,0,192,168,100,5,192,168,220,16
56924.0,80.0,TCP,0.002,5.0,479.0,1,192,168,220,16,192,168,100,6
51446.0,25.0,TCP,0.0,1.0,58.0,1,192,168,220,16,192,168,200,5
51357.0,1301.0,TCP,0.0,1.0,58.0,1,192,168,220,16,192,168,200,5
51358.0,1087.0,TCP,0.0,1.0,58.0,1,192,168,220,16,192,168,200,9
445.0,46808.0,TCP,0.0,1.0,108.0,0,192,168,100,5,192,168,200,5
51357.0,1718.0,TCP,0.0,1.0,58.0,1,192,168,220,16,192,168,200,3
137.0,137.0,UDP,0.0,1.0,92.0,0,192,168,220,8,192,168,220,255
445.0,60689.0,TCP,0.0,1.0,108.0,0,192,168,100,5,192,168,220,13
445.0,37884.0,TCP,0.0,1.0,108.0,0,192,168,100,5,192,168,220,9
57295.0,80.0,TCP,0.003,6.0,545.0,1,192,168,220,16,192,168,100,6
55279.0,80.0,TCP,0.003,5.0,479.0,1,192,168,220,16,192,168,100,6
58094.0,80.0,TCP,0.005,5.0,479.0,1,192,168,220,16,192,168,100,6
58211.0,80.0,TCP,0.004,5.0,479.0,1,192,168,220,16,192,168,100,6
445.0,52321.0,TCP,0.0,1.0,108.0,0,192,168,100,5,192,168,220,14
58023.0,80.0,TCP,0.006,6.0,545.0,1,192,168,220,16,192,168,100,6
137.0,137.0,UDP,0.0,1.0,92.0,0,192,168,220,10,192,168,220,255
445.0,51146.0,TCP,0.0,1.0,70.0,0,192,168,100,5,192,168,220,5
445.0,60689.0,TCP,0.0,1.0,108.0,0,192,168,100,5,192,168,220,13
49511.0,445.0,TCP,0.002,2.0,174.0,0,192,168,220,12,192,168,100,5
137.0,137.0,UDP,0.0,1.0,92.0,0,192,168,220,15,192,168,220,255
445.0,51146.0,TCP,0.0,1.0,108.0,0,192,168,100,5,192,168,220,5
137.0,137.0,UDP,0.0,1.0,92.0,0,192,168,220,10,192,168,220,255
51357.0,3037.0,TCP,0.0,1.0,58.0,1,192,168,220,16,192,168,200,9
51357.0,3825.0,TCP,0.0,1.0,58.0,1,192,168,220,16,192,168,200,5
60546.0,80.0,TCP,0.004,5.0,479.0,1,192,168,220,16,192,168,100,6
58808.0,80.0,TCP,0.003,6.0,545.0,1,192,168,220,16,192,168,100,6
51357.0,1523.0,TCP,0.0,1.0,58.0,1,192,168,220,16,192,168,200,5
57545.0,80.0,TCP,0.005,5.0,479.0,1,192,168,220,16,192,168,100,6
56824.0,80.0,TCP,0.005,5.0,479.0,1,192,168,220,16,192,168,100,6
445.0,60689.0,TCP,0.0,1.0,108.0,0,192,168,100,5,192,168,220,13
35875.0,80.0,TCP,0.004,5.0,479.0,1,192,168,220,16,192,168,100,6
58615.0,80.0,TCP,0.004,6.0,545.0,1,192,168,220,16,192,168,100,6
49094.0,445.0,TCP,0.002,2.0,174.0,0,192,168,220,8,192,168,100,5
35030.0,80.0,TCP,0.004,6.0,545.0,1,192,168,220,16,192,168,100,6
57732.0,80.0,TCP,0.003,5.0,479.0,1,192,168,220,16,192,168,100,6
58844.0,445.0,TCP,0.0,1.0,66.0,0,192,168,220,16,192,168,100,5
445.0,37884.0,TCP,0.0,1.0,108.0,0,192,168,100,5,192,168,220,9
56124.0,80.0,TCP,0.003,5.0,479.0,1,192,168,220,16,192,168,100,6
49094.0,445.0,TCP,0.0,1.0,66.0,0,192,168,220,8,192,168,100,5
49094.0,445.0,TCP,0.004,2.0,174.0,0,192,168,220,8,192,168,100,5
51357.0,554.0,TCP,0.0,1.0,58.0,1,192,168,220,16,192,168,200,1
43145.0,445.0,TCP,0.0,1.0,66.0,0,192,168,220,4,192,168,100,5
51413.0,25.0,TCP,0.0,1.0,58.0,1,192,168,220,16,192,168,200,2
445.0,43145.0,TCP,0.0,1.0,108.0,0,192,168,100,5,192,168,220,4
51146.0,445.0,TCP,0.001,2.0,174.0,0,192,168,220,5,192,168,100,5
43145.0,445.0,TCP,0.003,2.0,174.0,0,192,168,220,4,192,168,100,5
137.0,137.0,UDP,0.0,1.0,92.0,0,192,168,220,4,192,168,220,255
137.0,137.0,UDP,0.0,1.0,92.0,0,192,168,220,12,192,168,220,255
445.0,52321.0,TCP,0.0,1.0,108.0,0,192,168,100,5,192,168,220,14
445.0,34743.0,TCP,0.0,1.0,70.0,0,192,168,100,5,192,168,220,11
51146.0,445.0,TCP,0.003,2.0,174.0,0,192,168,220,5,192,168,100,5
57917.0,80.0,TCP,0.004,5.0,479.0,1,192,168,220,16,192,168,100,6
445.0,60689.0,TCP,0.0,1.0,108.0,0,192,168,100,5,192,168,220,13
58648.0,80.0,TCP,0.004,5.0,479.0,1,192,168,220,16,192,168,100,6
58618.0,80.0,TCP,0.004,5.0,479.0,1,192,168,220,16,192,168,100,6
58694.0,80.0,TCP,0.003,5.0,479.0,1,192,168,220,16,192,168,100,6
445.0,51146.0,TCP,0.0,1.0,108.0,0,192,168,100,5,192,168,220,5
137.0,137.0,UDP,0.0,1.0,92.0,0,192,168,220,7,192,168,220,255
46709.0,445.0,TCP,0.004,2.0,174.0,0,192,168,220,6,192,168,100,5
445.0,46709.0,TCP,0.0,1.0,108.0,0,192,168,100,5,192,168,220,6
138.0,138.0,UDP,0.0,1.0,262.0,0,192,168,200,4,192,168,200,255
60458.0,80.0,TCP,0.006,5.0,479.0,1,192,168,220,16,192,168,100,6
445.0,51146.0,TCP,0.0,1.0,108.0,0,192,168,100,5,192,168,220,5
59188.0,80.0,TCP,0.005,6.0,545.0,1,192,168,220,16,192,168,100,6
37196.0,80.0,TCP,0.002,5.0,479.0,1,192,168,220,16,192,168,100,6
60322.0,80.0,TCP,0.005,6.0,545.0,1,192,168,220,16,192,168,100,6
58294.0,80.0,TCP,0.004,5.0,479.0,1,192,168,220,16,192,168,100,6
51357.0,487.0,TCP,0.0,1.0,58.0,1,192,168,220,16,192,168,200,5
138.0,138.0,UDP,0.0,1.0,262.0,0,192,168,220,6,192,168,220,255
51357.0,25.0,TCP,0.0,1.0,58.0,1,192,168,220,16,192,168,200,3
60689.0,80.0,TCP,0.003,5.0,479.0,1,192,168,220,16,192,168,100,6
37191.0,445.0,TCP,0.0,1.0,66.0,0,192,168,220,7,192,168,100,5
60454.0,80.0,TCP,0.005,5.0,479.0,1,192,168,220,16,192,168,100,6
51357.0,10001.0,TCP,0.0,1.0,58.0,1,192,168,220,16,192,168,200,4
57349.0,80.0,TCP,0.003,6.0,545.0,1,192,168,220,16,192,168,100,6
445.0,37191.0,TCP,0.0,1.0,108.0,0,192,168,100,5,192,168,220,7
445.0,37884.0,TCP,0.0,1.0,108.0,0,192,168,100,5,192,168,220,9
51357.0,2200.0,TCP,0.0,1.0,58.0,1,192,168,220,16,192,168,200,1
445.0,60689.0,TCP,0.0,1.0,70.0,0,192,168,100,5,192,168,220,13
60449.0,80.0,TCP,0.003,5.0,479.0,1,192,168,220,16,192,168,100,6
34743.0,445.0,TCP,0.0,2.0,174.0,0,192,168,220,11,192,168,100,5
445.0,40239.0,TCP,0.0,1.0,108.0,0,192,168,100,5,192,168,220,10
59070.0,80.0,TCP,0.004,5.0,479.0,1,192,168,220,16,192,168,100,6
445.0,37884.0,TCP,0.0,1.0,70.0,0,192,168,100,5,192,168,220,9
59899.0,80.0,TCP,0.002,6.0,545.0,1,192,168,220,16,192,168,100,6
35206.0,80.0,TCP,0.006,5.0,479.0,1,192,168,220,16,192,168,100,6
43183.0,445.0,TCP,0.003,2.0,174.0,0,192,168,200,4,192,168,100,5
60723.0,80.0,TCP,0.003,6.0,545.0,1,192,168,220,16,192,168,100,6
445.0,46709.0,TCP,0.0,1.0,108.0,0,192,168,100,5,192,168,220,6
445.0,40239.0,TCP,0.0,1.0,108.0,0,192,168,100,5,192,168,220,10
445.0,46808.0,TCP,0.0,1.0,108.0,0,192,168,100,5,192,168,200,5
59850.0,80.0,TCP,0.004,6.0,545.0,1,192,168,220,16,192,168,100,6
60640.0,80.0,TCP,0.004,5.0,479.0,1,192,168,220,16,192,168,100,6
58916.0,80.0,TCP,0.002,5.0,479.0,1,192,168,220,16,192,168,100,6
445.0,52321.0,TCP,0.0,1.0,108.0,0,192,168,100,5,192,168,220,14
60440.0,80.0,TCP,0.005,5.0,479.0,1,192,168,220,16,192,168,100,6
445.0,43145.0,TCP,0.0,1.0,108.0,0,192,168,100,5,192,168,220,4
445.0,51146.0,TCP,0.0,1.0,108.0,0,192,168,100,5,192,168,220,5
40239.0,445.0,TCP,0.004,2.0,174.0,0,192,168,220,10,192,168,100,5
57268.0,80.0,TCP,0.003,5.0,479.0,1,192,168,220,16,192,168,100,6
37884.0,445.0,TCP,0.003,2.0,174.0,0,192,168,220,9,192,168,100,5
57989.0,80.0,TCP,0.006,5.0,479.0,1,192,168,220,16,192,168,100,6
445.0,37191.0,TCP,0.0,1.0,108.0,0,192,168,100,5,192,168,220,7
37191.0,80.0,TCP,0.002,6.0,545.0,1,192,168,220,16,192,168,100,6
445.0,49094.0,TCP,0.0,1.0,108.0,0,192,168,100,5,192,168,220,8
58844.0,445.0,TCP,0.006,2.0,174.0,0,192,168,220,16,192,168,100,5
445.0,46808.0,TCP,0.0,1.0,108.0,0,192,168,100,5,192,168,200,5
445.0,43145.0,TCP,0.0,1.0,108.0,0,192,168,100,5,192,168,220,4
58641.0,80.0,TCP,0.001,5.0,479.0,1,192,168,220,16,192,168,100,6
46709.0,445.0,TCP,0.003,2.0,174.0,0,192,168,220,6,192,168,100,5
445.0,46709.0,TCP,0.0,1.0,108.0,0,192,168,100,5,192,168,220,6
60065.0,80.0,TCP,0.006,5.0,479.0,1,192,168,220,16,192,168,100,6
445.0,51146.0,TCP,0.0,1.0,108.0,0,192,168,100,5,192,168,220,5
445.0,43145.0,TCP,0.0,1.0,108.0,0,192,168,100,5,192,168,220,4
48888.0,445.0,TCP,0.002,2.0,174.0,0,192,168,220,15,192,168,100,5
60689.0,445.0,TCP,0.002,2.0,174.0,0,192,168,220,13,192,168,100,5
36204.0,80.0,TCP,0.006,6.0,545.0,1,192,168,220,16,192,168,100,6
51358.0,3389.0,TCP,0.0,1.0,58.0,1,192,168,220,16,192,168,200,8
58844.0,445.0,TCP,0.002,2.0,174.0,0,192,168,220,16,192,168,100,5
37884.0,445.0,TCP,0.0,1.0,66.0,0,192,168,220,9,192,168,100,5
59702.0,80.0,TCP,0.002,5.0,479.0,1,192,168,220,16,192,168,100,6
59672.0,80.0,TCP,0.006,5.0,479.0,1,192,168,220,16,192,168,100,6
43183.0,445.0,TCP,0.0,2.0,174.0,0,192,168,200,4,192,168,100,5
137.0,137.0,UDP,0.0,1.0,92.0,0,192,168,220,12,192,168,220,255
445.0,52321.0,TCP,0.084,3.0,56826.0,0,192,168,100,5,192,168,220,14
60536.0,80.0,TCP,0.002,5.0,479.0,1,192,168,220,16,192,168,100,6
59077.0,80.0,TCP,0.004,6.0,545.0,1,192,168,220,16,192,168,100,6
445.0,43145.0,TCP,0.0,1.0,108.0,0,192,168,100,5,192,168,220,4
37113.0,80.0,TCP,0.002,5.0,479.0,1,192,168,220,16,192,168,100,6
36089.0,80.0,TCP,0.005,6.0,545.0,1,192,168,220,16,192,168,100,6
445.0,34743.0,TCP,0.0,1.0,108.0,0,192,168,100,5,192,168,220,11
34743.0,445.0,TCP,0.005,2.0,174.0,0,192,168,220,11,192,168,100,5
57833.0,80.0,TCP,0.005,5.0,479.0,1,192,168,220,16,192,168,100,6
34781.0,80.0,TCP,0.004,5.0,479.0,1,192,168,220,16,192,168,100,6
137.0,137.0,UDP,0.0,1.0,92.0,0,192,168,220,15,192,168,220,255
445.0,49511.0,TCP,0.0,1.0,108.0,0,192,168,100,5,192,168,220,12
445.0,43145.0,TCP,0.0,1.0,108.0,0,192,168,100,5,192,168,220,4
445.0,60689.0,TCP,0.0,1.0,108.0,0,192,168,100,5,192,168,220,13
58809.0,80.0,TCP,0.004,5.0,479.0,1,192,168,220,16,192,168,100,6
60689.0,80.0,TCP,0.002,5.0,479.0,1,192,168,220,16,192,168,100,6
58899.0,80.0,TCP,0.003,5.0,479.0,1,192,168,220,16,192,168,100,6
445.0,40239.0,TCP,0.0,1.0,108.0,0,192,168,100,5,192,168,220,10
37191.0,445.0,TCP,0.0069999999999999,2.0,174.0,0,192,168,220,7,192,168,100,5
52321.0,445.0,TCP,0.004,2.0,174.0,0,192,168,220,14,192,168,100,5
56892.0,80.0,TCP,0.006,6.0,545.0,1,192,168,220,16,192,168,100,6
60729.0,80.0,TCP,0.003,5.0,479.0,1,192,168,220,16,192,168,100,6
48888.0,445.0,TCP,0.005,2.0,174.0,0,192,168,220,15,192,168,100,5
37191.0,445.0,TCP,0.003,2.0,174.0,0,192,168,220,7,192,168,100,5
43183.0,445.0,TCP,0.005,2.0,174.0,0,192,168,200,4,192,168,100,5
445.0,52321.0,TCP,0.0,1.0,70.0,0,192,168,100,5,192,168,220,14
49094.0,445.0,TCP,0.002,2.0,174.0,0,192,168,220,8,192,168,100,5
49094.0,445.0,TCP,0.005,2.0,174.0,0,192,168,220,8,192,168,100,5
137.0,137.0,UDP,0.0,1.0,92.0,0,192,168,220,3,192,168,220,255
445.0,58844.0,TCP,0.0,1.0,108.0,0,192,168,100,5,192,168,220,16
445.0,37884.0,TCP,0.0,1.0,108.0,0,192,168,100,5,192,168,220,9
445.0,58844.0,TCP,0.0,1.0,108.0,0,192,168,100,5,192,168,220,16
445.0,49094.0,TCP,0.0,1.0,108.0,0,192,168,100,5,192,168,220,8
35031.0,80.0,TCP,0.006,5.0,479.0,1,192,168,220,16,192,168,100,6
60214.0,80.0,TCP,0.003,5.0,479.0,1,192,168,220,16,192,168,100,6
51357.0,1301.0,TCP,0.0,1.0,58.0,1,192,168,220,16,192,168,200,5
59872.0,80.0,TCP,0.005,5.0,479.0,1,192,168,220,16,192,168,100,6
55719.0,80.0,TCP,0.004,5.0,479.0,1,192,168,220,16,192,168,100,6
60705.0,80.0,TCP,0.006,5.0,479.0,1,192,168,220,16,192,168,100,6
57773.0,80.0,TCP,0.004,6.0,545.0,1,192,168,220,16,192,168,100,6
46808.0,445.0,TCP,0.004,2.0,174.0,0,192,168,200,5,192,168,100,5
59025.0,80.0,TCP,0.006,6.0,545.0,1,192,168,220,16,192,168,100,6
49094.0,445.0,TCP,0.0,1.0,66.0,0,192,168,220,8,192,168,100,5
59275.0,80.0,TCP,0.005,5.0,479.0,1,192,168,220,16,192,168,100,6
36522.0,80.0,TCP,0.003,5.0,479.0,1,192,168,220,16,192,168,100,6
445.0,51146.0,TCP,0.0,1.0,108.0,0,192,168,100,5,192,168,220,5
58266.0,80.0,TCP,0.002,5.0,479.0,1,192,168,220,16,192,168,100,6
55747.0,80.0,TCP,0.005,5.0,479.0,1,192,168,220,16,192,168,100,6
60571.0,80.0,TCP,0.006,5.0,479.0,1,192,168,220,16,192,168,100,6
35193.0,80.0,TCP,0.003,5.0,479.0,1,192,168,220,16,192,168,100,6
445.0,49094.0,TCP,0.0,1.0,108.0,0,192,168,100,5,192,168,220,8
37884.0,445.0,TCP,0.003,2.0,174.0,0,192,168,220,9,192,168,100,5
57536.0,80.0,TCP,0.006,6.0,545.0,1,192,168,220,16,192,168,100,6
52321.0,445.0,TCP,0.003,2.0,174.0,0,192,168,220,14,192,168,100,5
445.0,34743.0,TCP,0.0,1.0,108.0,0,192,168,100,5,192,168,220,11
46709.0,445.0,TCP,0.002,2.0,174.0,0,192,168,220,6,192,168,100,5
59526.0,80.0,TCP,0.008,5.0,479.0,1,192,168,220,16,192,168,100,6
32925.0,80.0,TCP,0.005,6.0,545.0,1,192,168,220,16,192,168,100,6
59754.0,80.0,TCP,0.005,5.0,479.0,1,192,168,220,16,192,168,100,6
34899.0,80.0,TCP,0.005,5.0,479.0,1,192,168,220,16,192,168,100,6
445.0,49094.0,TCP,0.0,1.0,108.0,0,192,168,100,5,192,168,220,8
445.0,43145.0,TCP,0.0,1.0,70.0,0,192,168,100,5,192,168,220,4
56842.0,80.0,TCP,0.005,5.0,479.0,1,192,168,220,16,192,168,100,6
59836.0,80.0,TCP,0.003,5.0,479.0,1,192,168,220,16,192,168,100,6
33105.0,80.0,TCP,0.006,5.0,479.0,1,192,168,220,16,192,168,100,6
445.0,58844.0,TCP,0.0,1.0,108.0,0,192,168,100,5,192,168,220,16
59575.0,80.0,TCP,0.003,6.0,545.0,1,192,168,220,16,192,168,100,6
52321.0,445.0,TCP,0.001,2.0,174.0,0,192,168,220,14,192,168,100,5
60913.0,80.0,TCP,0.004,5.0,479.0,1,192,168,220,16,192,168,100,6
57738.0,80.0,TCP,0.005,5.0,479.0,1,192,168,220,16,192,168,100,6
59943.0,80.0,TCP,0.004,6.0,545.0,1,192,168,220,16,192,168,100,6
445.0,37191.0,TCP,0.0,1.0,108.0,0,192,168,100,5,192,168,220,7
46755.0,81146.0,TCP,0.0,1.0,58.0,1,192,168,220,16,192,168,210,5
58844.0,445.0,TCP,0.003,2.0,174.0,0,192,168,220,16,192,168,100,5
49094.0,445.0,TCP,0.004,2.0,174.0,0,192,168,220,8,192,168,100,5
49511.0,445.0,TCP,0.002,2.0,174.0,0,192,168,220,12,192,168,100,5
37884.0,445.0,TCP,0.0,2.0,174.0,0,192,168,220,9,192,168,100,5
445.0,34743.0,TCP,0.0,1.0,108.0,0,192,168,100,5,192,168,220,11
445.0,49511.0,TCP,0.0,1.0,108.0,0,192,168,100,5,192,168,220,12
34432.0,80.0,TCP,0.004,6.0,545.0,1,192,168,220,16,192,168,100,6
58299.0,80.0,TCP,0.004,5.0,479.0,1,192,168,220,16,192,168,100,6
59704.0,80.0,TCP,0.006,5.0,479.0,1,192,168,220,16,192,168,100,6
35223.0,80.0,TCP,0.003,5.0,479.0,1,192,168,220,16,192,168,100,6
56244.0,80.0,TCP,0.001,5.0,479.0,1,192,168,220,16,192,168,100,6
59541.0,80.0,TCP,0.003,6.0,545.0,1,192,168,220,16,192,168,100,6
445.0,52321.0,TCP,0.0,1.0,108.0,0,192,168,100,5,192,168,220,14
445.0,43183.0,TCP,0.0,1.0,108.0,0,192,168,100,5,192,168,200,4
60689.0,445.0,TCP,0.0,1.0,66.0,0,192,168,220,13,192,168,100,5
59545.0,80.0,TCP,0.004,5.0,479.0,1,192,168,220,16,192,168,100,6
138.0,138.0,UDP,0.0,1.0,262.0,0,192,168,220,6,192,168,220,255
59967.0,80.0,TCP,0.006,5.0,479.0,1,192,168,220,16,192,168,100,6
36141.0,80.0,TCP,0.004,5.0,479.0,1,192,168,220,16,192,168,100,6
445.0,43183.0,TCP,0.0,1.0,108.0,0,192,168,100,5,192,168,200,4
58643.0,80.0,TCP,0.005,5.0,479.0,1,192,168,220,16,192,168,100,6
35379.0,80.0,TCP,0.006,5.0,479.0,1,192,168,220,16,192,168,100,6
51357.0,8200.0,TCP,0.0,1.0,58.0,1,192,168,220,16,192,168,200,5
445.0,34743.0,TCP,0.0,1.0,108.0,0,192,168,100,5,192,168,220,11
43145.0,445.0,TCP,0.003,2.0,174.0,0,192,168,220,4,192,168,100,5
60163.0,80.0,TCP,0.003,5.0,479.0,1,192,168,220,16,192,168,100,6
51358.0,548.0,TCP,0.0,1.0,58.0,1,192,168,220,16,192,168,200,8
59722.0,80.0,TCP,0.002,5.0,479.0,1,192,168,220,16,192,168,100,6
49094.0,445.0,TCP,0.003,2.0,174.0,0,192,168,220,8,192,168,100,5
445.0,48888.0,TCP,0.0,1.0,108.0,0,192,168,100,5,192,168,220,15
137.0,137.0,UDP,0.0,1.0,92.0,0,192,168,220,13,192,168,220,255
58800.0,80.0,TCP,0.004,5.0,479.0,1,192,168,220,16,192,168,100,6
445.0,37884.0,TCP,0.0,1.0,108.0,0,192,168,100,5,192,168,220,9
52321.0,445.0,TCP,0.003,2.0,174.0,0,192,168,220,14,192,168,100,5
51357.0,8190.0,TCP,0.0,1.0,58.0,1,192,168,220,16,192,168,200,3
40239.0,445.0,TCP,0.0,2.0,174.0,0,192,168,220,10,192,168,100,5
34743.0,445.0,TCP,0.0,1.0,66.0,0,192,168,220,11,192,168,100,5
46808.0,445.0,TCP,0.005,2.0,174.0,0,192,168,200,5,192,168,100,5
57741.0,80.0,TCP,0.0069999999999999,6.0,545.0,1,192,168,220,16,192,168,100,6
48888.0,445.0,TCP,0.003,2.0,174.0,0,192,168,220,15,192,168,100,5
445.0,46808.0,TCP,0.0,1.0,108.0,0,192,168,100,5,192,168,200,5
445.0,37884.0,TCP,0.0,1.0,108.0,0,192,168,100,5,192,168,220,9
445.0,34743.0,TCP,0.0,1.0,108.0,0,192,168,100,5,192,168,220,11
58930.0,80.0,TCP,0.003,5.0,479.0,1,192,168,220,16,192,168,100,6
43728.0,80.0,TCP,0.002,2.0,132.0,0,192,168,220,6,192,168,100,6
58875.0,80.0,TCP,0.004,5.0,479.0,1,192,168,220,16,192,168,100,6
32983.0,80.0,TCP,0.005,5.0,479.0,1,192,168,220,16,192,168,100,6
56806.0,80.0,TCP,0.005,6.0,545.0,1,192,168,220,16,192,168,100,6
46709.0,445.0,TCP,0.0,1.0,66.0,0,192,168,220,6,192,168,100,5
32888.0,80.0,TCP,0.005,6.0,545.0,1,192,168,220,16,192,168,100,6
43183.0,445.0,TCP,0.0,1.0,66.0,0,192,168,200,4,192,168,100,5
51433.0,25.0,TCP,0.0,1.0,58.0,1,192,168,220,16,192,168,200,2
445.0,43183.0,TCP,0.0,1.0,108.0,0,192,168,100,5,192,168,200,4
445.0,49094.0,TCP,0.0,1.0,108.0,0,192,168,100,5,192,168,220,8
58844.0,445.0,TCP,0.0,1.0,66.0,1,192,168,220,16,192,168,100,5
46709.0,445.0,TCP,0.004,2.0,174.0,0,192,168,220,6,192,168,100,5
35805.0,80.0,TCP,0.002,5.0,479.0,1,192,168,220,16,192,168,100,6
48888.0,445.0,TCP,0.004,2.0,174.0,0,192,168,220,15,192,168,100,5
445.0,46808.0,TCP,0.0,1.0,108.0,0,192,168,100,5,192,168,200,5
445.0,51146.0,TCP,0.0,1.0,108.0,0,192,168,100,5,192,168,220,5
33094.0,80.0,TCP,0.003,5.0,479.0,1,192,168,220,16,192,168,100,6
445.0,37191.0,TCP,0.0,1.0,108.0,0,192,168,100,5,192,168,220,7
37884.0,445.0,TCP,0.0,1.0,66.0,0,192,168,220,9,192,168,100,5
57739.0,80.0,TCP,0.005,5.0,479.0,1,192,168,220,16,192,168,100,6
445.0,46709.0,TCP,0.0,1.0,108.0,0,192,168,100,5,192,168,220,6
49094.0,445.0,TCP,0.004,2.0,174.0,0,192,168,220,8,192,168,100,5
57643.0,80.0,TCP,0.004,6.0,545.0,1,192,168,220,16,192,168,100,6
37191.0,445.0,TCP,0.002,2.0,174.0,0,192,168,220,7,192,168,100,5
445.0,49094.0,TCP,0.0,1.0,108.0,0,192,168,100,5,192,168,220,8
51357.0,1009.0,TCP,0.0,1.0,58.0,1,192,168,220,16,192,168,200,5
445.0,51146.0,TCP,0.0,1.0,108.0,0,192,168,100,5,192,168,220,5
32888.0,80.0,TCP,0.003,6.0,545.0,1,192,168,220,16,192,168,100,6
55351.0,80.0,TCP,0.003,5.0,479.0,1,192,168,220,16,192,168,100,6
445.0,49511.0,TCP,0.0,1.0,108.0,0,192,168,100,5,192,168,220,12
49511.0,445.0,TCP,0.0,1.0,66.0,0,192,168,220,12,192,168,100,5
35981.0,80.0,TCP,0.005,5.0,479.0,1,192,168,220,16,192,168,100,6
137.0,137.0,UDP,0.0,1.0,92.0,0,192,168,220,3,192,168,220,255
55728.0,80.0,TCP,0.006,6.0,545.0,1,192,168,220,16,192,168,100,6
445.0,37191.0,TCP,0.0,1.0,108.0,0,192,168,100,5,192,168,220,7
40239.0,445.0,TCP,0.004,2.0,174.0,0,192,168,220,10,192,168,100,5
55626.0,80.0,TCP,0.004,5.0,479.0,1,192,168,220,16,192,168,100,6
51146.0,445.0,TCP,0.003,2.0,174.0,0,192,168,220,5,192,168,100,5
445.0,40239.0,TCP,0.0,1.0,108.0,0,192,168,100,5,192,168,220,10
445.0,58844.0,TCP,0.0,1.0,108.0,0,192,168,100,5,192,168,220,16
60622.0,80.0,TCP,0.006,5.0,479.0,1,192,168,220,16,192,168,100,6
445.0,58844.0,TCP,0.0,1.0,108.0,0,192,168,100,5,192,168,220,16
49094.0,445.0,TCP,0.005,2.0,174.0,0,192,168,220,8,192,168,100,5
56708.0,80.0,TCP,0.005,6.0,545.0,1,192,168,220,16,192,168,100,6
33003.0,80.0,TCP,0.004,5.0,479.0,1,192,168,220,16,192,168,100,6
57829.0,80.0,TCP,0.005,5.0,479.0,1,192,168,220,16,192,168,100,6
60622.0,80.0,TCP,0.004,5.0,479.0,1,192,168,220,16,192,168,100,6
445.0,37191.0,TCP,0.0,1.0,108.0,0,192,168,100,5,192,168,220,7
138.0,138.0,UDP,0.0,2.0,514.0,0,192,168,200,3,192,168,200,255
34994.0,80.0,TCP,0.006,5.0,479.0,1,192,168,220,16,192,168,100,6
58318.0,80.0,TCP,0.006,5.0,479.0,1,192,168,220,16,192,168,100,6
36003.0,80.0,TCP,0.004,5.0,132.0,1,192,168,220,16,192,168,100,6
36104.0,80.0,TCP,0.002,5.0,479.0,1,192,168,220,16,192,168,100,6
49094.0,445.0,TCP,0.004,2.0,174.0,0,192,168,220,8,192,168,100,5
445.0,43145.0,TCP,0.0,1.0,108.0,0,192,168,100,5,192,168,220,4
37191.0,445.0,TCP,0.0,1.0,66.0,0,192,168,220,7,192,168,100,5
445.0,48888.0,TCP,0.0,1.0,108.0,0,192,168,100,5,192,168,220,15
43145.0,445.0,TCP,0.0,2.0,174.0,0,192,168,220,4,192,168,100,5
445.0,37191.0,TCP,0.0,1.0,108.0,0,192,168,100,5,192,168,220,7
138.0,138.0,UDP,0.0,1.0,262.0,0,192,168,220,10,192,168,220,255
55774.0,80.0,TCP,0.005,5.0,479.0,1,192,168,220,16,192,168,100,6
35990.0,80.0,TCP,0.002,5.0,479.0,1,192,168,220,16,192,168,100,6
445.0,40239.0,TCP,0.0,1.0,108.0,0,192,168,100,5,192,168,220,10
445.0,52321.0,TCP,0.0,1.0,108.0,0,192,168,100,5,192,168,220,14
445.0,34743.0,TCP,0.0,1.0,108.0,0,192,168,100,5,192,168,220,11
59106.0,80.0,TCP,0.004,5.0,479.0,1,192,168,220,16,192,168,100,6
57849.0,80.0,TCP,0.003,5.0,479.0,1,192,168,220,16,192,168,100,6
51146.0,445.0,TCP,0.003,2.0,174.0,0,192,168,220,5,192,168,100,5
445.0,51146.0,TCP,0.0,1.0,108.0,0,192,168,100,5,192,168,220,5
445.0,46709.0,TCP,0.0,1.0,108.0,0,192,168,100,5,192,168,220,6
51357.0,904.0,TCP,0.0,1.0,58.0,1,192,168,220,16,192,168,200,4
58844.0,445.0,TCP,0.004,2.0,174.0,0,192,168,220,16,192,168,100,5
36503.0,80.0,TCP,0.005,5.0,479.0,1,192,168,220,16,192,168,100,6
445.0,34743.0,TCP,0.0,1.0,108.0,0,192,168,100,5,192,168,220,11
51357.0,491.0,TCP,0.0,1.0,58.0,1,192,168,220,16,192,168,200,9
60600.0,80.0,TCP,0.002,5.0,479.0,1,192,168,220,16,192,168,100,6
51357.0,1054.0,TCP,0.0,1.0,58.0,1,192,168,220,16,192,168,200,2
52321.0,445.0,TCP,0.005,2.0,174.0,0,192,168,220,14,192,168,100,5
445.0,49094.0,TCP,0.0,1.0,108.0,0,192,168,100,5,192,168,220,8
445.0,43183.0,TCP,0.0,1.0,108.0,0,192,168,100,5,192,168,200,4
445.0,48888.0,TCP,0.0,1.0,108.0,0,192,168,100,5,192,168,220,15
51357.0,3829.0,TCP,0.0,1.0,58.0,1,192,168,220,16,192,168,200,4
35390.0,80.0,TCP,0.006,6.0,545.0,1,192,168,220,16,192,168,100,6
445.0,48888.0,TCP,0.0,1.0,108.0,0,192,168,100,5,192,168,220,15
445.0,48888.0,TCP,0.0,1.0,108.0,0,192,168,100,5,192,168,220,15
59519.0,80.0,TCP,0.005,5.0,479.0,1,192,168,220,16,192,168,100,6
58332.0,80.0,TCP,0.004,5.0,479.0,1,192,168,220,16,192,168,100,6
60815.0,80.0,TCP,0.006,6.0,545.0,1,192,168,220,16,192,168,100,6
46709.0,445.0,TCP,0.004,2.0,174.0,0,192,168,220,6,192,168,100,5
59075.0,80.0,TCP,0.004,6.0,545.0,1,192,168,220,16,192,168,100,6
445.0,34743.0,TCP,0.0,1.0,108.0,0,192,168,100,5,192,168,220,11
51357.0,514.0,TCP,0.0,1.0,58.0,1,192,168,220,16,192,168,200,2
445.0,43183.0,TCP,0.0,1.0,108.0,0,192,168,100,5,192,168,200,4
35452.0,80.0,TCP,0.002,5.0,479.0,1,192,168,220,16,192,168,100,6
60017.0,80.0,TCP,0.004,5.0,479.0,1,192,168,220,16,192,168,100,6
34123.0,80.0,TCP,0.004,5.0,479.0,1,192,168,220,16,192,168,100,6
51449.0,135.0,TCP,0.005,2.0,112.0,1,192,168,220,16,192,168,200,9
445.0,51146.0,TCP,0.0,1.0,108.0,0,192,168,100,5,192,168,220,5
445.0,49511.0,TCP,0.0,1.0,108.0,0,192,168,100,5,192,168,220,12
58844.0,445.0,TCP,0.002,2.0,174.0,0,192,168,220,16,192,168,100,5
51357.0,543.0,TCP,0.0,1.0,58.0,1,192,168,220,16,192,168,200,5
54567.0,80.0,TCP,0.006,5.0,479.0,1,192,168,220,16,192,168,100,6
138.0,138.0,UDP,0.0,1.0,262.0,0,192,168,100,4,192,168,100,255
445.0,46709.0,TCP,0.0,1.0,108.0,0,192,168,100,5,192,168,220,6
51357.0,1045.0,TCP,0.0,1.0,58.0,1,192,168,220,16,192,168,200,1
57269.0,80.0,TCP,0.001,6.0,545.0,1,192,168,220,16,192,168,100,6
445.0,34743.0,TCP,0.0,1.0,108.0,0,192,168,100,5,192,168,220,11
33144.0,80.0,TCP,0.0069999999999999,5.0,479.0,1,192,168,220,16,192,168,100,6
43145.0,445.0,TCP,0.001,2.0,174.0,0,192,168,220,4,192,168,100,5
57945.0,80.0,TCP,0.003,5.0,479.0,1,192,168,220,16,192,168,100,6
58489.0,80.0,TCP,0.004,6.0,545.0,1,192,168,220,16,192,168,100,6
60449.0,80.0,TCP,0.005,5.0,479.0,1,192,168,220,16,192,168,100,6
445.0,49094.0,TCP,0.0,1.0,108.0,0,192,168,100,5,192,168,220,8
445.0,37191.0,TCP,0.0,1.0,108.0,0,192,168,100,5,192,168,220,7
58844.0,445.0,TCP,0.002,2.0,174.0,0,192,168,220,16,192,168,100,5
34928.0,80.0,TCP,0.005,5.0,479.0,1,192,168,220,16,192,168,100,6
58286.0,80.0,TCP,0.001,5.0,479.0,1,192,168,220,16,192,168,100,6
445.0,49094.0,TCP,0.0,1.0,108.0,0,192,168,100,5,192,168,220,8
445.0,58844.0,TCP,0.0,1.0,108.0,0,192,168,100,5,192,168,220,16
57296.0,80.0,TCP,0.005,5.0,479.0,1,192,168,220,16,192,168,100,6
48888.0,445.0,TCP,0.004,2.0,174.0,0,192,168,220,15,192,168,100,5
37063.0,80.0,TCP,0.003,5.0,479.0,1,192,168,220,16,192,168,100,6
36980.0,80.0,TCP,0.006,5.0,479.0,1,192,168,220,16,192,168,100,6
445.0,48888.0,TCP,0.0,1.0,108.0,0,192,168,100,5,192,168,220,15
59353.0,80.0,TCP,0.003,6.0,545.0,1,192,168,220,16,192,168,100,6
59079.0,80.0,TCP,0.006,5.0,479.0,1,192,168,220,16,192,168,100,6
59951.0,80.0,TCP,0.004,5.0,479.0,1,192,168,220,16,192,168,100,6
445.0,49094.0,TCP,0.0,1.0,108.0,0,192,168,100,5,192,168,220,8
34743.0,445.0,TCP,0.003,2.0,174.0,0,192,168,220,11,192,168,100,5
51146.0,445.0,TCP,0.002,2.0,174.0,0,192,168,220,5,192,168,100,5
51357.0,6005.0,TCP,0.0,1.0,58.0,1,192,168,220,16,192,168,200,1
37191.0,587.0,TCP,0.084,11.0,1566.0,0,192,168,220,7,192,168,100,4
60532.0,80.0,TCP,0.005,5.0,479.0,1,192,168,220,16,192,168,100,6
445.0,49094.0,TCP,0.0,1.0,108.0,0,192,168,100,5,192,168,220,8
58407.0,80.0,TCP,0.003,6.0,545.0,1,192,168,220,16,192,168,100,6
32837.0,80.0,TCP,0.005,5.0,479.0,1,192,168,220,16,192,168,100,6
445.0,37884.0,TCP,0.0,1.0,108.0,0,192,168,100,5,192,168,220,9
58676.0,80.0,TCP,0.003,6.0,545.0,1,192,168,220,16,192,168,100,6
43145.0,445.0,TCP,0.005,2.0,174.0,0,192,168,220,4,192,168,100,5
445.0,49094.0,TCP,0.0,1.0,108.0,0,192,168,100,5,192,168,220,8
445.0,37191.0,TCP,0.0,1.0,108.0,0,192,168,100,5,192,168,220,7
49094.0,445.0,TCP,0.004,2.0,174.0,0,192,168,220,8,192,168,100,5
56829.0,80.0,TCP,0.004,6.0,545.0,1,192,168,220,16,192,168,100,6
445.0,46808.0,TCP,0.0,1.0,108.0,0,192,168,100,5,192,168,200,5
445.0,51146.0,TCP,0.0,1.0,108.0,0,192,168,100,5,192,168,220,5
445.0,37884.0,TCP,0.0,1.0,108.0,0,192,168,100,5,192,168,220,9
34296.0,80.0,TCP,0.002,6.0,545.0,1,192,168,220,16,192,168,100,6
55842.0,80.0,TCP,0.004,6.0,545.0,1,192,168,220,16,192,168,100,6
33151.0,80.0,TCP,0.004,5.0,479.0,1,192,168,220,16,192,168,100,6
445.0,51146.0,TCP,0.0,1.0,108.0,0,192,168,100,5,192,168,220,5
57990.0,80.0,TCP,0.004,6.0,545.0,1,192,168,220,16,192,168,100,6
51146.0,445.0,TCP,0.0,1.0,66.0,0,192,168,220,5,192,168,100,5
445.0,60689.0,TCP,0.0,1.0,108.0,0,192,168,100,5,192,168,220,13
51357.0,5860.0,TCP,0.0,1.0,58.0,1,192,168,220,16,192,168,200,8
58844.0,445.0,TCP,0.001,2.0,174.0,0,192,168,220,16,192,168,100,5
35353.0,80.0,TCP,0.007,6.0,545.0,1,192,168,220,16,192,168,100,6
59146.0,80.0,TCP,0.006,5.0,479.0,1,192,168,220,16,192,168,100,6
58955.0,80.0,TCP,0.005,5.0,479.0,1,192,168,220,16,192,168,100,6
445.0,46808.0,TCP,0.0,1.0,108.0,0,192,168,100,5,192,168,200,5
58844.0,445.0,TCP,0.004,2.0,174.0,0,192,168,220,16,192,168,100,5
137.0,137.0,UDP,0.0,1.0,92.0,0,192,168,220,9,192,168,220,255
445.0,37884.0,TCP,0.0,1.0,108.0,0,192,168,100,5,192,168,220,9
60532.0,80.0,TCP,0.004,5.0,479.0,1,192,168,220,16,192,168,100,6
60571.0,80.0,TCP,0.006,5.0,479.0,1,192,168,220,16,192,168,100,6
137.0,137.0,UDP,0.0,1.0,92.0,0,192,168,220,9,192,168,220,255
57562.0,80.0,TCP,0.004,6.0,545.0,1,192,168,220,16,192,168,100,6
445.0,60689.0,TCP,0.0,1.0,108.0,0,192,168,100,5,192,168,220,13
445.0,46709.0,TCP,0.0,1.0,108.0,0,192,168,100,5,192,168,220,6
60689.0,445.0,TCP,0.002,2.0,174.0,0,192,168,220,13,192,168,100,5
59640.0,80.0,TCP,0.003,5.0,479.0,1,192,168,220,16,192,168,100,6
445.0,34743.0,TCP,0.0,1.0,108.0,0,192,168,100,5,192,168,220,11
58272.0,80.0,TCP,0.005,6.0,545.0,1,192,168,220,16,192,168,100,6
445.0,52321.0,TCP,0.0,1.0,108.0,0,192,168,100,5,192,168,220,14
35451.0,80.0,TCP,0.004,5.0,479.0,1,192,168,220,16,192,168,100,6
35098.0,80.0,TCP,0.0069999999999999,6.0,545.0,1,192,168,220,16,192,168,100,6
57874.0,80.0,TCP,0.004,5.0,479.0,1,192,168,220,16,192,168,100,6
52321.0,445.0,TCP,0.002,2.0,174.0,0,192,168,220,14,192,168,100,5
34743.0,445.0,TCP,0.002,2.0,174.0,0,192,168,220,11,192,168,100,5
51357.0,6443.0,TCP,0.0,1.0,58.0,1,192,168,220,16,192,168,200,1
445.0,49094.0,TCP,0.0,1.0,108.0,0,192,168,100,5,192,168,220,8
445.0,40239.0,TCP,0.0,1.0,108.0,0,192,168,100,5,192,168,220,10
35607.0,80.0,TCP,0.003,5.0,479.0,1,192,168,220,16,192,168,100,6
60799.0,80.0,TCP,0.006,6.0,545.0,1,192,168,220,16,192,168,100,6
57458.0,80.0,TCP,0.006,5.0,479.0,1,192,168,220,16,192,168,100,6
37203.0,80.0,TCP,0.004,5.0,479.0,1,192,168,220,16,192,168,100,6
445.0,52321.0,TCP,0.0,1.0,108.0,0,192,168,100,5,192,168,220,14
60849.0,80.0,TCP,0.004,5.0,479.0,1,192,168,220,16,192,168,100,6
37884.0,445.0,TCP,0.004,2.0,174.0,0,192,168,220,9,192,168,100,5
445.0,48888.0,TCP,0.0,1.0,108.0,0,192,168,100,5,192,168,220,15
37191.0,80.0,TCP,0.004,5.0,479.0,1,192,168,220,16,192,168,100,6
46709.0,445.0,TCP,0.002,2.0,174.0,0,192,168,220,6,192,168,100,5
48888.0,445.0,TCP,0.002,2.0,174.0,0,192,168,220,15,192,168,100,5
36532.0,80.0,TCP,0.002,5.0,479.0,1,192,168,220,16,192,168,100,6
445.0,34743.0,TCP,0.0,1.0,108.0,0,192,168,100,5,192,168,220,11
55613.0,80.0,TCP,0.003,6.0,545.0,1,192,168,220,16,192,168,100,6
57847.0,80.0,TCP,0.006,5.0,479.0,1,192,168,220,16,192,168,100,6
58190.0,80.0,TCP,0.005,5.0,479.0,1,192,168,220,16,192,168,100,6
57123.0,80.0,TCP,0.006,6.0,545.0,1,192,168,220,16,192,168,100,6
51357.0,1038.0,TCP,0.0,1.0,58.0,1,192,168,220,16,192,168,200,8
33335.0,80.0,TCP,0.004,5.0,479.0,1,192,168,220,16,192,168,100,6
60451.0,80.0,TCP,0.004,5.0,479.0,1,192,168,220,16,192,168,100,6
34607.0,80.0,TCP,0.005,6.0,545.0,1,192,168,220,16,192,168,100,6
35607.0,80.0,TCP,0.005,5.0,479.0,1,192,168,220,16,192,168,100,6
55931.0,80.0,TCP,0.003,5.0,479.0,1,192,168,220,16,192,168,100,6
445.0,46808.0,TCP,0.0,1.0,108.0,0,192,168,100,5,192,168,200,5
445.0,43145.0,TCP,0.0,1.0,108.0,0,192,168,100,5,192,168,220,4
445.0,37884.0,TCP,0.0,1.0,108.0,0,192,168,100,5,192,168,220,9
445.0,48888.0,TCP,0.0,1.0,70.0,0,192,168,100,5,192,168,220,15
445.0,37191.0,TCP,0.0,1.0,108.0,0,192,168,100,5,192,168,220,7
445.0,48888.0,TCP,0.0,1.0,108.0,0,192,168,100,5,192,168,220,15
51358.0,49159.0,TCP,0.0,1.0,58.0,1,192,168,220,16,192,168,200,9
58844.0,445.0,TCP,0.005,2.0,174.0,0,192,168,220,16,192,168,100,5
57968.0,80.0,TCP,0.001,6.0,545.0,1,192,168,220,16,192,168,100,6
58844.0,445.0,TCP,0.004,2.0,174.0,0,192,168,220,16,192,168,100,5
58689.0,25.0,TCP,0.0,1.0,58.0,0,192,168,220,16,192,168,200,5
445.0,46808.0,TCP,0.0,1.0,108.0,0,192,168,100,5,192,168,200,5
37191.0,445.0,TCP,0.004,2.0,174.0,0,192,168,220,7,192,168,100,5
57349.0,80.0,TCP,0.004,5.0,479.0,1,192,168,220,16,192,168,100,6
51357.0,8090.0,TCP,0.0,1.0,58.0,1,192,168,220,16,192,168,200,2
60343.0,80.0,TCP,0.004,5.0,479.0,1,192,168,220,16,192,168,100,6
137.0,137.0,UDP,0.0,1.0,92.0,0,192,168,220,5,192,168,220,255
59061.0,80.0,TCP,0.005,5.0,479.0,1,192,168,220,16,192,168,100,6
445.0,43145.0,TCP,0.0,1.0,108.0,0,192,168,100,5,192,168,220,4
57932.0,80.0,TCP,0.004,6.0,545.0,1,192,168,220,16,192,168,100,6
445.0,46709.0,TCP,0.0,1.0,108.0,0,192,168,100,5,192,168,220,6
445.0,49094.0,TCP,0.0,1.0,70.0,0,192,168,100,5,192,168,220,8
445.0,43145.0,TCP,0.0,1.0,108.0,0,192,168,100,5,192,168,220,4
51357.0,25.0,TCP,0.0,1.0,58.0,1,192,168,220,16,192,168,200,5
52321.0,445.0,TCP,0.003,2.0,174.0,0,192,168,220,14,192,168,100,5
445.0,46808.0,TCP,0.0,1.0,108.0,0,192,168,100,5,192,168,200,5
51146.0,445.0,TCP,0.003,2.0,174.0,0,192,168,220,5,192,168,100,5
445.0,48888.0,TCP,0.0,1.0,108.0,0,192,168,100,5,192,168,220,15
445.0,34743.0,TCP,0.0,1.0,108.0,0,192,168,100,5,192,168,220,11
60689.0,445.0,TCP,0.005,2.0,174.0,0,192,168,220,13,192,168,100,5
58230.0,80.0,TCP,0.004,5.0,479.0,1,192,168,220,16,192,168,100,6
445.0,60689.0,TCP,0.0,1.0,108.0,0,192,168,100,5,192,168,220,13
46709.0,445.0,TCP,0.002,2.0,174.0,0,192,168,220,6,192,168,100,5
43183.0,445.0,TCP,1.501,2.0,174.0,0,192,168,200,4,192,168,100,5
57783.0,80.0,TCP,0.006,5.0,479.0,1,192,168,220,16,192,168,100,6
49511.0,445.0,TCP,0.004,2.0,174.0,0,192,168,220,12,192,168,100,5
60354.0,80.0,TCP,0.003,5.0,479.0,1,192,168,220,16,192,168,100,6
35335.0,80.0,TCP,0.001,5.0,479.0,1,192,168,220,16,192,168,100,6
59768.0,80.0,TCP,0.001,5.0,479.0,1,192,168,220,16,192,168,100,6
137.0,137.0,UDP,0.0,1.0,92.0,0,192,168,220,4,192,168,220,255
43183.0,445.0,TCP,0.003,2.0,174.0,0,192,168,200,4,192,168,100,5
52321.0,445.0,TCP,0.005,2.0,174.0,0,192,168,220,14,192,168,100,5
57848.0,80.0,TCP,0.006,5.0,479.0,1,192,168,220,16,192,168,100,6
445.0,49511.0,TCP,0.0,1.0,108.0,0,192,168,100,5,192,168,220,12
51357.0,1720.0,TCP,0.0,1.0,58.0,1,192,168,220,16,192,168,200,2
58745.0,80.0,TCP,0.004,5.0,479.0,1,192,168,220,16,192,168,100,6
43145.0,445.0,TCP,0.002,2.0,174.0,0,192,168,220,4,192,168,100,5
445.0,37191.0,TCP,0.0,1.0,108.0,0,192,168,100,5,192,168,220,7
445.0,37191.0,TCP,0.0,1.0,108.0,0,192,168,100,5,192,168,220,7
60689.0,445.0,TCP,0.003,2.0,174.0,0,192,168,220,13,192,168,100,5
59560.0,80.0,TCP,0.005,6.0,545.0,1,192,168,220,16,192,168,100,6
60532.0,80.0,TCP,0.006,6.0,545.0,1,192,168,220,16,192,168,100,6
46709.0,445.0,TCP,0.004,2.0,174.0,0,192,168,220,6,192,168,100,5
55492.0,80.0,TCP,0.004,5.0,479.0,1,192,168,220,16,192,168,100,6
58969.0,80.0,TCP,0.004,6.0,545.0,1,192,168,220,16,192,168,100,6
46808.0,445.0,TCP,0.002,2.0,174.0,0,192,168,200,5,192,168,100,5
445.0,49511.0,TCP,0.0,1.0,108.0,0,192,168,100,5,192,168,220,12
52321.0,445.0,TCP,0.005,2.0,174.0,0,192,168,220,14,192,168,100,5
36105.0,80.0,TCP,0.005,5.0,479.0,1,192,168,220,16,192,168,100,6
445.0,58844.0,TCP,0.0,1.0,108.0,0,192,168,100,5,192,168,220,16
51357.0,1720.0,TCP,0.0,1.0,58.0,1,192,168,220,16,192,168,200,1
35304.0,80.0,TCP,0.004,5.0,479.0,1,192,168,220,16,192,168,100,6
60789.0,80.0,TCP,0.006,6.0,545.0,1,192,168,220,16,192,168,100,6
34743.0,445.0,TCP,0.002,2.0,174.0,0,192,168,220,11,192,168,100,5
33116.0,80.0,TCP,0.005,5.0,479.0,1,192,168,220,16,192,168,100,6
46709.0,445.0,TCP,0.005,5.0,45986.0,0,192,168,220,6,192,168,100,5
51146.0,445.0,TCP,0.0,2.0,174.0,0,192,168,220,5,192,168,100,5
40239.0,445.0,TCP,0.0,1.0,66.0,0,192,168,220,10,192,168,100,5
137.0,137.0,UDP,0.0,1.0,92.0,0,192,168,220,9,192,168,220,255
49094.0,445.0,TCP,0.005,2.0,174.0,0,192,168,220,8,192,168,100,5
57239.0,80.0,TCP,0.005,5.0,479.0,1,192,168,220,16,192,168,100,6
36138.0,80.0,TCP,0.005,5.0,479.0,1,192,168,220,16,192,168,100,6
52321.0,445.0,TCP,0.003,2.0,174.0,0,192,168,220,14,192,168,100,5
58235.0,80.0,TCP,0.004,5.0,479.0,1,192,168,220,16,192,168,100,6
445.0,37191.0,TCP,0.0,1.0,108.0,0,192,168,100,5,192,168,220,7
37191.0,445.0,TCP,0.004,2.0,174.0,0,192,168,220,7,192,168,100,5
60689.0,445.0,TCP,0.002,2.0,174.0,0,192,168,220,13,192,168,100,5
57935.0,80.0,TCP,0.004,5.0,479.0,1,192,168,220,16,192,168,100,6
60420.0,80.0,TCP,0.003,5.0,479.0,1,192,168,220,16,192,168,100,6
445.0,43145.0,TCP,0.0,1.0,108.0,0,192,168,100,5,192,168,220,4
445.0,43183.0,TCP,0.0,1.0,108.0,0,192,168,100,5,192,168,200,4
40239.0,445.0,TCP,0.003,2.0,174.0,0,192,168,220,10,192,168,100,5
51476.0,25.0,TCP,0.0,1.0,58.0,1,192,168,220,16,192,168,200,4
60689.0,445.0,TCP,0.002,2.0,174.0,0,192,168,220,13,192,168,100,5
58360.0,80.0,TCP,0.004,5.0,479.0,1,192,168,220,16,192,168,100,6
137.0,137.0,UDP,0.0,1.0,92.0,0,192,168,220,13,192,168,220,255
55618.0,80.0,TCP,0.003,5.0,479.0,1,192,168,220,16,192,168,100,6
43145.0,445.0,TCP,0.0,1.0,66.0,0,192,168,220,4,192,168,100,5
32862.0,80.0,TCP,0.005,5.0,479.0,1,192,168,220,16,192,168,100,6
445.0,58844.0,TCP,0.0,1.0,108.0,0,192,168,100,5,192,168,220,16
37191.0,445.0,TCP,0.002,2.0,174.0,0,192,168,220,7,192,168,100,5
33479.0,80.0,TCP,0.006,5.0,479.0,1,192,168,220,16,192,168,100,6
60689.0,445.0,TCP,0.003,2.0,174.0,0,192,168,220,13,192,168,100,5
37191.0,445.0,TCP,0.005,2.0,174.0,0,192,168,220,7,192,168,100,5
51357.0,4242.0,TCP,0.0,1.0,58.0,1,192,168,220,16,192,168,200,8
33160.0,80.0,TCP,0.006,5.0,479.0,1,192,168,220,16,192,168,100,6
137.0,137.0,UDP,0.0,1.0,92.0,0,192,168,220,5,192,168,220,255
445.0,43145.0,TCP,0.0,1.0,108.0,0,192,168,100,5,192,168,220,4
445.0,37191.0,TCP,0.0,1.0,108.0,0,192,168,100,5,192,168,220,7
52321.0,445.0,TCP,0.003,2.0,174.0,0,192,168,220,14,192,168,100,5
37191.0,445.0,TCP,0.002,2.0,174.0,0,192,168,220,7,192,168,100,5
445.0,40239.0,TCP,0.0,1.0,108.0,0,192,168,100,5,192,168,220,10
445.0,51146.0,TCP,0.0,1.0,70.0,0,192,168,100,5,192,168,220,5
57568.0,80.0,TCP,0.006,5.0,479.0,1,192,168,220,16,192,168,100,6
46808.0,445.0,TCP,0.01,2.0,174.0,0,192,168,200,5,192,168,100,5
51357.0,1099.0,TCP,0.0,1.0,58.0,1,192,168,220,16,192,168,200,1
59273.0,80.0,TCP,0.005,5.0,479.0,1,192,168,220,16,192,168,100,6
59091.0,80.0,TCP,0.006,6.0,545.0,1,192,168,220,16,192,168,100,6
59106.0,80.0,TCP,0.006,5.0,479.0,1,192,168,220,16,192,168,100,6
58844.0,445.0,TCP,0.004,2.0,174.0,0,192,168,220,16,192,168,100,5
49094.0,445.0,TCP,0.0,1.0,66.0,0,192,168,220,8,192,168,100,5
58440.0,80.0,TCP,0.006,5.0,479.0,1,192,168,220,16,192,168,100,6
445.0,37884.0,TCP,0.0,1.0,108.0,0,192,168,100,5,192,168,220,9
445.0,52321.0,TCP,0.0,1.0,108.0,0,192,168,100,5,192,168,220,14
37144.0,80.0,TCP,0.004,6.0,545.0,1,192,168,220,16,192,168,100,6
34507.0,80.0,TCP,0.006,5.0,479.0,1,192,168,220,16,192,168,100,6
51357.0,49094.0,TCP,0.0,1.0,58.0,1,192,168,220,16,192,168,200,9
59885.0,80.0,TCP,0.006,5.0,479.0,1,192,168,220,16,192,168,100,6
34247.0,80.0,TCP,0.005,5.0,479.0,1,192,168,220,16,192,168,100,6
58008.0,80.0,TCP,0.005,5.0,479.0,1,192,168,220,16,192,168,100,6
58764.0,80.0,TCP,0.005,6.0,545.0,1,192,168,220,16,192,168,100,6
445.0,51146.0,TCP,0.0,1.0,108.0,0,192,168,100,5,192,168,220,5
59450.0,80.0,TCP,0.005,6.0,545.0,1,192,168,220,16,192,168,100,6
51146.0,445.0,TCP,0.003,2.0,174.0,0,192,168,220,5,192,168,100,5
445.0,46709.0,TCP,0.0,1.0,108.0,0,192,168,100,5,192,168,220,6
49094.0,445.0,TCP,0.003,2.0,174.0,0,192,168,220,8,192,168,100,5
34743.0,445.0,TCP,0.003,2.0,174.0,0,192,168,220,11,192,168,100,5
58944.0,80.0,TCP,0.004,5.0,479.0,1,192,168,220,16,192,168,100,6
51357.0,10617.0,TCP,0.0,1.0,58.0,1,192,168,220,16,192,168,200,5
60756.0,80.0,TCP,0.004,5.0,479.0,1,192,168,220,16,192,168,100,6
51357.0,4922.0,TCP,0.0,1.0,58.0,1,192,168,220,16,192,168,200,3
49511.0,445.0,TCP,0.0,1.0,66.0,0,192,168,220,12,192,168,100,5
60426.0,80.0,TCP,0.003,5.0,479.0,1,192,168,220,16,192,168,100,6
445.0,46709.0,TCP,0.0,1.0,108.0,0,192,168,100,5,192,168,220,6
445.0,37191.0,TCP,0.0,1.0,108.0,0,192,168,100,5,192,168,220,7
59819.0,80.0,TCP,0.004,5.0,479.0,1,192,168,220,16,192,168,100,6
51357.0,3830.0,TCP,0.0,1.0,58.0,1,192,168,220,16,192,168,200,8
58254.0,80.0,TCP,0.006,5.0,479.0,1,192,168,220,16,192,168,100,6
60621.0,80.0,TCP,0.004,5.0,479.0,1,192,168,220,16,192,168,100,6
36279.0,80.0,TCP,0.004,5.0,479.0,1,192,168,220,16,192,168,100,6
37884.0,445.0,TCP,0.0,1.0,66.0,0,192,168,220,9,192,168,100,5
35980.0,80.0,TCP,0.004,5.0,479.0,1,192,168,220,16,192,168,100,6
36944.0,80.0,TCP,0.002,5.0,479.0,1,192,168,220,16,192,168,100,6
445.0,48888.0,TCP,0.0,1.0,108.0,0,192,168,100,5,192,168,220,15
59095.0,80.0,TCP,0.003,5.0,479.0,1,192,168,220,16,192,168,100,6
57075.0,80.0,TCP,0.004,5.0,479.0,1,192,168,220,16,192,168,100,6
49511.0,445.0,TCP,0.0,1.0,66.0,0,192,168,220,12,192,168,100,5
50176.0,80.0,TCP,0.005,5.0,574.0,0,192,168,220,11,192,168,100,6
46755.0,1119.0,TCP,0.0,1.0,58.0,1,192,168,220,16,192,168,210,5
57729.0,80.0,TCP,0.005,5.0,479.0,1,192,168,220,16,192,168,100,6
58929.0,80.0,TCP,0.003,5.0,479.0,1,192,168,220,16,192,168,100,6
445.0,43145.0,TCP,0.0,1.0,108.0,0,192,168,100,5,192,168,220,4
55743.0,80.0,TCP,0.006,5.0,479.0,1,192,168,220,16,192,168,100,6
59676.0,80.0,TCP,0.005,5.0,479.0,1,192,168,220,16,192,168,100,6
46808.0,445.0,TCP,0.004,2.0,174.0,0,192,168,200,5,192,168,100,5
32923.0,80.0,TCP,0.006,6.0,545.0,1,192,168,220,16,192,168,100,6
60689.0,445.0,TCP,0.003,2.0,174.0,0,192,168,220,13,192,168,100,5
37191.0,445.0,TCP,0.002,2.0,174.0,0,192,168,220,7,192,168,100,5
445.0,34743.0,TCP,0.0,1.0,108.0,0,192,168,100,5,192,168,220,11
56105.0,80.0,TCP,0.004,5.0,479.0,1,192,168,220,16,192,168,100,6
445.0,49511.0,TCP,0.0,1.0,108.0,0,192,168,100,5,192,168,220,12
59957.0,80.0,TCP,0.006,5.0,479.0,1,192,168,220,16,192,168,100,6
445.0,48888.0,TCP,0.0,1.0,108.0,0,192,168,100,5,192,168,220,15
37191.0,445.0,TCP,0.005,2.0,174.0,1,192,168,220,16,192,168,100,5
59666.0,80.0,TCP,0.002,6.0,545.0,1,192,168,220,16,192,168,100,6
33494.0,80.0,TCP,0.003,5.0,479.0,1,192,168,220,16,192,168,100,6
51146.0,445.0,TCP,0.0,1.0,66.0,0,192,168,220,5,192,168,100,5
445.0,49094.0,TCP,0.0,1.0,108.0,0,192,168,100,5,192,168,220,8
445.0,48888.0,TCP,0.0,1.0,108.0,0,192,168,100,5,192,168,220,15
445.0,37191.0,TCP,0.0,1.0,108.0,0,192,168,100,5,192,168,220,7
59829.0,80.0,TCP,0.006,6.0,545.0,1,192,168,220,16,192,168,100,6
43183.0,445.0,TCP,0.004,2.0,174.0,0,192,168,200,4,192,168,100,5
37191.0,445.0,TCP,0.003,2.0,174.0,0,192,168,220,7,192,168,100,5
35036.0,80.0,TCP,0.004,5.0,479.0,1,192,168,220,16,192,168,100,6
445.0,49511.0,TCP,0.0,1.0,108.0,0,192,168,100,5,192,168,220,12
55839.0,80.0,TCP,0.004,5.0,479.0,1,192,168,220,16,192,168,100,6
445.0,34743.0,TCP,0.0,1.0,108.0,0,192,168,100,5,192,168,220,11
33465.0,80.0,TCP,0.003,5.0,479.0,1,192,168,220,16,192,168,100,6
33686.0,80.0,TCP,0.004,5.0,479.0,1,192,168,220,16,192,168,100,6
58327.0,80.0,TCP,0.005,5.0,479.0,1,192,168,220,16,192,168,100,6
60689.0,445.0,TCP,0.004,2.0,174.0,0,192,168,220,13,192,168,100,5
46709.0,445.0,TCP,0.002,2.0,174.0,0,192,168,220,6,192,168,100,5
59851.0,80.0,TCP,0.002,5.0,479.0,1,192,168,220,16,192,168,100,6
58844.0,445.0,TCP,0.004,2.0,174.0,0,192,168,220,16,192,168,100,5
34743.0,445.0,TCP,0.004,2.0,174.0,0,192,168,220,11,192,168,100,5
445.0,43145.0,TCP,0.0,1.0,70.0,0,192,168,100,5,192,168,220,4
60670.0,80.0,TCP,0.002,5.0,479.0,1,192,168,220,16,192,168,100,6
56095.0,80.0,TCP,0.004,5.0,479.0,1,192,168,220,16,192,168,100,6
445.0,58844.0,TCP,0.0,1.0,108.0,0,192,168,100,5,192,168,220,16
445.0,60689.0,TCP,0.0,1.0,70.0,0,192,168,100,5,192,168,220,13
57786.0,80.0,TCP,0.004,5.0,479.0,1,192,168,220,16,192,168,100,6
34743.0,445.0,TCP,0.002,2.0,174.0,0,192,168,220,11,192,168,100,5
137.0,137.0,UDP,0.0,1.0,92.0,0,192,168,220,15,192,168,220,255
60177.0,80.0,TCP,0.001,5.0,479.0,1,192,168,220,16,192,168,100,6
36571.0,80.0,TCP,0.004,5.0,479.0,1,192,168,220,16,192,168,100,6
445.0,46709.0,TCP,0.0,1.0,108.0,0,192,168,100,5,192,168,220,6
993.0,53844.0,TCP,0.0,2.0,163.0,0,192,168,100,4,192,168,220,15
445.0,49511.0,TCP,0.0,1.0,108.0,0,192,168,100,5,192,168,220,12
51357.0,49167.0,TCP,0.0,1.0,58.0,1,192,168,220,16,192,168,200,2
35396.0,80.0,TCP,0.004,5.0,479.0,1,192,168,220,16,192,168,100,6
58265.0,80.0,TCP,0.004,5.0,479.0,1,192,168,220,16,192,168,100,6
34135.0,80.0,TCP,0.004,5.0,479.0,1,192,168,220,16,192,168,100,6
51357.0,6543.0,TCP,0.0,1.0,58.0,1,192,168,220,16,192,168,200,1
51146.0,445.0,TCP,0.003,2.0,174.0,0,192,168,220,5,192,168,100,5
57919.0,80.0,TCP,0.004,5.0,479.0,1,192,168,220,16,192,168,100,6
58073.0,80.0,TCP,0.002,6.0,545.0,1,192,168,220,16,192,168,100,6
445.0,52321.0,TCP,0.0,1.0,108.0,0,192,168,100,5,192,168,220,14
445.0,48888.0,TCP,0.0,1.0,108.0,0,192,168,100,5,192,168,220,15
138.0,138.0,UDP,0.0,1.0,92.0,0,192,168,220,12,192,168,220,255
51419.0,80.0,TCP,0.003,6.0,545.0,1,192,168,220,16,192,168,100,6
34743.0,445.0,TCP,0.004,2.0,174.0,0,192,168,220,11,192,168,100,5
51357.0,7100.0,TCP,0.0,1.0,58.0,1,192,168,220,16,192,168,200,1
60689.0,445.0,TCP,0.004,2.0,174.0,0,192,168,220,13,192,168,100,5
59071.0,80.0,TCP,0.005,5.0,479.0,1,192,168,220,16,192,168,100,6
60037.0,80.0,TCP,0.006,5.0,479.0,1,192,168,220,16,192,168,100,6
56158.0,80.0,TCP,0.004,5.0,479.0,1,192,168,220,16,192,168,100,6
137.0,137.0,UDP,0.0,1.0,92.0,0,192,168,220,12,192,168,220,255
43145.0,445.0,TCP,0.002,2.0,174.0,0,192,168,220,4,192,168,100,5
51357.0,1002.0,TCP,0.0,1.0,58.0,1,192,168,220,16,192,168,200,5
35802.0,80.0,TCP,0.006,5.0,479.0,1,192,168,220,16,192,168,100,6
56586.0,80.0,TCP,0.005,6.0,545.0,1,192,168,220,16,192,168,100,6
57709.0,80.0,TCP,0.004,5.0,479.0,1,192,168,220,16,192,168,100,6
137.0,137.0,UDP,0.0,1.0,92.0,0,192,168,220,16,192,168,220,255
57770.0,80.0,TCP,0.004,6.0,545.0,1,192,168,220,16,192,168,100,6
445.0,37191.0,TCP,0.0,1.0,108.0,0,192,168,100,5,192,168,220,7
445.0,46709.0,TCP,0.0,1.0,108.0,0,192,168,100,5,192,168,220,6
37884.0,445.0,TCP,0.0069999999999999,2.0,174.0,0,192,168,220,9,192,168,100,5
993.0,56799.0,TCP,0.0,1.0,66.0,0,192,168,100,4,192,168,210,4
59617.0,80.0,TCP,0.004,5.0,479.0,1,192,168,220,16,192,168,100,6
59162.0,80.0,TCP,0.004,5.0,479.0,1,192,168,220,16,192,168,100,6
137.0,137.0,UDP,0.0,1.0,92.0,0,192,168,220,14,192,168,220,255
58722.0,80.0,TCP,0.001,5.0,479.0,1,192,168,220,16,192,168,100,6
445.0,37191.0,TCP,0.0,1.0,108.0,0,192,168,100,5,192,168,220,7
58702.0,80.0,TCP,0.004,5.0,479.0,1,192,168,220,16,192,168,100,6
137.0,137.0,UDP,0.0,1.0,92.0,0,192,168,220,12,192,168,220,255
37144.0,80.0,TCP,0.003,5.0,479.0,1,192,168,220,16,192,168,100,6
445.0,51146.0,TCP,0.0,1.0,108.0,0,192,168,100,5,192,168,220,5
445.0,58844.0,TCP,0.0,1.0,108.0,0,192,168,100,5,192,168,220,16
34743.0,445.0,TCP,0.003,2.0,174.0,0,192,168,220,11,192,168,100,5
57838.0,80.0,TCP,0.003,5.0,479.0,1,192,168,220,16,192,168,100,6
59414.0,80.0,TCP,0.006,5.0,479.0,1,192,168,220,16,192,168,100,6
51358.0,59680.0,TCP,0.0,1.0,58.0,1,192,168,220,16,192,168,200,9
56913.0,80.0,TCP,0.005,5.0,479.0,1,192,168,220,16,192,168,100,6
56286.0,80.0,TCP,0.004,6.0,545.0,1,192,168,220,16,192,168,100,6
58830.0,80.0,TCP,0.005,5.0,479.0,1,192,168,220,16,192,168,100,6
57794.0,80.0,TCP,0.004,5.0,479.0,1,192,168,220,16,192,168,100,6
60767.0,80.0,TCP,0.002,6.0,545.0,1,192,168,220,16,192,168,100,6
51460.0,25.0,TCP,0.0,1.0,58.0,1,192,168,220,16,192,168,200,1
37191.0,445.0,TCP,0.0,1.0,66.0,0,192,168,220,7,192,168,100,5
445.0,49511.0,TCP,0.0,1.0,70.0,0,192,168,100,5,192,168,220,12
445.0,37884.0,TCP,0.0,1.0,108.0,0,192,168,100,5,192,168,220,9
51357.0,671.0,TCP,0.0,1.0,58.0,1,192,168,220,16,192,168,200,8
58850.0,80.0,TCP,0.006,5.0,479.0,1,192,168,220,16,192,168,100,6
37191.0,445.0,TCP,0.004,2.0,174.0,0,192,168,220,7,192,168,100,5
445.0,46709.0,TCP,0.0,1.0,108.0,0,192,168,100,5,192,168,220,6
56545.0,80.0,TCP,0.002,6.0,545.0,1,192,168,220,16,192,168,100,6
57587.0,80.0,TCP,0.003,5.0,479.0,1,192,168,220,16,192,168,100,6
51146.0,445.0,TCP,0.004,2.0,174.0,0,192,168,220,5,192,168,100,5
57835.0,80.0,TCP,0.003,5.0,479.0,1,192,168,220,16,192,168,100,6
137.0,137.0,UDP,0.0,1.0,92.0,0,192,168,220,14,192,168,220,255
445.0,52321.0,TCP,0.0,1.0,108.0,0,192,168,100,5,192,168,220,14
51357.0,9010.0,TCP,0.0,1.0,58.0,1,192,168,220,16,192,168,200,4
58764.0,80.0,TCP,0.004,5.0,479.0,1,192,168,220,16,192,168,100,6
34743.0,445.0,TCP,0.005,2.0,174.0,0,192,168,220,11,192,168,100,5
445.0,60689.0,TCP,0.0,1.0,70.0,0,192,168,100,5,192,168,220,13
55840.0,80.0,TCP,0.004,5.0,479.0,1,192,168,220,16,192,168,100,6
60689.0,445.0,TCP,0.002,2.0,174.0,0,192,168,220,13,192,168,100,5
60143.0,80.0,TCP,0.004,6.0,545.0,1,192,168,220,16,192,168,100,6
59136.0,80.0,TCP,0.004,5.0,479.0,1,192,168,220,16,192,168,100,6
58725.0,80.0,TCP,0.006,5.0,479.0,1,192,168,220,16,192,168,100,6
59245.0,80.0,TCP,0.003,5.0,479.0,1,192,168,220,16,192,168,100,6
445.0,46808.0,TCP,0.0,1.0,108.0,0,192,168,100,5,192,168,200,5
43183.0,445.0,TCP,0.0,2.0,174.0,0,192,168,200,4,192,168,100,5
58060.0,80.0,TCP,0.003,5.0,479.0,1,192,168,220,16,192,168,100,6
57303.0,80.0,TCP,0.005,6.0,545.0,1,192,168,220,16,192,168,100,6
48888.0,445.0,TCP,0.001,2.0,174.0,0,192,168,220,15,192,168,100,5
33728.0,80.0,TCP,0.004,5.0,479.0,1,192,168,220,16,192,168,100,6
35144.0,80.0,TCP,0.003,5.0,479.0,1,192,168,220,16,192,168,100,6
445.0,46808.0,TCP,0.0,1.0,108.0,0,192,168,100,5,192,168,200,5
35451.0,80.0,TCP,0.005,5.0,479.0,1,192,168,220,16,192,168,100,6
445.0,37191.0,TCP,0.0,1.0,108.0,0,192,168,100,5,192,168,220,7
51146.0,445.0,TCP,0.003,2.0,174.0,0,192,168,220,5,192,168,100,5
46709.0,445.0,TCP,0.003,2.0,174.0,0,192,168,220,6,192,168,100,5
57867.0,80.0,TCP,0.004,5.0,479.0,1,192,168,220,16,192,168,100,6
58343.0,80.0,TCP,0.005,5.0,479.0,1,192,168,220,16,192,168,100,6
60152.0,80.0,TCP,0.005,6.0,545.0,1,192,168,220,16,192,168,100,6
40239.0,445.0,TCP,0.0,1.0,66.0,0,192,168,220,10,192,168,100,5
43145.0,445.0,TCP,0.002,2.0,174.0,0,192,168,220,4,192,168,100,5
59899.0,80.0,TCP,0.004,5.0,479.0,1,192,168,220,16,192,168,100,6
34607.0,80.0,TCP,0.003,6.0,545.0,1,192,168,220,16,192,168,100,6
445.0,58844.0,TCP,0.0,1.0,108.0,0,192,168,100,5,192,168,220,16
57836.0,80.0,TCP,0.004,6.0,545.0,1,192,168,220,16,192,168,100,6
51146.0,445.0,TCP,0.001,2.0,174.0,0,192,168,220,5,192,168,100,5
445.0,34743.0,TCP,0.0,1.0,108.0,0,192,168,100,5,192,168,220,11
37013.0,80.0,TCP,0.004,5.0,479.0,1,192,168,220,16,192,168,100,6
58941.0,80.0,TCP,0.004,5.0,479.0,1,192,168,220,16,192,168,100,6
43145.0,445.0,TCP,0.002,2.0,174.0,0,192,168,220,4,192,168,100,5
58844.0,445.0,TCP,0.003,2.0,174.0,0,192,168,220,16,192,168,100,5
32867.0,80.0,TCP,0.003,6.0,545.0,1,192,168,220,16,192,168,100,6
52321.0,445.0,TCP,0.005,2.0,174.0,0,192,168,220,14,192,168,100,5
49094.0,445.0,TCP,0.002,2.0,174.0,0,192,168,220,8,192,168,100,5
34719.0,80.0,TCP,0.004,5.0,479.0,1,192,168,220,16,192,168,100,6
5962.0,80.0,TCP,0.003,5.0,479.0,1,192,168,220,16,192,168,100,6
137.0,137.0,UDP,0.0,1.0,92.0,0,192,168,220,3,192,168,220,255
49511.0,445.0,TCP,0.004,2.0,174.0,0,192,168,220,12,192,168,100,5
445.0,40239.0,TCP,0.0,1.0,108.0,0,192,168,100,5,192,168,220,10
36476.0,80.0,TCP,0.004,5.0,479.0,1,192,168,220,16,192,168,100,6
60567.0,80.0,TCP,0.006,5.0,479.0,1,192,168,220,16,192,168,100,6
137.0,137.0,UDP,0.0,1.0,92.0,0,192,168,220,15,192,168,220,255
58844.0,445.0,TCP,0.003,2.0,174.0,0,192,168,220,16,192,168,100,5
56028.0,80.0,TCP,0.005,5.0,479.0,1,192,168,220,16,192,168,100,6
58813.0,80.0,TCP,0.003,5.0,479.0,1,192,168,220,16,192,168,100,6
48888.0,445.0,TCP,0.005,2.0,174.0,0,192,168,220,15,192,168,100,5
138.0,138.0,UDP,0.0,1.0,262.0,0,192,168,220,6,192,168,220,255
56513.0,80.0,TCP,0.006,5.0,479.0,1,192,168,220,16,192,168,100,6
59544.0,80.0,TCP,0.003,5.0,479.0,1,192,168,220,16,192,168,100,6
59945.0,80.0,TCP,0.002,5.0,479.0,1,192,168,220,16,192,168,100,6
58948.0,80.0,TCP,0.002,5.0,479.0,1,192,168,220,16,192,168,100,6
51146.0,445.0,TCP,0.003,2.0,174.0,0,192,168,220,5,192,168,100,5
445.0,40239.0,TCP,0.0,1.0,108.0,0,192,168,100,5,192,168,220,10
46808.0,445.0,TCP,0.001,2.0,174.0,0,192,168,200,5,192,168,100,5
445.0,46709.0,TCP,0.0,1.0,108.0,0,192,168,100,5,192,168,220,6
49511.0,445.0,TCP,0.004,2.0,174.0,0,192,168,220,12,192,168,100,5
59051.0,80.0,TCP,0.005,5.0,479.0,1,192,168,220,16,192,168,100,6
33159.0,80.0,TCP,0.005,5.0,479.0,1,192,168,220,16,192,168,100,6
138.0,138.0,UDP,0.0,1.0,262.0,0,192,168,220,8,192,168,220,255
587.0,587.0,TCP,0.136,12.0,744.0,0,192,168,100,4,192,168,220,13
60485.0,80.0,TCP,0.003,5.0,479.0,1,192,168,220,16,192,168,100,6
56565.0,80.0,TCP,0.006,5.0,479.0,1,192,168,220,16,192,168,100,6
60689.0,445.0,TCP,0.003,2.0,174.0,0,192,168,220,13,192,168,100,5
58844.0,445.0,TCP,0.002,2.0,174.0,0,192,168,220,16,192,168,100,5
60732.0,80.0,TCP,0.003,5.0,479.0,1,192,168,220,16,192,168,100,6
445.0,60689.0,TCP,0.0,1.0,70.0,0,192,168,100,5,192,168,220,13
60689.0,445.0,TCP,0.003,2.0,174.0,0,192,168,220,13,192,168,100,5
34743.0,445.0,TCP,0.003,2.0,174.0,0,192,168,220,11,192,168,100,5
33161.0,80.0,TCP,0.005,5.0,479.0,1,192,168,220,16,192,168,100,6
138.0,138.0,UDP,0.0,1.0,262.0,0,192,168,100,5,192,168,100,255
49511.0,445.0,TCP,0.002,2.0,174.0,0,192,168,220,12,192,168,100,5
35346.0,80.0,TCP,0.005,5.0,479.0,1,192,168,220,16,192,168,100,6
137.0,137.0,UDP,0.0,1.0,92.0,0,192,168,220,13,192,168,220,255
59201.0,80.0,TCP,0.004,5.0,479.0,1,192,168,220,16,192,168,100,6
46709.0,445.0,TCP,0.0,1.0,66.0,0,192,168,220,6,192,168,100,5
445.0,51146.0,TCP,0.0,1.0,108.0,0,192,168,100,5,192,168,220,5
445.0,37191.0,TCP,0.0,1.0,70.0,0,192,168,100,5,192,168,220,7
445.0,40239.0,TCP,0.0,1.0,108.0,0,192,168,100,5,192,168,220,10
60689.0,445.0,TCP,0.002,2.0,174.0,0,192,168,220,13,192,168,100,5
48888.0,445.0,TCP,0.004,2.0,174.0,0,192,168,220,15,192,168,100,5
445.0,37884.0,TCP,0.0,1.0,70.0,0,192,168,100,5,192,168,220,9
445.0,37191.0,TCP,0.0,1.0,108.0,0,192,168,100,5,192,168,220,7
445.0,52321.0,TCP,0.0,1.0,70.0,0,192,168,100,5,192,168,220,14
445.0,37191.0,TCP,0.0,1.0,108.0,0,192,168,100,5,192,168,220,7
59205.0,80.0,TCP,0.004,5.0,479.0,1,192,168,220,16,192,168,100,6
36149.0,80.0,TCP,0.004,5.0,479.0,1,192,168,220,16,192,168,100,6
137.0,137.0,UDP,0.0,1.0,92.0,0,192,168,220,4,192,168,220,255
445.0,46808.0,TCP,0.0,1.0,108.0,0,192,168,100,5,192,168,200,5
34832.0,80.0,TCP,0.004,5.0,479.0,1,192,168,220,16,192,168,100,6
445.0,40239.0,TCP,0.0,1.0,108.0,0,192,168,100,5,192,168,220,10
445.0,40239.0,TCP,0.0,1.0,108.0,0,192,168,100,5,192,168,220,10
138.0,138.0,UDP,0.0,2.0,517.0,0,192,168,210,3,192,168,210,255
445.0,37884.0,TCP,0.0,1.0,108.0,0,192,168,100,5,192,168,220,9
445.0,48888.0,TCP,0.0,1.0,108.0,0,192,168,100,5,192,168,220,15
445.0,46709.0,TCP,0.0,1.0,70.0,0,192,168,100,5,192,168,220,6
445.0,40239.0,TCP,0.0,1.0,108.0,0,192,168,100,5,192,168,220,10
445.0,46808.0,TCP,0.0,1.0,108.0,0,192,168,100,5,192,168,200,5
48888.0,445.0,TCP,0.002,2.0,174.0,0,192,168,220,15,192,168,100,5
137.0,137.0,UDP,0.0,1.0,92.0,1,192,168,220,16,192,168,220,255
51357.0,1310.0,TCP,0.0,1.0,58.0,1,192,168,220,16,192,168,200,1
46709.0,445.0,TCP,0.009,2.0,174.0,0,192,168,220,6,192,168,100,5
57241.0,80.0,TCP,0.003,6.0,545.0,1,192,168,220,16,192,168,100,6
137.0,137.0,UDP,0.0,1.0,92.0,0,192,168,220,13,192,168,220,255
60689.0,445.0,TCP,0.0,1.0,66.0,0,192,168,220,13,192,168,100,5
445.0,52321.0,TCP,0.0,1.0,108.0,0,192,168,100,5,192,168,220,14
56631.0,80.0,TCP,0.002,6.0,545.0,1,192,168,220,16,192,168,100,6
57536.0,80.0,TCP,0.002,5.0,479.0,1,192,168,220,16,192,168,100,6
445.0,43183.0,TCP,0.0,1.0,108.0,0,192,168,100,5,192,168,200,4
445.0,58844.0,TCP,0.0,1.0,108.0,0,192,168,100,5,192,168,220,16
137.0,137.0,UDP,0.0,1.0,92.0,0,192,168,220,12,192,168,220,255
32867.0,80.0,TCP,0.006,5.0,479.0,1,192,168,220,16,192,168,100,6
58844.0,445.0,TCP,0.004,2.0,174.0,0,192,168,220,16,192,168,100,5
37191.0,445.0,TCP,0.004,2.0,174.0,0,192,168,220,7,192,168,100,5
51358.0,993.0,TCP,0.0,1.0,58.0,1,192,168,220,16,192,168,200,2
59072.0,80.0,TCP,0.004,5.0,479.0,1,192,168,220,16,192,168,100,6
58752.0,80.0,TCP,0.004,5.0,479.0,1,192,168,220,16,192,168,100,6
445.0,43183.0,TCP,0.0,1.0,108.0,0,192,168,100,5,192,168,200,4
445.0,58844.0,TCP,0.0,1.0,108.0,0,192,168,100,5,192,168,220,16
51358.0,49163.0,TCP,0.0,1.0,58.0,1,192,168,220,16,192,168,200,8
43183.0,445.0,TCP,0.0,1.0,66.0,0,192,168,200,4,192,168,100,5
60881.0,80.0,TCP,0.005,5.0,479.0,1,192,168,220,16,192,168,100,6
48888.0,445.0,TCP,0.002,2.0,174.0,0,192,168,220,15,192,168,100,5
445.0,43145.0,TCP,0.0,1.0,108.0,0,192,168,100,5,192,168,220,4
59626.0,80.0,TCP,0.005,5.0,479.0,1,192,168,220,16,192,168,100,6
48888.0,445.0,TCP,0.004,2.0,174.0,0,192,168,220,15,192,168,100,5
445.0,58844.0,TCP,0.0,1.0,108.0,0,192,168,100,5,192,168,220,16
51357.0,8180.0,TCP,0.0,1.0,58.0,1,192,168,220,16,192,168,200,9
445.0,49511.0,TCP,0.0,1.0,108.0,0,192,168,100,5,192,168,220,12
51357.0,8176.0,TCP,0.0,1.0,58.0,1,192,168,220,16,192,168,200,2
137.0,137.0,UDP,0.0,1.0,92.0,0,192,168,220,9,192,168,220,255
43145.0,445.0,TCP,0.003,2.0,174.0,0,192,168,220,4,192,168,100,5
57854.0,80.0,TCP,0.005,5.0,479.0,1,192,168,220,16,192,168,100,6
51146.0,445.0,TCP,0.0,1.0,66.0,0,192,168,220,5,192,168,100,5
34072.0,80.0,TCP,0.005,5.0,479.0,1,192,168,220,16,192,168,100,6
60381.0,80.0,TCP,0.005,5.0,479.0,1,192,168,220,16,192,168,100,6
445.0,60689.0,TCP,0.0,1.0,108.0,0,192,168,100,5,192,168,220,13
137.0,137.0,UDP,0.0,1.0,92.0,0,192,168,220,6,192,168,220,255
445.0,43145.0,TCP,0.0,1.0,108.0,0,192,168,100,5,192,168,220,4
57319.0,80.0,TCP,0.005,6.0,545.0,1,192,168,220,16,192,168,100,6
445.0,46709.0,TCP,0.0,1.0,108.0,0,192,168,100,5,192,168,220,6
48888.0,445.0,TCP,0.0,2.0,174.0,0,192,168,220,15,192,168,100,5
445.0,37884.0,TCP,0.0,1.0,108.0,0,192,168,100,5,192,168,220,9
33845.0,80.0,TCP,0.005,6.0,545.0,1,192,168,220,16,192,168,100,6
36985.0,80.0,TCP,0.004,6.0,545.0,1,192,168,220,16,192,168,100,6
445.0,46709.0,TCP,0.0,1.0,108.0,0,192,168,100,5,192,168,220,6
60703.0,80.0,TCP,0.003,5.0,479.0,1,192,168,220,16,192,168,100,6
57618.0,80.0,TCP,0.004,6.0,545.0,1,192,168,220,16,192,168,100,6
55957.0,80.0,TCP,0.006,5.0,479.0,1,192,168,220,16,192,168,100,6
36467.0,80.0,TCP,0.006,6.0,545.0,1,192,168,220,16,192,168,100,6
32862.0,80.0,TCP,0.004,5.0,479.0,1,192,168,220,16,192,168,100,6
57295.0,80.0,TCP,0.005,6.0,545.0,1,192,168,220,16,192,168,100,6
59067.0,80.0,TCP,0.005,5.0,479.0,1,192,168,220,16,192,168,100,6
445.0,43145.0,TCP,0.0,1.0,108.0,0,192,168,100,5,192,168,220,4
58844.0,445.0,TCP,0.004,2.0,174.0,0,192,168,220,16,192,168,100,5
60742.0,80.0,TCP,0.003,5.0,479.0,1,192,168,220,16,192,168,100,6
445.0,37191.0,TCP,0.0,1.0,108.0,0,192,168,100,5,192,168,220,7
35369.0,80.0,TCP,0.005,5.0,479.0,1,192,168,220,16,192,168,100,6
34743.0,445.0,TCP,0.092,2.0,174.0,0,192,168,220,11,192,168,100,5
51146.0,445.0,TCP,0.005,2.0,174.0,0,192,168,220,5,192,168,100,5
48888.0,445.0,TCP,0.005,2.0,174.0,0,192,168,220,15,192,168,100,5
46709.0,445.0,TCP,0.003,2.0,174.0,0,192,168,220,6,192,168,100,5
60321.0,80.0,TCP,0.002,5.0,479.0,1,192,168,220,16,192,168,100,6
36129.0,80.0,TCP,0.003,5.0,479.0,1,192,168,220,16,192,168,100,6
58844.0,445.0,TCP,0.003,2.0,174.0,0,192,168,220,16,192,168,100,5
445.0,60689.0,TCP,0.0,1.0,108.0,0,192,168,100,5,192,168,220,13
58914.0,80.0,TCP,0.005,5.0,479.0,1,192,168,220,16,192,168,100,6
59317.0,80.0,TCP,0.006,5.0,479.0,1,192,168,220,16,192,168,100,6
35309.0,80.0,TCP,0.003,5.0,479.0,1,192,168,220,16,192,168,100,6
43145.0,445.0,TCP,0.001,2.0,174.0,0,192,168,220,4,192,168,100,5
445.0,46709.0,TCP,0.0,1.0,108.0,0,192,168,100,5,192,168,220,6
46709.0,445.0,TCP,0.002,2.0,174.0,0,192,168,220,6,192,168,100,5
445.0,46709.0,TCP,0.0,1.0,108.0,0,192,168,100,5,192,168,220,6
51146.0,445.0,TCP,0.003,2.0,174.0,0,192,168,220,5,192,168,100,5
51146.0,445.0,TCP,0.002,2.0,174.0,0,192,168,220,5,192,168,100,5
36002.0,80.0,TCP,0.005,5.0,479.0,1,192,168,220,16,192,168,100,6
51357.0,25.0,TCP,0.0,1.0,58.0,1,192,168,220,16,192,168,200,3
59267.0,80.0,TCP,0.006,5.0,479.0,1,192,168,220,16,192,168,100,6
137.0,137.0,UDP,0.0,1.0,92.0,0,192,168,220,10,192,168,220,255
55644.0,80.0,TCP,0.003,5.0,479.0,1,192,168,220,16,192,168,100,6
57211.0,80.0,TCP,0.002,5.0,479.0,1,192,168,220,16,192,168,100,6
445.0,51146.0,TCP,0.0,1.0,108.0,0,192,168,100,5,192,168,220,5
46755.0,514.0,TCP,0.0,1.0,58.0,1,192,168,220,16,192,168,210,4
58844.0,80.0,TCP,0.006,5.0,479.0,1,192,168,220,16,192,168,100,6
57777.0,80.0,TCP,0.006,6.0,545.0,1,192,168,220,16,192,168,100,6
445.0,40239.0,TCP,0.0,1.0,70.0,0,192,168,100,5,192,168,220,10
445.0,60689.0,TCP,0.0,1.0,108.0,0,192,168,100,5,192,168,220,13
445.0,40239.0,TCP,0.0,1.0,108.0,0,192,168,100,5,192,168,220,10
58844.0,80.0,TCP,0.005,6.0,545.0,1,192,168,220,16,192,168,100,6
445.0,43145.0,TCP,0.0,1.0,108.0,0,192,168,100,5,192,168,220,4
60734.0,80.0,TCP,0.003,5.0,479.0,1,192,168,220,16,192,168,100,6
51357.0,514.0,TCP,0.0,1.0,58.0,1,192,168,220,16,192,168,200,2
51357.0,2034.0,TCP,0.0,1.0,58.0,1,192,168,220,16,192,168,200,1
51358.0,1031.0,TCP,0.0,1.0,58.0,1,192,168,220,16,192,168,200,9
445.0,43183.0,TCP,0.0,1.0,108.0,0,192,168,100,5,192,168,200,4
445.0,34743.0,TCP,0.0,1.0,108.0,0,192,168,100,5,192,168,220,11
59325.0,80.0,TCP,0.004,5.0,479.0,1,192,168,220,16,192,168,100,6
60575.0,80.0,TCP,0.004,5.0,479.0,1,192,168,220,16,192,168,100,6
43145.0,445.0,TCP,0.005,2.0,174.0,0,192,168,220,4,192,168,100,5
43183.0,445.0,TCP,0.004,2.0,174.0,0,192,168,200,4,192,168,100,5
445.0,46808.0,TCP,0.0,1.0,108.0,0,192,168,100,5,192,168,200,5
59256.0,80.0,TCP,0.005,5.0,479.0,1,192,168,220,16,192,168,100,6
37191.0,445.0,TCP,0.003,2.0,174.0,0,192,168,220,7,192,168,100,5
51357.0,1082.0,TCP,0.0,1.0,58.0,1,192,168,220,16,192,168,200,2
138.0,138.0,UDP,0.0,1.0,262.0,0,192,168,220,7,192,168,220,255
445.0,58844.0,TCP,0.0,1.0,108.0,0,192,168,100,5,192,168,220,16
60643.0,80.0,TCP,0.002,5.0,479.0,1,192,168,220,16,192,168,100,6
445.0,43145.0,TCP,0.0,1.0,108.0,0,192,168,100,5,192,168,220,4
58991.0,80.0,TCP,0.004,5.0,479.0,1,192,168,220,16,192,168,100,6
445.0,37884.0,TCP,0.0,1.0,108.0,0,192,168,100,5,192,168,220,9
51357.0,25.0,TCP,0.0,1.0,58.0,1,192,168,220,16,192,168,200,4
445.0,58844.0,TCP,0.0,1.0,108.0,0,192,168,100,5,192,168,220,16
56581.0,80.0,TCP,0.002,6.0,545.0,1,192,168,220,16,192,168,100,6
35358.0,80.0,TCP,0.003,5.0,479.0,1,192,168,220,16,192,168,100,6
445.0,48888.0,TCP,0.0,1.0,108.0,0,192,168,100,5,192,168,220,15
445.0,51146.0,TCP,0.0,1.0,108.0,0,192,168,100,5,192,168,220,5
59205.0,80.0,TCP,0.004,5.0,479.0,1,192,168,220,16,192,168,100,6
37191.0,445.0,TCP,0.002,2.0,174.0,0,192,168,220,7,192,168,100,5
37884.0,445.0,TCP,0.005,2.0,174.0,0,192,168,220,9,192,168,100,5
57869.0,80.0,TCP,0.005,6.0,545.0,1,192,168,220,16,192,168,100,6
60175.0,80.0,TCP,0.006,5.0,479.0,1,192,168,220,16,192,168,100,6
34938.0,80.0,TCP,0.006,5.0,479.0,1,192,168,220,16,192,168,100,6
445.0,34743.0,TCP,0.0,1.0,108.0,0,192,168,100,5,192,168,220,11
445.0,60689.0,TCP,0.0,1.0,108.0,0,192,168,100,5,192,168,220,13
58135.0,80.0,TCP,0.006,5.0,479.0,1,192,168,220,16,192,168,100,6
36835.0,80.0,TCP,0.004,5.0,479.0,1,192,168,220,16,192,168,100,6
56743.0,80.0,TCP,0.006,6.0,545.0,1,192,168,220,16,192,168,100,6
43742.0,80.0,TCP,0.0,1.0,74.0,0,192,168,220,15,192,168,100,6
35404.0,80.0,TCP,0.006,5.0,479.0,1,192,168,220,16,192,168,100,6
60689.0,445.0,TCP,0.003,2.0,174.0,0,192,168,220,13,192,168,100,5
37884.0,445.0,TCP,0.002,2.0,174.0,0,192,168,220,9,192,168,100,5
51357.0,1093.0,TCP,0.0,1.0,58.0,1,192,168,220,16,192,168,200,9
59267.0,80.0,TCP,0.003,5.0,479.0,1,192,168,220,16,192,168,100,6
445.0,34743.0,TCP,0.0,1.0,108.0,0,192,168,100,5,192,168,220,11
445.0,46709.0,TCP,0.0,1.0,108.0,0,192,168,100,5,192,168,220,6
58844.0,445.0,TCP,0.005,2.0,174.0,0,192,168,220,16,192,168,100,5
137.0,137.0,UDP,0.0,1.0,92.0,0,192,168,220,10,192,168,220,255
138.0,138.0,UDP,0.0,1.0,262.0,0,192,168,220,8,192,168,220,255
445.0,60689.0,TCP,0.0,1.0,108.0,0,192,168,100,5,192,168,220,13
445.0,48888.0,TCP,0.0,1.0,108.0,0,192,168,100,5,192,168,220,15
58235.0,80.0,TCP,0.005,5.0,479.0,1,192,168,220,16,192,168,100,6
445.0,34743.0,TCP,0.0,1.0,108.0,0,192,168,100,5,192,168,220,11
445.0,43183.0,TCP,0.0,1.0,108.0,0,192,168,100,5,192,168,200,4
51146.0,445.0,TCP,0.0,1.0,66.0,0,192,168,220,5,192,168,100,5
36062.0,80.0,TCP,0.004,5.0,479.0,1,192,168,220,16,192,168,100,6
43183.0,445.0,TCP,0.005,2.0,174.0,0,192,168,200,4,192,168,100,5
445.0,34743.0,TCP,0.0,1.0,108.0,0,192,168,100,5,192,168,220,11
59831.0,80.0,TCP,0.005,5.0,479.0,1,192,168,220,16,192,168,100,6
138.0,138.0,UDP,0.0,1.0,243.0,0,192,168,210,4,192,168,210,255
445.0,51146.0,TCP,0.0,1.0,108.0,0,192,168,100,5,192,168,220,5
43145.0,445.0,TCP,0.0,1.0,66.0,0,192,168,220,4,192,168,100,5
36680.0,80.0,TCP,0.005,5.0,479.0,1,192,168,220,16,192,168,100,6
52321.0,445.0,TCP,0.002,2.0,174.0,0,192,168,220,14,192,168,100,5
445.0,58844.0,TCP,0.0,1.0,108.0,0,192,168,100,5,192,168,220,16
36176.0,80.0,TCP,0.005,5.0,479.0,1,192,168,220,16,192,168,100,6
55438.0,80.0,TCP,0.005,5.0,479.0,1,192,168,220,16,192,168,100,6
49511.0,445.0,TCP,0.003,2.0,174.0,0,192,168,220,12,192,168,100,5
37191.0,445.0,TCP,0.002,2.0,174.0,0,192,168,220,7,192,168,100,5
35259.0,80.0,TCP,0.006,5.0,479.0,1,192,168,220,16,192,168,100,6
59054.0,80.0,TCP,0.004,5.0,479.0,1,192,168,220,16,192,168,100,6
60644.0,80.0,TCP,0.004,6.0,545.0,1,192,168,220,16,192,168,100,6
59098.0,80.0,TCP,0.003,5.0,479.0,1,192,168,220,16,192,168,100,6
58372.0,80.0,TCP,0.003,5.0,479.0,1,192,168,220,16,192,168,100,6
445.0,49094.0,TCP,0.0,1.0,108.0,0,192,168,100,5,192,168,220,8
46709.0,445.0,TCP,0.002,2.0,174.0,0,192,168,220,6,192,168,100,5
57727.0,80.0,TCP,0.003,5.0,479.0,1,192,168,220,16,192,168,100,6
59091.0,80.0,TCP,0.003,5.0,479.0,1,192,168,220,16,192,168,100,6
37884.0,445.0,TCP,0.001,2.0,174.0,0,192,168,220,9,192,168,100,5
51357.0,7002.0,TCP,0.0,1.0,58.0,1,192,168,220,16,192,168,200,1
37191.0,445.0,TCP,0.002,2.0,174.0,0,192,168,220,7,192,168,100,5
52321.0,445.0,TCP,0.002,2.0,174.0,0,192,168,220,14,192,168,100,5
137.0,137.0,UDP,0.0,1.0,92.0,0,192,168,220,6,192,168,220,255
58739.0,80.0,TCP,0.003,5.0,479.0,1,192,168,220,16,192,168,100,6
58490.0,80.0,TCP,0.004,5.0,479.0,1,192,168,220,16,192,168,100,6
43145.0,445.0,TCP,0.0,1.0,66.0,0,192,168,220,4,192,168,100,5
57937.0,80.0,TCP,0.005,5.0,479.0,1,192,168,220,16,192,168,100,6
445.0,48888.0,TCP,0.0,1.0,108.0,0,192,168,100,5,192,168,220,15
51146.0,445.0,TCP,0.002,2.0,174.0,0,192,168,220,5,192,168,100,5
59413.0,80.0,TCP,0.006,6.0,545.0,1,192,168,220,16,192,168,100,6
46808.0,445.0,TCP,0.004,2.0,174.0,0,192,168,200,5,192,168,100,5
59939.0,80.0,TCP,0.005,6.0,545.0,1,192,168,220,16,192,168,100,6
51357.0,54321.0,TCP,0.0,1.0,58.0,1,192,168,220,16,192,168,200,5
445.0,37191.0,TCP,0.0,1.0,108.0,0,192,168,100,5,192,168,220,7
5.0,80.0,TCP,0.004,5.0,479.0,1,192,168,220,16,192,168,100,6
51357.0,2801.0,TCP,0.0,1.0,58.0,1,192,168,220,16,192,168,200,3
37191.0,445.0,TCP,0.0,1.0,66.0,0,192,168,220,7,192,168,100,5
445.0,49511.0,TCP,0.0,1.0,108.0,0,192,168,100,5,192,168,220,12
35277.0,80.0,TCP,0.004,5.0,479.0,1,192,168,220,16,192,168,100,6
445.0,51146.0,TCP,0.0,1.0,108.0,0,192,168,100,5,192,168,220,5
37884.0,445.0,TCP,0.003,2.0,174.0,0,192,168,220,9,192,168,100,5
57294.0,80.0,TCP,0.005,5.0,479.0,1,192,168,220,16,192,168,100,6
58844.0,445.0,TCP,0.0,1.0,66.0,0,192,168,220,16,192,168,100,5
445.0,48888.0,TCP,0.0,1.0,108.0,0,192,168,100,5,192,168,220,15
60689.0,445.0,TCP,0.004,2.0,174.0,0,192,168,220,13,192,168,100,5
52321.0,445.0,TCP,0.006,2.0,174.0,0,192,168,220,14,192,168,100,5
35723.0,80.0,TCP,0.004,5.0,479.0,1,192,168,220,16,192,168,100,6
445.0,49094.0,TCP,0.0,1.0,108.0,0,192,168,100,5,192,168,220,8
51357.0,1031.0,TCP,0.0,1.0,58.0,1,192,168,220,16,192,168,200,8
445.0,43145.0,TCP,0.0,1.0,108.0,0,192,168,100,5,192,168,220,4
51357.0,1566.0,TCP,0.0,1.0,58.0,1,192,168,220,16,192,168,200,2
35127.0,80.0,TCP,0.005,5.0,479.0,1,192,168,220,16,192,168,100,6
445.0,40239.0,TCP,0.0,1.0,108.0,0,192,168,100,5,192,168,220,10
36946.0,80.0,TCP,0.004,5.0,479.0,1,192,168,220,16,192,168,100,6
138.0,138.0,UDP,0.0,1.0,262.0,0,192,168,220,5,192,168,220,255
46709.0,445.0,TCP,0.002,2.0,174.0,0,192,168,220,6,192,168,100,5
51357.0,2043.0,TCP,0.0,1.0,58.0,1,192,168,220,16,192,168,200,3
57841.0,80.0,TCP,0.004,5.0,479.0,1,192,168,220,16,192,168,100,6
445.0,37884.0,TCP,0.0,1.0,108.0,0,192,168,100,5,192,168,220,9
445.0,48888.0,TCP,0.0,1.0,108.0,0,192,168,100,5,192,168,220,15
138.0,138.0,UDP,0.0,1.0,262.0,0,192,168,220,9,192,168,220,255
34743.0,445.0,TCP,0.005,2.0,174.0,0,192,168,220,11,192,168,100,5
58318.0,80.0,TCP,0.005,6.0,545.0,1,192,168,220,16,192,168,100,6
43183.0,445.0,TCP,0.003,2.0,174.0,0,192,168,200,4,192,168,100,5
60369.0,80.0,TCP,0.003,6.0,545.0,1,192,168,220,16,192,168,100,6
445.0,58844.0,TCP,0.0,1.0,70.0,0,192,168,100,5,192,168,220,16
51358.0,10006.0,TCP,0.0,1.0,58.0,1,192,168,220,16,192,168,200,8
37191.0,445.0,TCP,0.003,2.0,174.0,0,192,168,220,7,192,168,100,5
445.0,51146.0,TCP,0.0,1.0,108.0,0,192,168,100,5,192,168,220,5
59099.0,80.0,TCP,0.003,5.0,479.0,1,192,168,220,16,192,168,100,6
445.0,46709.0,TCP,0.0,1.0,108.0,0,192,168,100,5,192,168,220,6
138.0,138.0,UDP,0.0,1.0,262.0,0,192,168,100,5,192,168,100,255
445.0,40239.0,TCP,0.0,1.0,108.0,0,192,168,100,5,192,168,220,10
35271.0,80.0,TCP,0.005,5.0,479.0,1,192,168,220,16,192,168,100,6
445.0,46808.0,TCP,0.0,1.0,108.0,0,192,168,100,5,192,168,200,5
51146.0,445.0,TCP,0.004,2.0,174.0,0,192,168,220,5,192,168,100,5
60689.0,445.0,TCP,0.0,1.0,66.0,0,192,168,220,13,192,168,100,5
51146.0,445.0,TCP,0.003,2.0,174.0,0,192,168,220,5,192,168,100,5
40239.0,445.0,TCP,0.003,2.0,174.0,0,192,168,220,10,192,168,100,5
43183.0,445.0,TCP,0.002,2.0,174.0,0,192,168,200,4,192,168,100,5
51146.0,445.0,TCP,0.004,2.0,174.0,0,192,168,220,5,192,168,100,5
445.0,43183.0,TCP,0.0,1.0,108.0,0,192,168,100,5,192,168,200,4
445.0,43145.0,TCP,0.0,1.0,108.0,0,192,168,100,5,192,168,220,4
445.0,37191.0,TCP,0.0,1.0,70.0,0,192,168,100,5,192,168,220,7
445.0,37884.0,TCP,0.0,1.0,108.0,0,192,168,100,5,192,168,220,9
137.0,137.0,UDP,0.0,1.0,92.0,0,192,168,220,15,192,168,220,255
59527.0,80.0,TCP,0.005,5.0,479.0,1,192,168,220,16,192,168,100,6
52321.0,445.0,TCP,0.0,1.0,66.0,0,192,168,220,14,192,168,100,5
51357.0,9090.0,TCP,0.0,1.0,58.0,1,192,168,220,16,192,168,200,5
51146.0,445.0,TCP,0.002,2.0,174.0,0,192,168,220,5,192,168,100,5
46808.0,445.0,TCP,0.002,2.0,174.0,0,192,168,200,5,192,168,100,5
137.0,137.0,UDP,0.0,1.0,92.0,0,192,168,220,13,192,168,220,255
59534.0,80.0,TCP,0.003,5.0,479.0,1,192,168,220,16,192,168,100,6
33503.0,80.0,TCP,0.006,5.0,479.0,1,192,168,220,16,192,168,100,6
60341.0,80.0,TCP,0.004,6.0,545.0,1,192,168,220,16,192,168,100,6
445.0,49094.0,TCP,0.0,1.0,108.0,0,192,168,100,5,192,168,220,8
58844.0,445.0,TCP,0.002,2.0,174.0,0,192,168,220,16,192,168,100,5
36207.0,80.0,TCP,0.002,5.0,479.0,1,192,168,220,16,192,168,100,6
51357.0,3389.0,TCP,0.0,1.0,58.0,1,192,168,220,16,192,168,200,1
445.0,34743.0,TCP,0.0,1.0,108.0,0,192,168,100,5,192,168,220,11
40239.0,445.0,TCP,0.005,2.0,174.0,0,192,168,220,10,192,168,100,5
445.0,46709.0,TCP,0.0,1.0,108.0,0,192,168,100,5,192,168,220,6
49094.0,445.0,TCP,0.002,2.0,174.0,0,192,168,220,8,192,168,100,5
445.0,52321.0,TCP,0.0,1.0,108.0,0,192,168,100,5,192,168,220,14
58305.0,80.0,TCP,0.006,5.0,479.0,1,192,168,220,16,192,168,100,6
58422.0,80.0,TCP,0.005,5.0,479.0,1,192,168,220,16,192,168,100,6
445.0,43145.0,TCP,0.0,1.0,108.0,0,192,168,100,5,192,168,220,4
51357.0,51480.0,TCP,0.0,1.0,58.0,1,192,168,220,16,192,168,200,3
445.0,60689.0,TCP,0.0,1.0,108.0,0,192,168,100,5,192,168,220,13
40239.0,445.0,TCP,0.004,2.0,174.0,0,192,168,220,10,192,168,100,5
445.0,48888.0,TCP,0.0,1.0,108.0,0,192,168,100,5,192,168,220,15
445.0,51146.0,TCP,0.0,1.0,108.0,0,192,168,100,5,192,168,220,5
58861.0,80.0,TCP,0.004,6.0,545.0,1,192,168,220,16,192,168,100,6
445.0,48888.0,TCP,0.0,1.0,108.0,0,192,168,100,5,192,168,220,15
43145.0,445.0,TCP,0.002,2.0,174.0,0,192,168,220,4,192,168,100,5
49511.0,445.0,TCP,0.0,2.0,174.0,0,192,168,220,12,192,168,100,5
445.0,46709.0,TCP,0.0,1.0,108.0,0,192,168,100,5,192,168,220,6
48888.0,445.0,TCP,0.004,2.0,174.0,0,192,168,220,15,192,168,100,5
34587.0,80.0,TCP,0.004,5.0,479.0,1,192,168,220,16,192,168,100,6
59418.0,80.0,TCP,0.003,5.0,479.0,1,192,168,220,16,192,168,100,6
58932.0,80.0,TCP,0.004,6.0,545.0,1,192,168,220,16,192,168,100,6
56579.0,80.0,TCP,0.005,6.0,545.0,1,192,168,220,16,192,168,100,6
49094.0,445.0,TCP,0.003,2.0,174.0,0,192,168,220,8,192,168,100,5
445.0,49094.0,TCP,0.0,1.0,108.0,0,192,168,100,5,192,168,220,8
59913.0,80.0,TCP,0.004,5.0,479.0,1,192,168,220,16,192,168,100,6
43145.0,445.0,TCP,0.002,2.0,174.0,0,192,168,220,4,192,168,100,5
56840.0,80.0,TCP,0.0069999999999999,6.0,545.0,1,192,168,220,16,192,168,100,6
445.0,37884.0,TCP,0.0,1.0,108.0,0,192,168,100,5,192,168,220,9
59030.0,80.0,TCP,0.0069999999999999,6.0,545.0,1,192,168,220,16,192,168,100,6
445.0,46709.0,TCP,0.0,1.0,108.0,0,192,168,100,5,192,168,220,6
43183.0,445.0,TCP,0.0,1.0,66.0,0,192,168,200,4,192,168,100,5
51358.0,9090.0,TCP,0.0,1.0,58.0,1,192,168,220,16,192,168,200,8
137.0,137.0,UDP,0.0,1.0,92.0,0,192,168,200,4,192,168,200,255
52321.0,445.0,TCP,0.002,2.0,174.0,0,192,168,220,14,192,168,100,5
37191.0,445.0,TCP,0.003,2.0,174.0,0,192,168,220,7,192,168,100,5
58844.0,445.0,TCP,0.001,2.0,174.0,0,192,168,220,16,192,168,100,5
56160.0,80.0,TCP,0.003,5.0,479.0,1,192,168,220,16,192,168,100,6
51357.0,1047.0,TCP,0.0,1.0,58.0,1,192,168,220,16,192,168,200,5
60434.0,80.0,TCP,0.004,5.0,479.0,1,192,168,220,16,192,168,100,6
57722.0,80.0,TCP,0.003,5.0,479.0,1,192,168,220,16,192,168,100,6
33279.0,80.0,TCP,0.003,6.0,545.0,1,192,168,220,16,192,168,100,6
59983.0,80.0,TCP,0.004,5.0,479.0,1,192,168,220,16,192,168,100,6
58626.0,80.0,TCP,0.004,5.0,479.0,1,192,168,220,16,192,168,100,6
59836.0,80.0,TCP,0.004,5.0,479.0,1,192,168,220,16,192,168,100,6
51454.0,25.0,TCP,0.0,1.0,58.0,1,192,168,220,16,192,168,200,4
58702.0,80.0,TCP,0.004,5.0,479.0,1,192,168,220,16,192,168,100,6
35034.0,80.0,TCP,0.006,6.0,545.0,1,192,168,220,16,192,168,100,6
37191.0,445.0,TCP,0.004,2.0,174.0,0,192,168,220,7,192,168,100,5
52321.0,445.0,TCP,0.003,2.0,174.0,0,192,168,220,14,192,168,100,5
58924.0,80.0,TCP,0.005,5.0,479.0,1,192,168,220,16,192,168,100,6
137.0,137.0,UDP,0.0,1.0,92.0,0,192,168,220,6,192,168,220,255
43145.0,445.0,TCP,0.005,2.0,174.0,0,192,168,220,4,192,168,100,5
57950.0,80.0,TCP,0.004,5.0,479.0,1,192,168,220,16,192,168,100,6
445.0,52321.0,TCP,0.0,1.0,108.0,0,192,168,100,5,192,168,220,14
445.0,34743.0,TCP,0.0,1.0,108.0,0,192,168,100,5,192,168,220,11
445.0,49511.0,TCP,0.0,1.0,108.0,0,192,168,100,5,192,168,220,12
34743.0,445.0,TCP,0.005,2.0,174.0,0,192,168,220,11,192,168,100,5
57842.0,80.0,TCP,0.004,5.0,479.0,1,192,168,220,16,192,168,100,6
445.0,40239.0,TCP,0.0,1.0,70.0,0,192,168,100,5,192,168,220,10
33370.0,80.0,TCP,0.005,5.0,479.0,1,192,168,220,16,192,168,100,6
57763.0,80.0,TCP,0.006,5.0,479.0,1,192,168,220,16,192,168,100,6
37884.0,445.0,TCP,0.002,2.0,174.0,0,192,168,220,9,192,168,100,5
445.0,37191.0,TCP,0.0,1.0,108.0,0,192,168,100,5,192,168,220,7
137.0,137.0,UDP,0.0,1.0,92.0,0,192,168,220,14,192,168,220,255
51146.0,445.0,TCP,0.004,2.0,174.0,0,192,168,220,5,192,168,100,5
445.0,58844.0,TCP,0.0,1.0,108.0,0,192,168,100,5,192,168,220,16
51358.0,3894.0,TCP,0.0,1.0,58.0,1,192,168,220,16,192,168,200,8
137.0,137.0,UDP,0.0,1.0,92.0,0,192,168,220,7,192,168,220,255
137.0,137.0,UDP,0.0,1.0,92.0,0,192,168,220,6,192,168,220,255
56201.0,80.0,TCP,0.004,6.0,545.0,1,192,168,220,16,192,168,100,6
40239.0,445.0,TCP,0.003,2.0,174.0,0,192,168,220,10,192,168,100,5
56577.0,80.0,TCP,0.005,6.0,545.0,1,192,168,220,16,192,168,100,6
34743.0,445.0,TCP,0.003,2.0,174.0,0,192,168,220,11,192,168,100,5
48888.0,445.0,TCP,0.002,2.0,174.0,0,192,168,220,15,192,168,100,5
60609.0,80.0,TCP,0.005,5.0,479.0,1,192,168,220,16,192,168,100,6
46709.0,445.0,TCP,0.003,2.0,174.0,0,192,168,220,6,192,168,100,5
56095.0,80.0,TCP,0.006,5.0,479.0,1,192,168,220,16,192,168,100,6
46709.0,445.0,TCP,0.0,1.0,66.0,0,192,168,220,6,192,168,100,5
58955.0,80.0,TCP,0.005,5.0,479.0,1,192,168,220,16,192,168,100,6
59092.0,80.0,TCP,0.004,5.0,479.0,1,192,168,220,16,192,168,100,6
43145.0,445.0,TCP,0.003,2.0,174.0,0,192,168,220,4,192,168,100,5
445.0,34743.0,TCP,0.0,1.0,70.0,0,192,168,100,5,192,168,220,11
58094.0,80.0,TCP,0.005,5.0,479.0,1,192,168,220,16,192,168,100,6
58113.0,80.0,TCP,0.006,5.0,479.0,1,192,168,220,16,192,168,100,6
33169.0,80.0,TCP,0.006,5.0,479.0,1,192,168,220,16,192,168,100,6
51358.0,1099.0,TCP,0.0,1.0,58.0,1,192,168,220,16,192,168,200,8
59935.0,80.0,TCP,0.004,6.0,545.0,1,192,168,220,16,192,168,100,6
58684.0,80.0,TCP,0.001,5.0,479.0,1,192,168,220,16,192,168,100,6
137.0,137.0,UDP,0.0,1.0,92.0,0,192,168,220,16,192,168,220,255
558731030.0,80.0,TCP,0.0069999999999999,6.0,545.0,1,192,168,220,16,192,168,100,6
34145.0,80.0,TCP,0.004,5.0,479.0,1,192,168,220,16,192,168,100,6
445.0,49511.0,TCP,0.0,1.0,70.0,0,192,168,100,5,192,168,220,12
37884.0,445.0,TCP,0.003,2.0,174.0,0,192,168,220,9,192,168,100,5
138.0,138.0,UDP,0.0,1.0,262.0,0,192,168,220,9,192,168,220,255
137.0,137.0,UDP,0.0,1.0,92.0,0,192,168,220,4,192,168,220,255
445.0,52321.0,TCP,0.0,1.0,108.0,0,192,168,100,5,192,168,220,14
445.0,37884.0,TCP,0.0,1.0,108.0,0,192,168,100,5,192,168,220,9
445.0,34743.0,TCP,0.0,1.0,108.0,0,192,168,100,5,192,168,220,11
60411.0,80.0,TCP,0.006,6.0,545.0,1,192,168,220,16,192,168,100,6
445.0,37884.0,TCP,0.0,1.0,108.0,0,192,168,100,5,192,168,220,9
51358.0,9001.0,TCP,0.0,1.0,58.0,1,192,168,220,16,192,168,200,9
58310.0,80.0,TCP,0.006,5.0,479.0,1,192,168,220,16,192,168,100,6
37191.0,445.0,TCP,0.004,2.0,174.0,0,192,168,220,7,192,168,100,5
51357.0,2043.0,TCP,0.0,1.0,58.0,1,192,168,220,16,192,168,200,3
57739.0,80.0,TCP,0.005,5.0,479.0,1,192,168,220,16,192,168,100,6
58844.0,445.0,TCP,0.002,2.0,174.0,0,192,168,220,16,192,168,100,5
58308.0,80.0,TCP,0.006,5.0,479.0,1,192,168,220,16,192,168,100,6
59097.0,80.0,TCP,0.006,5.0,479.0,1,192,168,220,16,192,168,100,6
59106.0,80.0,TCP,0.004,5.0,479.0,1,192,168,220,16,192,168,100,6
138.0,138.0,UDP,0.0,2.0,514.0,0,192,168,220,11,192,168,220,255
445.0,52321.0,TCP,0.0,1.0,108.0,0,192,168,100,5,192,168,220,14
57353.0,80.0,TCP,0.004,5.0,479.0,1,192,168,220,16,192,168,100,6
445.0,52321.0,TCP,0.0,1.0,108.0,0,192,168,100,5,192,168,220,14
37161.0,80.0,TCP,0.003,5.0,479.0,1,192,168,220,16,192,168,100,6
445.0,58844.0,TCP,0.0,1.0,108.0,0,192,168,100,5,192,168,220,16
59601.0,80.0,TCP,0.002,5.0,479.0,1,192,168,220,16,192,168,100,6
55900.0,80.0,TCP,0.004,5.0,479.0,1,192,168,220,16,192,168,100,6
59441.0,80.0,TCP,0.004,5.0,479.0,1,192,168,220,16,192,168,100,6
37884.0,445.0,TCP,0.004,2.0,174.0,0,192,168,220,9,192,168,100,5
36221.0,80.0,TCP,0.004,5.0,479.0,1,192,168,220,16,192,168,100,6
56288.0,80.0,TCP,0.005,5.0,479.0,1,192,168,220,16,192,168,100,6
60612.0,80.0,TCP,0.005,5.0,479.0,1,192,168,220,16,192,168,100,6
445.0,52321.0,TCP,0.0,1.0,108.0,0,192,168,100,5,192,168,220,14
40239.0,445.0,TCP,0.005,2.0,174.0,0,192,168,220,10,192,168,100,5
445.0,52321.0,TCP,0.0,1.0,108.0,0,192,168,100,5,192,168,220,14
445.0,51146.0,TCP,0.0,2.0,178.0,0,192,168,100,5,192,168,220,5
137.0,137.0,UDP,0.0,1.0,92.0,0,192,168,220,9,192,168,220,255
60123.0,80.0,TCP,0.003,5.0,479.0,1,192,168,220,16,192,168,100,6
58445.0,80.0,TCP,0.003,6.0,545.0,1,192,168,220,16,192,168,100,6
37884.0,445.0,TCP,0.004,2.0,174.0,0,192,168,220,9,192,168,100,5
34429.0,80.0,TCP,0.003,5.0,479.0,1,192,168,220,16,192,168,100,6
59715.0,80.0,TCP,0.005,5.0,479.0,1,192,168,220,16,192,168,100,6
51146.0,445.0,TCP,0.004,2.0,174.0,0,192,168,220,5,192,168,100,5
445.0,46709.0,TCP,0.0,1.0,108.0,0,192,168,100,5,192,168,220,6
445.0,49511.0,TCP,0.0,1.0,108.0,0,192,168,100,5,192,168,220,12
445.0,46709.0,TCP,0.0,1.0,108.0,0,192,168,100,5,192,168,220,6
445.0,43183.0,TCP,0.0,1.0,108.0,0,192,168,100,5,192,168,200,4
36805.0,80.0,TCP,0.005,5.0,479.0,1,192,168,220,16,192,168,100,6
51357.0,5901.0,TCP,0.0,1.0,58.0,1,192,168,220,16,192,168,200,8
60480.0,80.0,TCP,0.003,5.0,479.0,1,192,168,220,16,192,168,100,6
40239.0,445.0,TCP,0.002,2.0,174.0,0,192,168,220,10,192,168,100,5
59013.0,80.0,TCP,0.003,5.0,479.0,1,192,168,220,16,192,168,100,6
40239.0,445.0,TCP,0.005,2.0,174.0,0,192,168,220,10,192,168,100,5
58319.0,80.0,TCP,0.005,5.0,479.0,1,192,168,220,16,192,168,100,6
445.0,37884.0,TCP,0.0,1.0,108.0,0,192,168,100,5,192,168,220,9
445.0,58844.0,TCP,0.0,1.0,108.0,0,192,168,100,5,192,168,220,16
445.0,37884.0,TCP,0.0,1.0,108.0,0,192,168,100,5,192,168,220,9
58629.0,80.0,TCP,0.005,5.0,479.0,1,192,168,220,16,192,168,100,6
58028.0,80.0,TCP,0.003,5.0,479.0,1,192,168,220,16,192,168,100,6
59229.0,80.0,TCP,0.002,5.0,479.0,1,192,168,220,16,192,168,100,6
59528.0,80.0,TCP,0.006,5.0,479.0,1,192,168,220,16,192,168,100,6
445.0,60689.0,TCP,0.0,1.0,70.0,0,192,168,100,5,192,168,220,13
445.0,49094.0,TCP,0.0,1.0,108.0,0,192,168,100,5,192,168,220,8
445.0,48888.0,TCP,0.0,1.0,108.0,0,192,168,100,5,192,168,220,15
59072.0,80.0,TCP,0.005,5.0,479.0,1,192,168,220,16,192,168,100,6
35308.0,80.0,TCP,0.003,5.0,479.0,1,192,168,220,16,192,168,100,6
445.0,48888.0,TCP,0.0,1.0,108.0,0,192,168,100,5,192,168,220,15
58916.0,80.0,TCP,0.003,5.0,479.0,1,192,168,220,16,192,168,100,6
445.0,37191.0,TCP,0.0,1.0,70.0,0,192,168,100,5,192,168,220,7
138.0,138.0,UDP,0.0,1.0,262.0,0,192,168,220,14,192,168,220,255
58320.0,80.0,TCP,0.006,5.0,479.0,1,192,168,220,16,192,168,100,6
57956.0,80.0,TCP,0.006,5.0,479.0,1,192,168,220,16,192,168,100,6
138.0,138.0,UDP,0.0,1.0,262.0,0,192,168,220,5,192,168,220,255
445.0,40239.0,TCP,0.0,1.0,108.0,0,192,168,100,5,192,168,220,10
51496.0,25.0,TCP,0.0,1.0,58.0,1,192,168,220,16,192,168,200,1
40239.0,445.0,TCP,0.003,2.0,174.0,0,192,168,220,10,192,168,100,5
445.0,58844.0,TCP,0.0,1.0,108.0,0,192,168,100,5,192,168,220,16
445.0,48888.0,TCP,0.0,1.0,108.0,0,192,168,100,5,192,168,220,15
36122.0,80.0,TCP,0.004,5.0,479.0,1,192,168,220,16,192,168,100,6
445.0,46808.0,TCP,0.0,1.0,108.0,0,192,168,100,5,192,168,200,5
37884.0,445.0,TCP,0.003,2.0,174.0,0,192,168,220,9,192,168,100,5
40239.0,445.0,TCP,0.0,2.0,174.0,0,192,168,220,10,192,168,100,5
59530.0,80.0,TCP,0.003,5.0,479.0,1,192,168,220,16,192,168,100,6
445.0,51146.0,TCP,0.0,1.0,108.0,0,192,168,100,5,192,168,220,5
46808.0,445.0,TCP,0.005,2.0,174.0,0,192,168,200,5,192,168,100,5
445.0,60689.0,TCP,0.0,1.0,108.0,0,192,168,100,5,192,168,220,13
52321.0,445.0,TCP,0.002,2.0,174.0,0,192,168,220,14,192,168,100,5
57793.0,80.0,TCP,0.005,5.0,479.0,1,192,168,220,16,192,168,100,6
34743.0,445.0,TCP,0.004,2.0,174.0,0,192,168,220,11,192,168,100,5
60879.0,80.0,TCP,0.005,5.0,479.0,1,192,168,220,16,192,168,100,6
40239.0,445.0,TCP,0.001,2.0,174.0,0,192,168,220,10,192,168,100,5
137.0,137.0,UDP,0.0,1.0,92.0,0,192,168,220,4,192,168,220,255
60246.0,80.0,TCP,0.004,6.0,545.0,1,192,168,220,16,192,168,100,6
59959.0,80.0,TCP,0.006,5.0,479.0,1,192,168,220,16,192,168,100,6
445.0,34743.0,TCP,0.0,1.0,70.0,0,192,168,100,5,192,168,220,11
445.0,43183.0,TCP,0.0,1.0,108.0,0,192,168,100,5,192,168,200,4
37191.0,445.0,TCP,0.005,2.0,174.0,0,192,168,220,7,192,168,100,5
59172.0,80.0,TCP,0.005,6.0,545.0,1,192,168,220,16,192,168,100,6
36503.0,80.0,TCP,0.006,5.0,479.0,1,192,168,220,16,192,168,100,6
51357.0,7200.0,TCP,0.0,1.0,58.0,1,192,168,220,16,192,168,200,3
46755.0,683.0,TCP,0.0,1.0,58.0,1,192,168,220,16,192,168,210,1
33620.0,80.0,TCP,0.004,5.0,479.0,1,192,168,220,16,192,168,100,6
51357.0,3918.0,TCP,0.0,1.0,58.0,1,192,168,220,16,192,168,200,2
58944.0,80.0,TCP,0.004,5.0,479.0,1,192,168,220,16,192,168,100,6
51146.0,445.0,TCP,0.002,2.0,174.0,0,192,168,220,5,192,168,100,5
57594.0,80.0,TCP,0.004,6.0,545.0,1,192,168,220,16,192,168,100,6
46755.0,32778.0,TCP,0.0,1.0,58.0,1,192,168,220,16,192,168,210,5
445.0,37884.0,TCP,0.0,1.0,108.0,0,192,168,100,5,192,168,220,9
60713.0,80.0,TCP,0.005,5.0,479.0,1,192,168,220,16,192,168,100,6
445.0,58844.0,TCP,0.0,1.0,108.0,0,192,168,100,5,192,168,220,16
445.0,34743.0,TCP,0.0,1.0,108.0,0,192,168,100,5,192,168,220,11
445.0,58844.0,TCP,0.0,1.0,108.0,0,192,168,100,5,192,168,220,16
445.0,46709.0,TCP,0.0,1.0,108.0,0,192,168,100,5,192,168,220,6
57879.0,80.0,TCP,0.003,5.0,479.0,1,192,168,220,16,192,168,100,6
33151.0,80.0,TCP,0.004,5.0,479.0,1,192,168,220,16,192,168,100,6
59535.0,80.0,TCP,0.005,5.0,479.0,1,192,168,220,16,192,168,100,6
52321.0,445.0,TCP,0.0,1.0,66.0,0,192,168,220,14,192,168,100,5
40239.0,445.0,TCP,0.0,1.0,66.0,0,192,168,220,10,192,168,100,5
37191.0,445.0,TCP,0.002,2.0,174.0,0,192,168,220,7,192,168,100,5
46709.0,445.0,TCP,0.002,2.0,174.0,0,192,168,220,6,192,168,100,5
35397.0,80.0,TCP,0.006,6.0,545.0,1,192,168,220,16,192,168,100,6
60194.0,80.0,TCP,0.003,5.0,479.0,1,192,168,220,16,192,168,100,6
57831.0,80.0,TCP,0.006,6.0,545.0,1,192,168,220,16,192,168,100,6
59060.0,80.0,TCP,0.003,5.0,479.0,1,192,168,220,16,192,168,100,6
51146.0,445.0,TCP,0.002,2.0,174.0,0,192,168,220,5,192,168,100,5
49094.0,445.0,TCP,0.003,2.0,174.0,0,192,168,220,8,192,168,100,5
60629.0,80.0,TCP,0.002,5.0,479.0,1,192,168,220,16,192,168,100,6
46756.0,3389.0,TCP,0.0,1.0,58.0,1,192,168,220,16,192,168,210,5
43145.0,445.0,TCP,0.0,1.0,66.0,0,192,168,220,4,192,168,100,5
56499.0,80.0,TCP,0.003,5.0,479.0,1,192,168,220,16,192,168,100,6
58239.0,80.0,TCP,0.006,5.0,479.0,1,192,168,220,16,192,168,100,6
137.0,137.0,UDP,0.0,1.0,92.0,0,192,168,220,6,192,168,220,255
43183.0,445.0,TCP,0.005,2.0,174.0,0,192,168,200,4,192,168,100,5
58844.0,445.0,TCP,0.005,2.0,174.0,0,192,168,220,16,192,168,100,5
59431.0,80.0,TCP,0.006,6.0,545.0,1,192,168,220,16,192,168,100,6
137.0,137.0,UDP,0.0,1.0,92.0,0,192,168,220,5,192,168,220,255
51146.0,445.0,TCP,0.004,2.0,174.0,0,192,168,220,5,192,168,100,5
445.0,51146.0,TCP,0.0,1.0,108.0,0,192,168,100,5,192,168,220,5
34295.0,80.0,TCP,0.005,5.0,479.0,1,192,168,220,16,192,168,100,6
445.0,51146.0,TCP,0.0,1.0,108.0,0,192,168,100,5,192,168,220,5
445.0,46709.0,TCP,0.0,1.0,108.0,0,192,168,100,5,192,168,220,6
445.0,46808.0,TCP,0.0,1.0,108.0,0,192,168,100,5,192,168,200,5
445.0,43183.0,TCP,0.0,1.0,108.0,0,192,168,100,5,192,168,200,4
35350.0,80.0,TCP,0.003,5.0,479.0,1,192,168,220,16,192,168,100,6
56616.0,80.0,TCP,0.005,5.0,479.0,1,192,168,220,16,192,168,100,6
57077.0,80.0,TCP,0.003,5.0,479.0,1,192,168,220,16,192,168,100,6
56792.0,80.0,TCP,0.005,5.0,479.0,1,192,168,220,16,192,168,100,6
445.0,48888.0,TCP,0.0,1.0,108.0,0,192,168,100,5,192,168,220,15
445.0,49511.0,TCP,0.0,1.0,108.0,0,192,168,100,5,192,168,220,12
445.0,37191.0,TCP,0.0,1.0,108.0,0,192,168,100,5,192,168,220,7
59972.0,80.0,TCP,0.004,5.0,479.0,1,192,168,220,16,192,168,100,6
137.0,137.0,UDP,0.0,1.0,92.0,0,192,168,220,14,192,168,220,255
445.0,51146.0,TCP,0.0,1.0,108.0,0,192,168,100,5,192,168,220,5
57714.0,80.0,TCP,0.004,6.0,545.0,1,192,168,220,16,192,168,100,6
33575.0,80.0,TCP,0.005,5.0,479.0,1,192,168,220,16,192,168,100,6
60886.0,80.0,TCP,0.006,6.0,545.0,1,192,168,220,16,192,168,100,6
59974.0,80.0,TCP,0.005,5.0,479.0,1,192,168,220,16,192,168,100,6
60776.0,80.0,TCP,0.005,5.0,479.0,1,192,168,220,16,192,168,100,6
445.0,46709.0,TCP,0.0,1.0,108.0,0,192,168,100,5,192,168,220,6
43183.0,445.0,TCP,0.005,2.0,174.0,0,192,168,200,4,192,168,100,5
445.0,46808.0,TCP,0.0,1.0,108.0,0,192,168,100,5,192,168,200,5
58844.0,445.0,TCP,0.002,2.0,174.0,0,192,168,220,16,192,168,100,5
46808.0,445.0,TCP,0.004,2.0,174.0,0,192,168,200,5,192,168,100,5
60715.0,80.0,TCP,0.005,6.0,545.0,1,192,168,220,16,192,168,100,6
37884.0,445.0,TCP,0.002,2.0,174.0,0,192,168,220,9,192,168,100,5
137.0,137.0,UDP,0.0,1.0,92.0,0,192,168,220,13,192,168,220,255
34268.0,80.0,TCP,0.006,5.0,479.0,1,192,168,220,16,192,168,100,6
46808.0,445.0,TCP,0.006,2.0,174.0,0,192,168,200,5,192,168,100,5
445.0,46808.0,TCP,0.0,1.0,108.0,0,192,168,200,5,192,168,100,5
37884.0,445.0,TCP,0.005,2.0,174.0,0,192,168,220,9,192,168,100,5
445.0,58844.0,TCP,0.0,1.0,70.0,0,192,168,100,5,192,168,220,16
57866.0,80.0,TCP,0.004,5.0,479.0,1,192,168,220,16,192,168,100,6
37191.0,445.0,TCP,0.003,2.0,174.0,0,192,168,220,7,192,168,100,5
58844.0,445.0,TCP,0.003,2.0,174.0,0,192,168,220,16,192,168,100,5
58478.0,80.0,TCP,0.006,5.0,479.0,1,192,168,220,16,192,168,100,6
55328.0,80.0,TCP,0.003,5.0,479.0,1,192,168,220,16,192,168,100,6
445.0,37191.0,TCP,0.0,1.0,108.0,0,192,168,100,5,192,168,220,7
445.0,58844.0,TCP,0.0,1.0,108.0,0,192,168,100,5,192,168,220,16
51357.0,8.0,TCP,0.0,1.0,58.0,1,192,168,220,16,192,168,200,8
57880.0,80.0,TCP,0.005,5.0,479.0,1,192,168,220,16,192,168,100,6
58369.0,80.0,TCP,0.004,5.0,479.0,1,192,168,220,16,192,168,100,6
445.0,60689.0,TCP,0.0,1.0,108.0,0,192,168,100,5,192,168,220,13
60354.0,80.0,TCP,0.003,5.0,479.0,1,192,168,220,16,192,168,100,6
36003.0,80.0,TCP,0.002,5.0,479.0,1,192,168,220,16,192,168,100,6
445.0,46709.0,TCP,0.0,1.0,70.0,0,192,168,100,5,192,168,220,6
52321.0,445.0,TCP,0.0,1.0,66.0,0,192,168,220,14,192,168,100,5
56770.0,80.0,TCP,0.005,6.0,545.0,1,192,168,220,16,192,168,100,6
137.0,137.0,UDP,0.0,1.0,92.0,0,192,168,220,10,192,168,220,255
51357.0,1073.0,TCP,0.0,1.0,58.0,1,192,168,220,16,192,168,200,5
445.0,48888.0,TCP,0.0,1.0,108.0,0,192,168,100,5,192,168,220,15
43183.0,445.0,TCP,0.005,2.0,174.0,0,192,168,200,4,192,168,100,5
137.0,137.0,UDP,0.0,1.0,92.0,0,192,168,220,9,192,168,220,255
49511.0,445.0,TCP,0.002,2.0,174.0,0,192,168,220,12,192,168,100,5
58834.0,80.0,TCP,0.006,6.0,545.0,1,192,168,220,16,192,168,100,6
51357.0,1031.0,TCP,0.0,1.0,58.0,1,192,168,220,16,192,168,200,8
40239.0,445.0,TCP,0.0,1.0,66.0,0,192,168,220,10,192,168,100,5
445.0,60689.0,TCP,0.0,1.0,108.0,0,192,168,100,5,192,168,220,13
36966.0,80.0,TCP,0.003,5.0,479.0,1,192,168,220,16,192,168,100,6
445.0,37884.0,TCP,0.0,1.0,70.0,0,192,168,100,5,192,168,220,9
55914.0,80.0,TCP,0.003,5.0,479.0,1,192,168,220,16,192,168,100,6
51358.0,1099.0,TCP,0.0,1.0,58.0,1,192,168,220,16,192,168,200,9
445.0,43145.0,TCP,0.0,1.0,108.0,0,192,168,100,5,192,168,220,4
49511.0,445.0,TCP,0.002,2.0,174.0,0,192,168,220,12,192,168,100,5
445.0,48888.0,TCP,0.0,1.0,108.0,0,192,168,100,5,192,168,220,15
51146.0,445.0,TCP,0.003,2.0,174.0,0,192,168,220,5,192,168,100,5
445.0,37191.0,TCP,0.0,1.0,70.0,0,192,168,100,5,192,168,220,7
37045.0,80.0,TCP,0.003,5.0,479.0,1,192,168,220,16,192,168,100,6
59136.0,80.0,TCP,0.004,5.0,479.0,1,192,168,220,16,192,168,100,6
34743.0,445.0,TCP,0.002,2.0,174.0,0,192,168,220,11,192,168,100,5
43145.0,445.0,TCP,0.004,2.0,174.0,0,192,168,220,4,192,168,100,5
445.0,40239.0,TCP,0.0,1.0,108.0,0,192,168,100,5,192,168,220,10
46808.0,445.0,TCP,0.003,2.0,174.0,0,192,168,200,5,192,168,100,5
35999.0,80.0,TCP,0.002,5.0,479.0,1,192,168,220,16,192,168,100,6
137.0,137.0,UDP,0.0,1.0,92.0,0,192,168,220,8,192,168,220,255
48888.0,445.0,TCP,0.004,2.0,174.0,0,192,168,220,15,192,168,100,5
445.0,60689.0,TCP,0.0,1.0,108.0,0,192,168,100,5,192,168,220,13
59744.0,80.0,TCP,0.003,6.0,545.0,1,192,168,220,16,192,168,100,6
46709.0,445.0,TCP,0.002,2.0,174.0,0,192,168,220,6,192,168,100,5
36195.0,80.0,TCP,0.002,5.0,479.0,1,192,168,220,16,192,168,100,6
445.0,34743.0,TCP,0.0,1.0,108.0,0,192,168,100,5,192,168,220,11
52321.0,445.0,TCP,0.002,2.0,174.0,0,192,168,220,14,192,168,100,5
59836.0,80.0,TCP,0.002,6.0,545.0,1,192,168,220,16,192,168,100,6
40239.0,445.0,TCP,0.004,2.0,174.0,0,192,168,220,10,192,168,100,5
33336.0,80.0,TCP,0.004,6.0,545.0,1,192,168,220,16,192,168,100,6
36307.0,80.0,TCP,0.005,6.0,545.0,1,192,168,220,16,192,168,100,6
58844.0,445.0,TCP,0.002,2.0,174.0,0,192,168,220,16,192,168,100,5
49094.0,445.0,TCP,0.001,2.0,174.0,0,192,168,220,8,192,168,100,5
34743.0,445.0,TCP,0.003,2.0,174.0,0,192,168,220,11,192,168,100,5
445.0,37884.0,TCP,0.0,1.0,108.0,0,192,168,100,5,192,168,220,9
37884.0,445.0,TCP,0.0,1.0,66.0,0,192,168,220,9,192,168,100,5
51146.0,445.0,TCP,0.0,1.0,66.0,0,192,168,220,5,192,168,100,5
445.0,48888.0,TCP,0.0,1.0,108.0,0,192,168,100,5,192,168,220,15
51357.0,1034.0,TCP,0.0,1.0,58.0,1,192,168,220,16,192,168,200,9
51357.0,25.0,TCP,0.0,1.0,58.0,1,192,168,220,16,192,168,200,4
445.0,48888.0,TCP,0.0,1.0,108.0,0,192,168,100,5,192,168,220,15
35247.0,80.0,TCP,0.002,5.0,479.0,1,192,168,220,16,192,168,100,6
60689.0,445.0,TCP,0.0,1.0,66.0,0,192,168,220,13,192,168,100,5
445.0,37884.0,TCP,0.0,1.0,108.0,0,192,168,100,5,192,168,220,9
59863.0,80.0,TCP,0.006,5.0,479.0,1,192,168,220,16,192,168,100,6
37191.0,445.0,TCP,0.005,2.0,174.0,0,192,168,220,7,192,168,100,5
445.0,34743.0,TCP,0.0,1.0,108.0,0,192,168,100,5,192,168,220,11
445.0,37191.0,TCP,0.0,1.0,108.0,0,192,168,100,5,192,168,220,7
445.0,43145.0,TCP,0.0,1.0,108.0,0,192,168,100,5,192,168,220,4
137.0,137.0,UDP,0.0,1.0,92.0,0,192,168,200,5,192,168,200,255
51358.0,7001.0,TCP,0.0,1.0,58.0,1,192,168,220,16,192,168,200,8
445.0,58844.0,TCP,0.0,1.0,108.0,0,192,168,100,5,192,168,220,16
51357.0,1034.0,TCP,0.0,1.0,58.0,1,192,168,220,16,192,168,200,2
54720.0,80.0,TCP,0.0,1.0,66.0,0,192,168,220,15,192,168,100,6
445.0,43145.0,TCP,0.0,1.0,108.0,0,192,168,100,5,192,168,220,4
33068.0,80.0,TCP,0.002,5.0,479.0,1,192,168,220,16,192,168,100,6
58929.0,80.0,TCP,0.003,5.0,479.0,1,192,168,220,16,192,168,100,6
60535.0,80.0,TCP,0.003,5.0,479.0,1,192,168,220,16,192,168,100,6
48888.0,445.0,TCP,0.003,2.0,174.0,0,192,168,220,15,192,168,100,5
445.0,40239.0,TCP,0.0,1.0,108.0,0,192,168,100,5,192,168,220,10
445.0,46808.0,TCP,0.0,1.0,108.0,0,192,168,100,5,192,168,200,5
58802.0,80.0,TCP,0.006,5.0,479.0,1,192,168,220,16,192,168,100,6
445.0,37191.0,TCP,0.0,1.0,108.0,0,192,168,100,5,192,168,220,7
58372.0,80.0,TCP,0.005,6.0,545.0,1,192,168,220,16,192,168,100,6
445.0,37884.0,TCP,0.0,1.0,108.0,0,192,168,100,5,192,168,220,9
445.0,49511.0,TCP,0.0,1.0,108.0,0,192,168,100,5,192,168,220,12
445.0,52321.0,TCP,0.0,1.0,108.0,0,192,168,100,5,192,168,220,14
51357.0,58844.0,TCP,0.0,1.0,58.0,1,192,168,220,16,192,168,200,5
56589.0,80.0,TCP,0.006,5.0,479.0,1,192,168,220,16,192,168,100,6
43145.0,445.0,TCP,0.002,2.0,174.0,0,192,168,220,4,192,168,100,5
43145.0,445.0,TCP,0.003,2.0,174.0,0,192,168,220,4,192,168,100,5
46756.0,1723.0,TCP,0.005,1.0,58.0,1,192,168,220,16,192,168,210,4
59959.0,80.0,TCP,0.006,6.0,545.0,1,192,168,220,16,192,168,100,6
137.0,137.0,UDP,0.0,1.0,92.0,0,192,168,220,6,192,168,220,255
445.0,51146.0,TCP,0.0,1.0,108.0,0,192,168,100,5,192,168,220,5
58844.0,445.0,TCP,0.004,2.0,174.0,0,192,168,220,16,192,168,100,5
46709.0,445.0,TCP,0.002,2.0,174.0,0,192,168,220,6,192,168,100,5
445.0,60689.0,TCP,0.0,1.0,108.0,0,192,168,100,5,192,168,220,13
445.0,52321.0,TCP,0.0,1.0,108.0,0,192,168,100,5,192,168,220,14
48888.0,445.0,TCP,0.003,2.0,174.0,0,192,168,220,15,192,168,100,5
60806.0,80.0,TCP,0.003,5.0,479.0,1,192,168,220,16,192,168,100,6
51357.0,6580.0,TCP,0.0,1.0,58.0,1,192,168,220,16,192,168,200,2
43145.0,445.0,TCP,0.002,2.0,174.0,0,192,168,220,4,192,168,100,5
59059.0,80.0,TCP,0.003,5.0,479.0,1,192,168,220,16,192,168,100,6
56553.0,80.0,TCP,0.003,6.0,545.0,1,192,168,220,16,192,168,100,6
36258.0,80.0,TCP,0.003,5.0,479.0,1,192,168,220,16,192,168,100,6
51357.0,1097.0,TCP,0.0,1.0,58.0,1,192,168,220,16,192,168,200,3
34072.0,80.0,TCP,0.004,6.0,545.0,1,192,168,220,16,192,168,100,6
445.0,60689.0,TCP,0.0,1.0,108.0,0,192,168,100,5,192,168,220,13
587.0,53899.0,TCP,0.0,1.0,58.0,0,192,168,220,16,192,168,200,8
445.0,43183.0,TCP,0.0,1.0,108.0,0,192,168,100,5,192,168,200,4
51146.0,445.0,TCP,0.001,2.0,174.0,0,192,168,220,5,192,168,100,5
59094.0,80.0,TCP,0.005,5.0,479.0,1,192,168,220,16,192,168,100,6
46709.0,445.0,TCP,0.003,2.0,174.0,0,192,168,220,6,192,168,100,5
137.0,137.0,UDP,0.0,1.0,92.0,0,192,168,220,7,192,168,220,255
60689.0,80.0,TCP,0.004,5.0,479.0,1,192,168,220,16,192,168,100,6
46709.0,445.0,TCP,0.002,2.0,174.0,0,192,168,220,6,192,168,100,5
49094.0,445.0,TCP,0.002,2.0,174.0,0,192,168,220,8,192,168,100,5
445.0,43183.0,TCP,0.0,1.0,108.0,0,192,168,100,5,192,168,200,4
445.0,40239.0,TCP,0.0,1.0,108.0,0,192,168,100,5,192,168,220,10
59410.0,80.0,TCP,0.0069999999999999,6.0,545.0,1,192,168,220,16,192,168,100,6
37884.0,445.0,TCP,0.0,1.0,66.0,0,192,168,220,9,192,168,100,5
993.0,35951.0,TCP,0.0,2.0,163.0,0,192,168,100,4,192,168,220,4
49094.0,445.0,TCP,0.005,2.0,174.0,0,192,168,220,8,192,168,100,5
43145.0,445.0,TCP,0.001,2.0,174.0,0,192,168,220,4,192,168,100,5
445.0,37191.0,TCP,0.0,1.0,70.0,0,192,168,100,5,192,168,220,7
56581.0,80.0,TCP,0.005,5.0,479.0,1,192,168,220,16,192,168,100,6
445.0,48888.0,TCP,0.0,1.0,108.0,0,192,168,100,5,192,168,220,15
58984.0,80.0,TCP,0.005,5.0,479.0,1,192,168,220,16,192,168,100,6
34080.0,80.0,TCP,0.003,6.0,545.0,1,192,168,220,16,192,168,100,6
137.0,137.0,UDP,0.0,1.0,92.0,0,192,168,220,6,192,168,220,255
58921.0,80.0,TCP,0.002,5.0,479.0,1,192,168,220,16,192,168,100,6
445.0,40239.0,TCP,0.0,1.0,108.0,0,192,168,100,5,192,168,220,10
35146.0,80.0,TCP,0.004,6.0,545.0,1,192,168,220,16,192,168,100,6
445.0,49511.0,TCP,0.0,1.0,108.0,0,192,168,100,5,192,168,220,12
37001.0,587.0,TCP,0.094,15.0,1566.0,0,192,168,220,9,192,168,100,4
46808.0,445.0,TCP,0.005,2.0,174.0,0,192,168,200,5,192,168,100,5
49511.0,445.0,TCP,0.001,2.0,174.0,0,192,168,220,12,192,168,100,5
58844.0,445.0,TCP,0.0,1.0,66.0,0,192,168,220,16,192,168,100,5
33248.0,80.0,TCP,0.003,6.0,545.0,1,192,168,220,16,192,168,100,6
36939.0,80.0,TCP,0.005,5.0,479.0,1,192,168,220,16,192,168,100,6
445.0,51146.0,TCP,0.0,1.0,108.0,0,192,168,100,5,192,168,220,5
445.0,49094.0,TCP,0.0,1.0,108.0,0,192,168,100,5,192,168,220,8
51357.0,49.0,TCP,0.0,1.0,58.0,1,192,168,220,16,192,168,200,4
51146.0,445.0,TCP,0.002,2.0,174.0,0,192,168,220,5,192,168,100,5
40239.0,445.0,TCP,0.004,2.0,174.0,0,192,168,220,10,192,168,100,5
46709.0,445.0,TCP,0.005,2.0,174.0,0,192,168,220,6,192,168,100,5
60250.0,80.0,TCP,0.005,5.0,479.0,1,192,168,220,16,192,168,100,6
59136.0,80.0,TCP,0.006,5.0,479.0,1,192,168,220,16,192,168,100,6
49511.0,445.0,TCP,0.001,2.0,174.0,0,192,168,220,12,192,168,100,5
445.0,51146.0,TCP,0.0,1.0,108.0,0,192,168,100,5,192,168,220,5
40239.0,445.0,TCP,0.005,2.0,174.0,0,192,168,220,10,192,168,100,5
59654.0,80.0,TCP,0.004,6.0,545.0,1,192,168,220,16,192,168,100,6
58423.0,80.0,TCP,0.006,5.0,479.0,1,192,168,220,16,192,168,100,6
445.0,37191.0,TCP,0.0,1.0,108.0,0,192,168,100,5,192,168,220,7
58272.0,80.0,TCP,0.005,5.0,479.0,1,192,168,220,16,192,168,100,6
445.0,52321.0,TCP,0.0,1.0,108.0,0,192,168,100,5,192,168,220,14
56675.0,80.0,TCP,0.004,5.0,479.0,1,192,168,220,16,192,168,100,6
56702.0,80.0,TCP,0.004,5.0,479.0,1,192,168,220,16,192,168,100,6
51357.0,8019.0,TCP,0.0,1.0,58.0,1,192,168,220,16,192,168,200,5
43183.0,445.0,TCP,0.002,2.0,174.0,0,192,168,200,4,192,168,100,5
35247.0,80.0,TCP,0.003,5.0,479.0,1,192,168,220,16,192,168,100,6
445.0,58844.0,TCP,0.0,1.0,108.0,0,192,168,100,5,192,168,220,16
445.0,52321.0,TCP,0.0,1.0,108.0,0,192,168,100,5,192,168,220,14
49511.0,445.0,TCP,0.005,2.0,174.0,0,192,168,220,12,192,168,100,5
138.0,138.0,UDP,0.0,1.0,262.0,0,192,168,220,13,192,168,220,255
58844.0,445.0,TCP,0.0,1.0,66.0,0,192,168,220,16,192,168,100,5
33803.0,80.0,TCP,0.006,5.0,479.0,1,192,168,220,16,192,168,100,6
58844.0,445.0,TCP,0.003,2.0,174.0,0,192,168,220,16,192,168,100,5
60689.0,445.0,TCP,0.005,2.0,174.0,0,192,168,220,13,192,168,100,5
445.0,43183.0,TCP,0.0,1.0,108.0,0,192,168,100,5,192,168,200,4
58832.0,80.0,TCP,0.004,5.0,479.0,1,192,168,220,16,192,168,100,6
52321.0,445.0,TCP,0.004,2.0,174.0,0,192,168,220,14,192,168,100,5
32835.0,80.0,TCP,0.003,5.0,479.0,1,192,168,220,16,192,168,100,6
55742.0,80.0,TCP,0.003,6.0,545.0,1,192,168,220,16,192,168,100,6
59058.0,80.0,TCP,0.003,5.0,479.0,1,192,168,220,16,192,168,100,6
445.0,49094.0,TCP,0.0,1.0,108.0,0,192,168,100,5,192,168,220,8
60791.0,80.0,TCP,0.0069999999999999,5.0,479.0,1,192,168,220,16,192,168,100,6
445.0,48888.0,TCP,0.0,1.0,108.0,0,192,168,100,5,192,168,220,15
51451.0,25.0,TCP,0.0,1.0,58.0,1,192,168,220,16,192,168,200,4
51357.0,1183.0,TCP,0.0,1.0,58.0,1,192,168,220,16,192,168,200,2
59640.0,80.0,TCP,0.006,6.0,545.0,1,192,168,220,16,192,168,100,6
40239.0,445.0,TCP,0.004,2.0,174.0,0,192,168,220,10,192,168,100,5
52321.0,445.0,TCP,0.003,2.0,174.0,0,192,168,220,14,192,168,100,5
58409.0,80.0,TCP,0.005,5.0,479.0,1,192,168,220,16,192,168,100,6
60105.0,80.0,TCP,0.004,5.0,479.0,1,192,168,220,16,192,168,100,6
445.0,37884.0,TCP,0.0,1.0,108.0,0,192,168,100,5,192,168,220,9
58373.0,80.0,TCP,0.003,6.0,545.0,1,192,168,220,16,192,168,100,6
37884.0,445.0,TCP,0.0,1.0,66.0,0,192,168,220,9,192,168,100,5
445.0,51146.0,TCP,0.0,1.0,108.0,0,192,168,100,5,192,168,220,5
60803.0,80.0,TCP,0.003,5.0,479.0,1,192,168,220,16,192,168,100,6
445.0,58844.0,TCP,0.0,1.0,108.0,0,192,168,100,5,192,168,220,16
34013.0,80.0,TCP,0.004,5.0,479.0,1,192,168,220,16,192,168,100,6
80.0,54721.0,TCP,0.0,1.0,66.0,0,192,168,100,6,192,168,220,15
58716.0,80.0,TCP,0.004,5.0,479.0,1,192,168,220,16,192,168,100,6
445.0,52321.0,TCP,0.0,1.0,108.0,0,192,168,100,5,192,168,220,14
445.0,49094.0,TCP,0.0,1.0,108.0,0,192,168,100,5,192,168,220,8
35999.0,80.0,TCP,0.005,5.0,479.0,1,192,168,220,16,192,168,100,6
36935.0,80.0,TCP,0.004,6.0,545.0,1,192,168,220,16,192,168,100,6
52321.0,445.0,TCP,0.005,2.0,174.0,0,192,168,220,14,192,168,100,5
51357.0,2394.0,TCP,0.0,1.0,58.0,1,192,168,220,16,192,168,200,4
37191.0,445.0,TCP,0.001,2.0,174.0,0,192,168,220,7,192,168,100,5
57803.0,80.0,TCP,0.004,5.0,479.0,1,192,168,220,16,192,168,100,6
445.0,49511.0,TCP,0.0,1.0,108.0,0,192,168,100,5,192,168,220,12
59455.0,80.0,TCP,0.0069999999999999,5.0,479.0,1,192,168,220,16,192,168,100,6
445.0,46709.0,TCP,0.0,1.0,108.0,0,192,168,100,5,192,168,220,6
445.0,49511.0,TCP,0.0,1.0,108.0,0,192,168,100,5,192,168,220,12
37191.0,445.0,TCP,0.0,1.0,66.0,0,192,168,220,7,192,168,100,5
137.0,137.0,UDP,0.0,1.0,92.0,0,192,168,220,9,192,168,220,255
43183.0,445.0,TCP,0.002,2.0,174.0,0,192,168,200,4,192,168,100,5
46808.0,445.0,TCP,0.002,2.0,174.0,0,192,168,200,5,192,168,100,5
36660.0,80.0,TCP,0.003,6.0,545.0,1,192,168,220,16,192,168,100,6
46756.0,5952.0,TCP,0.0,1.0,58.0,1,192,168,220,16,192,168,210,4
40239.0,445.0,TCP,0.003,2.0,174.0,0,192,168,220,10,192,168,100,5
137.0,137.0,UDP,0.0,1.0,92.0,0,192,168,200,5,192,168,200,255
37191.0,445.0,TCP,0.003,2.0,174.0,0,192,168,220,7,192,168,100,5
59633.0,80.0,TCP,0.006,5.0,479.0,1,192,168,220,16,192,168,100,6
49511.0,445.0,TCP,0.004,2.0,174.0,0,192,168,220,12,192,168,100,5
58428.0,80.0,TCP,0.004,5.0,479.0,1,192,168,220,16,192,168,100,6
58369.0,80.0,TCP,0.006,5.0,479.0,1,192,168,220,16,192,168,100,6
445.0,37884.0,TCP,0.0,1.0,108.0,0,192,168,100,5,192,168,220,9
59056.0,80.0,TCP,0.003,5.0,479.0,1,192,168,220,16,192,168,100,6
49511.0,445.0,TCP,0.004,2.0,174.0,0,192,168,220,12,192,168,100,5
445.0,60689.0,TCP,0.0,1.0,108.0,0,192,168,100,5,192,168,220,13
60090.0,80.0,TCP,0.0069999999999999,5.0,479.0,1,192,168,220,16,192,168,100,6
59458.0,80.0,TCP,0.006,6.0,545.0,1,192,168,220,16,192,168,100,6
43145.0,445.0,TCP,0.004,2.0,174.0,0,192,168,220,4,192,168,100,5
445.0,60689.0,TCP,0.0,1.0,108.0,0,192,168,100,5,192,168,220,13
58242.0,80.0,TCP,0.004,5.0,479.0,1,192,168,220,16,192,168,100,6
59051.0,80.0,TCP,0.003,5.0,479.0,1,192,168,220,16,192,168,100,6
445.0,37191.0,TCP,0.0,1.0,108.0,0,192,168,100,5,192,168,220,7
60437.0,80.0,TCP,0.003,5.0,479.0,1,192,168,220,16,192,168,100,6
49511.0,445.0,TCP,0.002,2.0,174.0,0,192,168,220,12,192,168,100,5
36103.0,80.0,TCP,0.004,5.0,479.0,1,192,168,220,16,192,168,100,6
445.0,60689.0,TCP,0.0,1.0,108.0,0,192,168,100,5,192,168,220,13
445.0,60689.0,TCP,0.0,1.0,108.0,0,192,168,100,5,192,168,220,13
58424.0,80.0,TCP,0.003,5.0,479.0,1,192,168,220,16,192,168,100,6
60756.0,80.0,TCP,0.005,5.0,479.0,1,192,168,220,16,192,168,100,6
56177.0,80.0,TCP,0.0069999999999999,5.0,479.0,1,192,168,220,16,192,168,100,6
445.0,37884.0,TCP,0.0,1.0,108.0,0,192,168,100,5,192,168,220,9
34743.0,445.0,TCP,0.002,2.0,174.0,0,192,168,220,11,192,168,100,5
51357.0,1099.0,TCP,0.0,1.0,58.0,1,192,168,220,16,192,168,200,2
59094.0,80.0,TCP,0.006,6.0,545.0,1,192,168,220,16,192,168,100,6
58844.0,445.0,TCP,0.002,2.0,174.0,0,192,168,220,16,192,168,100,5
445.0,46709.0,TCP,0.0,1.0,108.0,0,192,168,100,5,192,168,220,6
51357.0,44443.0,TCP,0.0,1.0,58.0,1,192,168,220,16,192,168,200,9
51358.0,1109.0,TCP,0.0,1.0,58.0,1,192,168,220,16,192,168,200,8
48888.0,445.0,TCP,0.003,2.0,174.0,0,192,168,220,15,192,168,100,5
37884.0,445.0,TCP,0.003,2.0,174.0,0,192,168,220,9,192,168,100,5
60410.0,80.0,TCP,0.003,5.0,479.0,1,192,168,220,16,192,168,100,6
40239.0,445.0,TCP,0.005,2.0,174.0,0,192,168,220,10,192,168,100,5
58527.0,80.0,TCP,0.004,5.0,479.0,1,192,168,220,16,192,168,100,6
59969.0,80.0,TCP,0.005,6.0,545.0,1,192,168,220,16,192,168,100,6
445.0,46709.0,TCP,0.0,1.0,108.0,0,192,168,100,5,192,168,220,6
445.0,43183.0,TCP,0.0,1.0,108.0,0,192,168,100,5,192,168,200,4
59737.0,80.0,TCP,0.003,5.0,479.0,1,192,168,220,16,192,168,100,6
445.0,60689.0,TCP,0.0,1.0,108.0,0,192,168,100,5,192,168,220,13
52321.0,445.0,TCP,0.003,2.0,174.0,0,192,168,220,14,192,168,100,5
43145.0,445.0,TCP,0.002,2.0,174.0,0,192,168,220,4,192,168,100,5
51357.0,5087.0,TCP,0.0,1.0,58.0,1,192,168,220,16,192,168,200,8
445.0,37884.0,TCP,0.0,1.0,108.0,0,192,168,100,5,192,168,220,9
49511.0,445.0,TCP,0.005,2.0,174.0,0,192,168,220,12,192,168,100,5
58804.0,80.0,TCP,0.004,6.0,545.0,1,192,168,220,16,192,168,100,6
46709.0,445.0,TCP,0.002,2.0,174.0,0,192,168,220,6,192,168,100,5
138.0,138.0,UDP,0.0,1.0,243.0,0,192,168,200,9,192,168,200,255
35201.0,80.0,TCP,0.002,5.0,479.0,1,192,168,220,16,192,168,100,6
445.0,40239.0,TCP,0.0,1.0,108.0,0,192,168,100,5,192,168,220,10
445.0,52321.0,TCP,0.0,1.0,108.0,0,192,168,100,5,192,168,220,14
445.0,49511.0,TCP,0.0,1.0,108.0,0,192,168,100,5,192,168,220,12
445.0,46709.0,TCP,0.0,1.0,70.0,0,192,168,100,5,192,168,220,6
445.0,51146.0,TCP,0.0,1.0,108.0,0,192,168,100,5,192,168,220,5
445.0,60689.0,TCP,0.0,1.0,70.0,0,192,168,100,5,192,168,220,13
52321.0,445.0,TCP,0.004,2.0,174.0,0,192,168,220,14,192,168,100,5
59660.0,80.0,TCP,0.004,5.0,479.0,1,192,168,220,16,192,168,100,6
445.0,40239.0,TCP,0.0,1.0,108.0,0,192,168,100,5,192,168,220,10
445.0,46709.0,TCP,0.0,1.0,108.0,0,192,168,100,5,192,168,220,6
445.0,46808.0,TCP,0.0,1.0,108.0,0,192,168,100,5,192,168,200,5
33974.0,80.0,TCP,0.003,6.0,545.0,1,192,168,220,16,192,168,100,6
445.0,49511.0,TCP,0.0,1.0,108.0,0,192,168,100,5,192,168,220,12
58291.0,80.0,TCP,0.006,5.0,479.0,1,192,168,220,16,192,168,100,6
51357.0,49167.0,TCP,0.0,1.0,58.0,1,192,168,220,16,192,168,200,8
34743.0,445.0,TCP,0.004,2.0,174.0,0,192,168,220,11,192,168,100,5
445.0,49094.0,TCP,0.0,1.0,108.0,0,192,168,100,5,192,168,220,8
49094.0,445.0,TCP,0.0,1.0,66.0,0,192,168,220,8,192,168,100,5
51358.0,2190.0,TCP,0.0,1.0,58.0,1,192,168,220,16,192,168,200,8
445.0,52321.0,TCP,0.0,1.0,108.0,0,192,168,100,5,192,168,220,14
49511.0,445.0,TCP,0.003,2.0,174.0,0,192,168,220,12,192,168,100,5
59062.0,80.0,TCP,0.006,5.0,479.0,1,192,168,220,16,192,168,100,6
36618.0,80.0,TCP,0.006,5.0,479.0,1,192,168,220,16,192,168,100,6
55609.0,80.0,TCP,0.003,5.0,479.0,1,192,168,220,16,192,168,100,6
43183.0,445.0,TCP,0.003,2.0,174.0,0,192,168,200,4,192,168,100,5
51357.0,64621.0,TCP,0.0,1.0,58.0,1,192,168,220,16,192,168,200,2
138.0,138.0,UDP,0.0,1.0,262.0,0,192,168,220,3,192,168,220,255
35121.0,80.0,TCP,0.005,5.0,479.0,1,192,168,220,16,192,168,100,6
445.0,37191.0,TCP,0.0,1.0,108.0,0,192,168,100,5,192,168,220,7
445.0,49511.0,TCP,0.0,1.0,108.0,0,192,168,100,5,192,168,220,12
51146.0,445.0,TCP,0.003,2.0,174.0,0,192,168,220,5,192,168,100,5
48888.0,445.0,TCP,0.005,2.0,174.0,0,192,168,220,15,192,168,100,5
51357.0,5500.0,TCP,0.0,1.0,58.0,1,192,168,220,16,192,168,200,2
59845.0,80.0,TCP,0.004,5.0,479.0,1,192,168,220,16,192,168,100,6
445.0,46808.0,TCP,0.0,1.0,108.0,0,192,168,100,5,192,168,200,5
445.0,34743.0,TCP,0.0,1.0,70.0,0,192,168,100,5,192,168,220,11
49094.0,445.0,TCP,0.002,2.0,174.0,0,192,168,220,8,192,168,100,5
37884.0,445.0,TCP,0.004,2.0,174.0,0,192,168,220,9,192,168,100,5
445.0,34743.0,TCP,0.0,1.0,70.0,0,192,168,100,5,192,168,220,11
59053.0,80.0,TCP,0.0069999999999999,5.0,479.0,1,192,168,220,16,192,168,100,6
36873.0,80.0,TCP,0.004,5.0,479.0,1,192,168,220,16,192,168,100,6
445.0,49511.0,TCP,0.0,1.0,108.0,0,192,168,100,5,192,168,220,12
51146.0,445.0,TCP,0.0,1.0,66.0,0,192,168,220,5,192,168,100,5
46756.0,1052.0,TCP,0.0,1.0,58.0,1,192,168,220,16,192,168,210,2
59077.0,80.0,TCP,0.003,5.0,479.0,1,192,168,220,16,192,168,100,6
56755.0,80.0,TCP,0.006,5.0,479.0,1,192,168,220,16,192,168,100,6
60481.0,80.0,TCP,0.0069999999999999,5.0,479.0,1,192,168,220,16,192,168,100,6
58282.0,80.0,TCP,0.002,6.0,545.0,1,192,168,220,16,192,168,100,6
34302.0,80.0,TCP,0.006,5.0,479.0,1,192,168,220,16,192,168,100,6
445.0,60689.0,TCP,0.0,1.0,108.0,0,192,168,100,5,192,168,220,13
445.0,52321.0,TCP,0.0,1.0,108.0,0,192,168,100,5,192,168,220,14
445.0,37884.0,TCP,0.0,1.0,108.0,0,192,168,100,5,192,168,220,9
445.0,60689.0,TCP,0.0,1.0,108.0,0,192,168,100,5,192,168,220,13
445.0,49511.0,TCP,0.0,1.0,108.0,0,192,168,100,5,192,168,220,12
58844.0,445.0,TCP,0.003,2.0,174.0,0,192,168,220,16,192,168,100,5
60608.0,80.0,TCP,0.006,6.0,545.0,1,192,168,220,16,192,168,100,6
445.0,52321.0,TCP,0.0,1.0,108.0,0,192,168,100,5,192,168,220,14
52321.0,445.0,TCP,0.005,2.0,174.0,1,192,168,220,16,192,168,100,5
445.0,46709.0,TCP,0.0,1.0,108.0,0,192,168,100,5,192,168,220,6
445.0,43145.0,TCP,0.0,1.0,108.0,0,192,168,100,5,192,168,220,4
445.0,58844.0,TCP,0.0,1.0,108.0,0,192,168,100,5,192,168,220,16
445.0,52321.0,TCP,0.0,1.0,108.0,0,192,168,100,5,192,168,220,14
445.0,52321.0,TCP,0.0,1.0,108.0,0,192,168,100,5,192,168,220,14
37884.0,445.0,TCP,0.002,2.0,174.0,0,192,168,220,9,192,168,100,5
445.0,34743.0,TCP,0.0,1.0,70.0,0,192,168,100,5,192,168,220,11
37281.0,80.0,TCP,0.005,5.0,479.0,1,192,168,220,16,192,168,100,6
138.0,138.0,UDP,0.0,1.0,262.0,0,192,168,220,6,192,168,220,255
37191.0,445.0,TCP,0.005,2.0,174.0,0,192,168,220,7,192,168,100,5
51357.0,548.0,TCP,0.0,1.0,58.0,1,192,168,220,16,192,168,200,2
33491.0,80.0,TCP,0.005,5.0,479.0,1,192,168,220,16,192,168,100,6
57239.0,80.0,TCP,0.005,5.0,479.0,1,192,168,220,16,192,168,100,6
57832.0,80.0,TCP,0.003,5.0,479.0,1,192,168,220,16,192,168,100,6
445.0,43183.0,TCP,0.0,1.0,108.0,0,192,168,100,5,192,168,200,4
33029.0,80.0,TCP,0.003,5.0,479.0,1,192,168,220,16,192,168,100,6
59715.0,80.0,TCP,0.004,6.0,545.0,1,192,168,220,16,192,168,100,6
445.0,49511.0,TCP,0.0,1.0,108.0,0,192,168,100,5,192,168,220,12
445.0,43145.0,TCP,0.0,1.0,70.0,0,192,168,100,5,192,168,220,4
56917.0,80.0,TCP,0.006,5.0,479.0,1,192,168,220,16,192,168,100,6
445.0,37191.0,TCP,0.0,1.0,108.0,0,192,168,100,5,192,168,220,7
60768.0,80.0,TCP,0.003,5.0,479.0,1,192,168,220,16,192,168,100,6
43145.0,445.0,TCP,0.0,1.0,66.0,0,192,168,220,4,192,168,100,5
445.0,34743.0,TCP,0.0,1.0,108.0,0,192,168,100,5,192,168,220,11
445.0,48888.0,TCP,0.0,1.0,108.0,0,192,168,100,5,192,168,220,15
137.0,137.0,UDP,0.0,1.0,92.0,0,192,168,220,15,192,168,220,255
59143.0,80.0,TCP,0.006,5.0,479.0,1,192,168,220,16,192,168,100,6
137.0,137.0,UDP,0.0,1.0,92.0,0,192,168,220,5,192,168,220,255
59018.0,80.0,TCP,0.003,5.0,479.0,1,192,168,220,16,192,168,100,6
34562.0,80.0,TCP,0.003,5.0,479.0,1,192,168,220,16,192,168,100,6
33013.0,80.0,TCP,0.006,6.0,545.0,1,192,168,220,16,192,168,100,6
445.0,37884.0,TCP,0.0,1.0,108.0,0,192,168,100,5,192,168,220,9
58427.0,80.0,TCP,0.004,5.0,479.0,1,192,168,220,16,192,168,100,6
56016.0,80.0,TCP,0.0069999999999999,6.0,545.0,1,192,168,220,16,192,168,100,6
57847.0,80.0,TCP,0.004,5.0,479.0,1,192,168,220,16,192,168,100,6
51357.0,5103.0,TCP,0.0,1.0,58.0,1,192,168,220,16,192,168,200,4
36198.0,80.0,TCP,0.004,5.0,479.0,1,192,168,220,16,192,168,100,6
35335.0,80.0,TCP,0.005,5.0,479.0,1,192,168,220,16,192,168,100,6
51357.0,1124.0,TCP,0.0,1.0,58.0,1,192,168,220,16,192,168,200,3
445.0,37191.0,TCP,0.004,2.0,174.0,0,192,168,100,5,192,168,220,7
46808.0,445.0,TCP,0.003,2.0,174.0,0,192,168,200,5,192,168,100,5
445.0,52321.0,TCP,0.0,1.0,108.0,0,192,168,100,5,192,168,220,14
445.0,46709.0,TCP,0.0,1.0,70.0,0,192,168,100,5,192,168,220,6
35282.0,80.0,TCP,0.004,5.0,479.0,1,192,168,220,16,192,168,100,6
59953.0,80.0,TCP,0.004,6.0,545.0,1,192,168,220,16,192,168,100,6
56550.0,80.0,TCP,0.003,6.0,545.0,1,192,168,220,16,192,168,100,6
445.0,43183.0,TCP,0.0,1.0,108.0,0,192,168,100,5,192,168,200,4
37191.0,445.0,TCP,0.003,2.0,174.0,0,192,168,220,7,192,168,100,5
40239.0,445.0,TCP,0.004,2.0,174.0,0,192,168,220,10,192,168,100,5
60597.0,80.0,TCP,0.002,5.0,479.0,1,192,168,220,16,192,168,100,6
37068.0,80.0,TCP,0.003,5.0,479.0,1,192,168,220,16,192,168,100,6
49094.0,445.0,TCP,0.005,2.0,174.0,0,192,168,220,8,192,168,100,5
59136.0,80.0,TCP,0.004,6.0,545.0,1,192,168,220,16,192,168,100,6
43183.0,445.0,TCP,0.002,2.0,174.0,0,192,168,200,4,192,168,100,5
59142.0,80.0,TCP,0.005,5.0,479.0,1,192,168,220,16,192,168,100,6
445.0,40239.0,TCP,0.0,1.0,108.0,0,192,168,100,5,192,168,220,10
137.0,137.0,UDP,0.0,1.0,92.0,0,192,168,220,9,192,168,220,255
51357.0,1034.0,TCP,0.0,1.0,58.0,1,192,168,220,16,192,168,200,5
445.0,58844.0,TCP,0.0,1.0,108.0,0,192,168,100,5,192,168,220,16
49511.0,445.0,TCP,0.004,2.0,174.0,0,192,168,220,12,192,168,100,5
445.0,43183.0,TCP,0.0,1.0,108.0,0,192,168,100,5,192,168,200,4
445.0,49094.0,TCP,0.0,1.0,108.0,0,192,168,100,5,192,168,220,8
55835.0,80.0,TCP,0.003,5.0,479.0,1,192,168,220,16,192,168,100,6
56769.0,80.0,TCP,0.004,5.0,479.0,1,192,168,220,16,192,168,100,6
37153.0,80.0,TCP,0.004,5.0,479.0,1,192,168,220,16,192,168,100,6
43145.0,445.0,TCP,0.0,1.0,66.0,0,192,168,220,4,192,168,100,5
56146.0,80.0,TCP,0.003,5.0,479.0,1,192,168,220,16,192,168,100,6
57927.0,80.0,TCP,0.006,5.0,479.0,1,192,168,220,16,192,168,100,6
52321.0,445.0,TCP,0.001,2.0,174.0,0,192,168,220,14,192,168,100,5
57311.0,80.0,TCP,0.003,5.0,479.0,1,192,168,220,16,192,168,100,6
58087.0,80.0,TCP,0.004,5.0,479.0,1,192,168,220,16,192,168,100,6
137.0,137.0,UDP,0.0,1.0,92.0,0,192,168,100,4,192,168,100,255
46709.0,445.0,TCP,0.002,2.0,174.0,0,192,168,220,6,192,168,100,5
58844.0,445.0,TCP,0.003,2.0,174.0,0,192,168,220,16,192,168,100,5
40239.0,445.0,TCP,0.004,2.0,174.0,0,192,168,220,10,192,168,100,5
60689.0,445.0,TCP,0.003,2.0,174.0,0,192,168,220,13,192,168,100,5
33020.0,80.0,TCP,0.005,6.0,545.0,1,192,168,220,16,192,168,100,6
51146.0,445.0,TCP,0.003,2.0,174.0,0,192,168,220,5,192,168,100,5
445.0,46709.0,TCP,0.0,1.0,108.0,0,192,168,100,5,192,168,220,6
55620.0,80.0,TCP,0.003,5.0,479.0,1,192,168,220,16,192,168,100,6
34144.0,80.0,TCP,0.004,6.0,545.0,1,192,168,220,16,192,168,100,6
445.0,40239.0,TCP,0.0,1.0,108.0,0,192,168,100,5,192,168,220,10
445.0,48888.0,TCP,0.0,1.0,108.0,0,192,168,100,5,192,168,220,15
59613.0,80.0,TCP,0.001,5.0,479.0,1,192,168,220,16,192,168,100,6
445.0,37884.0,TCP,0.0,1.0,108.0,0,192,168,100,5,192,168,220,9
57731.0,80.0,TCP,0.003,5.0,479.0,1,192,168,220,16,192,168,100,6
36685.0,80.0,TCP,0.003,5.0,479.0,1,192,168,220,16,192,168,100,6
58844.0,80.0,TCP,0.006,2.0,174.0,1,192,168,220,16,192,168,100,6
57310.0,80.0,TCP,0.0069999999999999,5.0,479.0,1,192,168,220,16,192,168,100,6
60576.0,80.0,TCP,0.006,6.0,545.0,1,192,168,220,16,192,168,100,6
51358.0,3389.0,TCP,0.0,1.0,58.0,1,192,168,220,16,192,168,200,8
445.0,46709.0,TCP,0.0,1.0,108.0,0,192,168,100,5,192,168,220,6
51146.0,445.0,TCP,0.003,2.0,174.0,0,192,168,220,5,192,168,100,5
52321.0,445.0,TCP,0.0,1.0,66.0,0,192,168,220,14,192,168,100,5
60561.0,80.0,TCP,0.003,6.0,545.0,1,192,168,220,16,192,168,100,6
445.0,49094.0,TCP,0.0,1.0,70.0,0,192,168,100,5,192,168,220,8
46808.0,445.0,TCP,0.002,2.0,174.0,0,192,168,200,5,192,168,100,5
49511.0,445.0,TCP,0.0,2.0,174.0,0,192,168,220,12,192,168,100,5
36481.0,80.0,TCP,0.003,5.0,479.0,1,192,168,220,16,192,168,100,6
59929.0,80.0,TCP,0.006,6.0,545.0,1,192,168,220,16,192,168,100,6
445.0,48888.0,TCP,0.0,1.0,108.0,0,192,168,100,5,192,168,220,15
46709.0,445.0,TCP,0.001,2.0,174.0,0,192,168,220,6,192,168,100,5
445.0,43183.0,TCP,0.0,1.0,108.0,0,192,168,100,5,192,168,200,4
445.0,48888.0,TCP,0.0,1.0,108.0,0,192,168,100,5,192,168,220,15
137.0,137.0,UDP,0.0,1.0,92.0,0,192,168,220,10,192,168,220,255
34124.0,80.0,TCP,0.003,5.0,479.0,1,192,168,220,16,192,168,100,6
59096.0,80.0,TCP,0.004,5.0,479.0,1,192,168,220,16,192,168,100,6
445.0,52321.0,TCP,0.0,1.0,108.0,0,192,168,100,5,192,168,220,14
445.0,51146.0,TCP,0.0,1.0,108.0,0,192,168,100,5,192,168,220,5
59987.0,80.0,TCP,0.005,5.0,479.0,1,192,168,220,16,192,168,100,6
49094.0,445.0,TCP,0.005,2.0,174.0,0,192,168,220,8,192,168,100,5
445.0,52321.0,TCP,0.0,1.0,108.0,0,192,168,100,5,192,168,220,14
445.0,40239.0,TCP,0.0,1.0,108.0,0,192,168,100,5,192,168,220,10
46709.0,445.0,TCP,0.005,2.0,174.0,0,192,168,220,6,192,168,100,5
51357.0,1042.0,TCP,0.0,1.0,58.0,1,192,168,220,16,192,168,200,1
40239.0,445.0,TCP,0.002,2.0,174.0,0,192,168,220,10,192,168,100,5
51357.0,1061.0,TCP,0.0,1.0,58.0,1,192,168,220,16,192,168,200,5
51358.0,1094.0,TCP,0.0,1.0,58.0,1,192,168,220,16,192,168,200,9
60481.0,80.0,TCP,0.004,5.0,479.0,1,192,168,220,16,192,168,100,6
33147.0,80.0,TCP,0.004,5.0,479.0,1,192,168,220,16,192,168,100,6
57098.0,80.0,TCP,0.004,6.0,545.0,1,192,168,220,16,192,168,100,6
60593.0,80.0,TCP,0.005,5.0,479.0,1,192,168,220,16,192,168,100,6
445.0,51146.0,TCP,0.0,1.0,108.0,0,192,168,100,5,192,168,220,5
445.0,48888.0,TCP,0.0,1.0,108.0,0,192,168,100,5,192,168,220,15
35271.0,80.0,TCP,0.004,5.0,479.0,1,192,168,220,16,192,168,100,6
60527.0,80.0,TCP,0.006,6.0,545.0,1,192,168,220,16,192,168,100,6
46755.0,1089.0,TCP,0.0,1.0,58.0,1,192,168,220,16,192,168,210,1
445.0,43183.0,TCP,0.0,1.0,108.0,0,192,168,100,5,192,168,200,4
58894.0,80.0,TCP,0.004,5.0,479.0,1,192,168,220,16,192,168,100,6
58844.0,445.0,TCP,0.005,2.0,174.0,0,192,168,220,16,192,168,100,5
445.0,58844.0,TCP,0.0,1.0,108.0,0,192,168,100,5,192,168,220,16
59165.0,80.0,TCP,0.006,5.0,479.0,1,192,168,220,16,192,168,100,6
59136.0,80.0,TCP,0.004,5.0,479.0,1,192,168,220,16,192,168,100,6
51357.0,7.0,TCP,0.0,1.0,58.0,1,192,168,220,16,192,168,200,2
32981.0,80.0,TCP,0.005,6.0,545.0,1,192,168,220,16,192,168,100,6
59923.0,80.0,TCP,0.005,5.0,479.0,1,192,168,220,16,192,168,100,6
445.0,43183.0,TCP,0.0,1.0,108.0,0,192,168,100,5,192,168,200,4
60266.0,80.0,TCP,0.004,5.0,479.0,1,192,168,220,16,192,168,100,6
137.0,137.0,UDP,0.0,1.0,92.0,0,192,168,220,3,192,168,220,255
51357.0,514.0,TCP,0.0,1.0,58.0,1,192,168,220,16,192,168,200,2
34302.0,80.0,TCP,0.002,5.0,479.0,1,192,168,220,16,192,168,100,6
34743.0,445.0,TCP,0.002,2.0,174.0,0,192,168,220,11,192,168,100,5
60381.0,80.0,TCP,0.005,5.0,479.0,1,192,168,220,16,192,168,100,6
57945.0,80.0,TCP,0.006,5.0,479.0,1,192,168,220,16,192,168,100,6
58843.0,80.0,TCP,0.001,5.0,479.0,1,192,168,220,16,192,168,100,6
59968.0,80.0,TCP,0.004,5.0,479.0,1,192,168,220,16,192,168,100,6
37884.0,445.0,TCP,0.006,2.0,174.0,0,192,168,220,9,192,168,100,5
56272.0,80.0,TCP,0.004,6.0,545.0,1,192,168,220,16,192,168,100,6
59467.0,80.0,TCP,0.006,5.0,479.0,1,192,168,220,16,192,168,100,6
445.0,52321.0,TCP,0.0,1.0,108.0,0,192,168,100,5,192,168,220,14
59918.0,80.0,TCP,0.004,6.0,545.0,1,192,168,220,16,192,168,100,6
57412.0,80.0,TCP,0.003,5.0,479.0,1,192,168,220,16,192,168,100,6
445.0,37884.0,TCP,0.0,1.0,108.0,0,192,168,100,5,192,168,220,9
58844.0,445.0,TCP,0.005,2.0,174.0,0,192,168,220,16,192,168,100,5
49511.0,445.0,TCP,0.006,2.0,174.0,0,192,168,220,12,192,168,100,5
60689.0,445.0,TCP,0.004,2.0,174.0,0,192,168,220,13,192,168,100,5
51357.0,32768.0,TCP,0.0,1.0,58.0,1,192,168,220,16,192,168,200,8
445.0,43183.0,TCP,0.0,1.0,108.0,0,192,168,100,5,192,168,200,4
445.0,60689.0,TCP,0.0,1.0,108.0,0,192,168,100,5,192,168,220,13
445.0,43145.0,TCP,0.0,1.0,108.0,0,192,168,100,5,192,168,220,4
37884.0,445.0,TCP,0.0,1.0,66.0,0,192,168,220,9,192,168,100,5
445.0,46709.0,TCP,0.0,1.0,70.0,0,192,168,100,5,192,168,220,6
445.0,48888.0,TCP,0.0,1.0,70.0,0,192,168,100,5,192,168,220,15
46808.0,445.0,TCP,0.004,2.0,174.0,0,192,168,200,5,192,168,100,5
445.0,43145.0,TCP,0.0,1.0,108.0,0,192,168,100,5,192,168,220,4
137.0,137.0,UDP,0.0,1.0,92.0,0,192,168,220,9,192,168,220,255
138.0,138.0,UDP,0.0,1.0,243.0,0,192,168,200,8,192,168,200,255
58844.0,445.0,TCP,0.002,2.0,174.0,0,192,168,220,16,192,168,100,5
445.0,51146.0,TCP,0.0,1.0,108.0,0,192,168,100,5,192,168,220,5
35199.0,80.0,TCP,0.005,5.0,479.0,1,192,168,220,16,192,168,100,6
35242.0,80.0,TCP,0.004,5.0,479.0,1,192,168,220,16,192,168,100,6
445.0,40239.0,TCP,0.0,1.0,108.0,0,192,168,100,5,192,168,220,10
137.0,137.0,UDP,0.0,1.0,92.0,0,192,168,220,10,192,168,220,255
35999.0,80.0,TCP,0.004,5.0,479.0,1,192,168,220,16,192,168,100,6
33172.0,80.0,TCP,0.003,6.0,545.0,1,192,168,220,16,192,168,100,6
58631.0,80.0,TCP,0.006,6.0,545.0,1,192,168,220,16,192,168,100,6
58943.0,80.0,TCP,0.003,5.0,479.0,1,192,168,220,16,192,168,100,6
445.0,46808.0,TCP,0.0,1.0,108.0,0,192,168,100,5,192,168,200,5
58418.0,80.0,TCP,0.003,5.0,479.0,1,192,168,220,16,192,168,100,6
58344.0,80.0,TCP,0.002,5.0,479.0,1,192,168,220,16,192,168,100,6
60621.0,80.0,TCP,0.004,5.0,479.0,1,192,168,220,16,192,168,100,6
34880.0,80.0,TCP,0.005,5.0,479.0,1,192,168,220,16,192,168,100,6
445.0,46709.0,TCP,0.0,1.0,108.0,0,192,168,100,5,192,168,220,6
56320.0,80.0,TCP,0.003,6.0,545.0,1,192,168,220,16,192,168,100,6
51357.0,8084.0,TCP,0.0,1.0,58.0,1,192,168,220,16,192,168,200,8
137.0,137.0,UDP,0.0,1.0,92.0,0,192,168,220,10,192,168,220,255
51357.0,6689.0,TCP,0.0,1.0,58.0,1,192,168,220,16,192,168,200,1
138.0,138.0,UDP,0.0,1.0,262.0,0,192,168,220,16,192,168,220,255
445.0,46709.0,TCP,0.0,1.0,108.0,0,192,168,100,5,192,168,220,6
59164.0,80.0,TCP,0.006,5.0,479.0,1,192,168,220,16,192,168,100,6
59968.0,80.0,TCP,0.006,5.0,479.0,1,192,168,220,16,192,168,100,6
57738.0,80.0,TCP,0.006,5.0,479.0,1,192,168,220,16,192,168,100,6
58714.0,80.0,TCP,0.004,6.0,545.0,1,192,168,220,16,192,168,100,6
445.0,60689.0,TCP,0.0,1.0,70.0,0,192,168,100,5,192,168,220,13
37404.0,80.0,TCP,0.002,5.0,479.0,1,192,168,220,16,192,168,100,6
445.0,34743.0,TCP,0.0,1.0,108.0,0,192,168,100,5,192,168,220,11
60794.0,80.0,TCP,0.004,5.0,479.0,1,192,168,220,16,192,168,100,6
445.0,46709.0,TCP,0.0,1.0,70.0,0,192,168,100,5,192,168,220,6
58527.0,80.0,TCP,0.003,5.0,479.0,1,192,168,220,16,192,168,100,6
58353.0,80.0,TCP,0.003,5.0,479.0,1,192,168,220,16,192,168,100,6
35088.0,80.0,TCP,0.003,5.0,479.0,1,192,168,220,16,192,168,100,6
51357.0,64611.0,TCP,0.0,1.0,58.0,0,192,168,220,16,192,168,200,8
59437.0,80.0,TCP,0.005,5.0,479.0,1,192,168,220,16,192,168,100,6
58311.0,80.0,TCP,0.004,5.0,479.0,1,192,168,220,16,192,168,100,6
56563.0,80.0,TCP,0.006,5.0,479.0,1,192,168,220,16,192,168,100,6
59629.0,80.0,TCP,0.003,6.0,545.0,1,192,168,220,16,192,168,100,6
51357.0,1083.0,TCP,0.0,1.0,58.0,1,192,168,220,16,192,168,200,3
35201.0,80.0,TCP,0.003,5.0,479.0,1,192,168,220,16,192,168,100,6
49511.0,445.0,TCP,0.002,2.0,174.0,0,192,168,220,12,192,168,100,5
43145.0,445.0,TCP,0.004,2.0,174.0,0,192,168,220,4,192,168,100,5
60689.0,445.0,TCP,0.002,2.0,174.0,0,192,168,220,13,192,168,100,5
60805.0,80.0,TCP,0.003,5.0,479.0,1,192,168,220,16,192,168,100,6
49511.0,445.0,TCP,0.005,2.0,174.0,0,192,168,220,12,192,168,100,5
36620.0,80.0,TCP,0.003,5.0,479.0,1,192,168,220,16,192,168,100,6
445.0,46709.0,TCP,0.0,1.0,108.0,0,192,168,100,5,192,168,220,6
59422.0,80.0,TCP,0.004,6.0,545.0,1,192,168,220,16,192,168,100,6
137.0,137.0,UDP,0.0,1.0,92.0,0,192,168,220,10,192,168,220,255
445.0,46709.0,TCP,0.0,1.0,108.0,0,192,168,100,5,192,168,220,6
51357.0,668.0,TCP,0.0,1.0,58.0,1,192,168,220,16,192,168,200,9
56923.0,80.0,TCP,0.003,6.0,545.0,1,192,168,220,16,192,168,100,6
52321.0,445.0,TCP,0.002,2.0,174.0,0,192,168,220,14,192,168,100,5
59834.0,80.0,TCP,0.005,5.0,479.0,1,192,168,220,16,192,168,100,6
35247.0,80.0,TCP,0.003,5.0,479.0,1,192,168,220,16,192,168,100,6
49511.0,445.0,TCP,0.006,2.0,174.0,0,192,168,220,12,192,168,100,5
445.0,46709.0,TCP,0.0,1.0,108.0,0,192,168,100,5,192,168,220,6
58804.0,80.0,TCP,0.006,6.0,545.0,1,192,168,220,16,192,168,100,6
445.0,40239.0,TCP,0.0,1.0,70.0,0,192,168,100,5,192,168,220,10
60371.0,80.0,TCP,0.003,5.0,479.0,1,192,168,220,16,192,168,100,6
445.0,43145.0,TCP,0.0,1.0,108.0,0,192,168,100,5,192,168,220,4
51357.0,5102.0,TCP,0.0,1.0,58.0,1,192,168,220,16,192,168,200,9
36422.0,80.0,TCP,0.005,5.0,479.0,1,192,168,220,16,192,168,100,6
58844.0,445.0,TCP,0.0,1.0,66.0,0,192,168,220,16,192,168,100,5
445.0,43183.0,TCP,0.0,1.0,108.0,0,192,168,100,5,192,168,200,4
445.0,46808.0,TCP,0.0,1.0,70.0,0,192,168,100,5,192,168,200,5
49511.0,445.0,TCP,0.003,2.0,174.0,0,192,168,220,12,192,168,100,5
43145.0,445.0,TCP,0.004,2.0,174.0,0,192,168,220,4,192,168,100,5
43145.0,445.0,TCP,0.004,2.0,174.0,0,192,168,220,4,192,168,100,5
51146.0,445.0,TCP,0.005,2.0,174.0,0,192,168,220,5,192,168,100,5
34924.0,80.0,TCP,0.006,5.0,479.0,1,192,168,220,16,192,168,100,6
60648.0,80.0,TCP,0.004,6.0,545.0,1,192,168,220,16,192,168,100,6
445.0,49511.0,TCP,0.0,1.0,108.0,0,192,168,100,5,192,168,220,12
59136.0,80.0,TCP,0.004,6.0,545.0,1,192,168,220,16,192,168,100,6
51146.0,445.0,TCP,0.002,2.0,174.0,0,192,168,220,5,192,168,100,5
51357.0,8082.0,TCP,0.0,1.0,58.0,1,192,168,220,16,192,168,200,9
60494.0,80.0,TCP,0.004,5.0,479.0,1,192,168,220,16,192,168,100,6
46709.0,445.0,TCP,0.005,2.0,174.0,0,192,168,220,6,192,168,100,5
40239.0,445.0,TCP,0.003,2.0,174.0,0,192,168,220,10,192,168,100,5
445.0,37191.0,TCP,0.0,1.0,108.0,0,192,168,100,5,192,168,220,7
60709.0,80.0,TCP,0.006,6.0,545.0,1,192,168,220,16,192,168,100,6
34199.0,80.0,TCP,0.006,5.0,479.0,1,192,168,220,16,192,168,100,6
137.0,137.0,UDP,0.0,1.0,92.0,0,192,168,200,4,192,168,200,255
60832.0,80.0,TCP,0.002,5.0,479.0,1,192,168,220,16,192,168,100,6
445.0,46709.0,TCP,0.0,1.0,108.0,0,192,168,220,16,192,168,200,5
43145.0,445.0,TCP,0.002,2.0,174.0,0,192,168,220,4,192,168,100,5
59094.0,80.0,TCP,0.003,6.0,545.0,1,192,168,220,16,192,168,100,6
46709.0,445.0,TCP,0.012,3.0,240.0,0,192,168,220,6,192,168,100,5
59670.0,80.0,TCP,0.003,5.0,479.0,1,192,168,220,16,192,168,100,6
445.0,60689.0,TCP,0.0,1.0,108.0,0,192,168,100,5,192,168,220,13
445.0,49511.0,TCP,0.0,1.0,70.0,0,192,168,100,5,192,168,220,12
445.0,51146.0,TCP,0.0,1.0,108.0,0,192,168,100,5,192,168,220,5
445.0,46808.0,TCP,0.0,1.0,108.0,0,192,168,100,5,192,168,200,5
445.0,49511.0,TCP,0.0,1.0,108.0,0,192,168,100,5,192,168,220,12
36862.0,80.0,TCP,0.005,5.0,479.0,1,192,168,220,16,192,168,100,6
33241.0,80.0,TCP,0.002,5.0,479.0,1,192,168,220,16,192,168,100,6
43145.0,445.0,TCP,0.005,2.0,174.0,0,192,168,220,4,192,168,100,5
445.0,37191.0,TCP,0.0,1.0,108.0,0,192,168,100,5,192,168,220,7
445.0,37191.0,TCP,0.0,1.0,108.0,0,192,168,100,5,192,168,220,7
58408.0,80.0,TCP,0.004,6.0,545.0,1,192,168,220,16,192,168,100,6
43145.0,445.0,TCP,0.004,2.0,174.0,0,192,168,220,4,192,168,100,5
37191.0,445.0,TCP,0.002,2.0,174.0,0,192,168,220,7,192,168,100,5
445.0,48888.0,TCP,0.0,1.0,108.0,0,192,168,100,5,192,168,220,15
137.0,137.0,UDP,0.0,1.0,92.0,0,192,168,220,14,192,168,220,255
445.0,60689.0,TCP,0.0,1.0,108.0,0,192,168,100,5,192,168,220,13
59868.0,80.0,TCP,0.003,5.0,479.0,1,192,168,220,16,192,168,100,6
57575.0,80.0,TCP,0.005,6.0,545.0,1,192,168,220,16,192,168,100,6
57880.0,80.0,TCP,0.005,6.0,545.0,1,192,168,220,16,192,168,100,6
60689.0,445.0,TCP,0.004,2.0,174.0,0,192,168,220,13,192,168,100,5
59808.0,80.0,TCP,0.005,6.0,545.0,1,192,168,220,16,192,168,100,6
57934.0,80.0,TCP,0.004,5.0,479.0,1,192,168,220,16,192,168,100,6
60727.0,80.0,TCP,0.004,5.0,479.0,1,192,168,220,16,192,168,100,6
43145.0,445.0,TCP,0.003,2.0,174.0,0,192,168,220,4,192,168,100,5
37884.0,445.0,TCP,0.0,1.0,66.0,0,192,168,220,9,192,168,100,5
445.0,40239.0,TCP,0.0,1.0,108.0,0,192,168,100,5,192,168,220,10
445.0,49511.0,TCP,0.0,1.0,108.0,0,192,168,100,5,192,168,220,12
58027.0,80.0,TCP,0.006,5.0,479.0,1,192,168,220,16,192,168,100,6
445.0,46808.0,TCP,0.0,1.0,108.0,0,192,168,100,5,192,168,200,5
57300.0,80.0,TCP,0.003,6.0,545.0,1,192,168,220,16,192,168,100,6
56449.0,80.0,TCP,0.004,6.0,545.0,1,192,168,220,16,192,168,100,6
60645.0,80.0,TCP,0.002,6.0,545.0,1,192,168,220,16,192,168,100,6
445.0,46808.0,TCP,0.0,1.0,108.0,0,192,168,100,5,192,168,200,5
60553.0,80.0,TCP,0.0069999999999999,6.0,545.0,1,192,168,220,16,192,168,100,6
49511.0,445.0,TCP,0.003,2.0,174.0,0,192,168,220,12,192,168,100,5
445.0,51146.0,TCP,0.0,1.0,108.0,0,192,168,100,5,192,168,220,5
34487.0,80.0,TCP,0.004,6.0,545.0,1,192,168,220,16,192,168,100,6
445.0,43183.0,TCP,0.0,1.0,108.0,0,192,168,100,5,192,168,200,4
445.0,37884.0,TCP,0.0,1.0,108.0,0,192,168,100,5,192,168,220,9
445.0,46808.0,TCP,0.0,1.0,108.0,0,192,168,100,5,192,168,200,5
445.0,51146.0,TCP,0.0,1.0,108.0,0,192,168,100,5,192,168,220,5
60780.0,80.0,TCP,0.006,5.0,479.0,1,192,168,220,16,192,168,100,6
58405.0,80.0,TCP,0.006,6.0,545.0,1,192,168,220,16,192,168,100,6
60689.0,445.0,TCP,0.0,1.0,66.0,0,192,168,220,13,192,168,100,5
60233.0,80.0,TCP,0.004,5.0,479.0,1,192,168,220,16,192,168,100,6
137.0,137.0,UDP,0.0,1.0,92.0,0,192,168,220,12,192,168,220,255
46709.0,445.0,TCP,0.0,1.0,66.0,0,192,168,220,6,192,168,100,5
445.0,46808.0,TCP,0.0,1.0,108.0,0,192,168,100,5,192,168,200,5
33732.0,80.0,TCP,0.0069999999999999,5.0,479.0,1,192,168,220,16,192,168,100,6
445.0,43145.0,TCP,0.0,1.0,108.0,0,192,168,100,5,192,168,220,4
46709.0,445.0,TCP,0.002,2.0,174.0,0,192,168,220,6,192,168,100,5
56499.0,80.0,TCP,0.004,5.0,479.0,1,192,168,220,16,192,168,100,6
57780.0,80.0,TCP,0.004,5.0,479.0,1,192,168,220,16,192,168,100,6
58355.0,80.0,TCP,0.004,5.0,479.0,1,192,168,220,16,192,168,100,6
60679.0,80.0,TCP,0.006,5.0,479.0,1,192,168,220,16,192,168,100,6
60741.0,80.0,TCP,0.004,6.0,545.0,1,192,168,220,16,192,168,100,6
57994.0,80.0,TCP,0.002,6.0,545.0,1,192,168,220,16,192,168,100,6
445.0,43145.0,TCP,0.0,1.0,70.0,0,192,168,100,5,192,168,220,4
445.0,37884.0,TCP,0.0,1.0,108.0,0,192,168,100,5,192,168,220,9
59901.0,80.0,TCP,0.003,5.0,479.0,1,192,168,220,16,192,168,100,6
46709.0,445.0,TCP,0.003,2.0,174.0,0,192,168,220,6,192,168,100,5
445.0,52321.0,TCP,0.0,1.0,108.0,0,192,168,100,5,192,168,220,14
51357.0,1064.0,TCP,0.0,1.0,58.0,1,192,168,220,16,192,168,200,8
60563.0,80.0,TCP,0.004,5.0,479.0,1,192,168,220,16,192,168,100,6
137.0,137.0,UDP,0.0,1.0,92.0,0,192,168,220,5,192,168,220,255
445.0,40239.0,TCP,0.0,1.0,108.0,0,192,168,100,5,192,168,220,10
445.0,37191.0,TCP,0.0,1.0,70.0,0,192,168,100,5,192,168,220,7
60683.0,80.0,TCP,0.006,5.0,479.0,1,192,168,220,16,192,168,100,6
59868.0,80.0,TCP,0.004,5.0,479.0,1,192,168,220,16,192,168,100,6
445.0,43145.0,TCP,0.0,1.0,108.0,0,192,168,100,5,192,168,220,4
58844.0,445.0,TCP,0.002,2.0,174.0,0,192,168,220,16,192,168,100,5
58235.0,80.0,TCP,0.003,5.0,479.0,1,192,168,220,16,192,168,100,6
445.0,37191.0,TCP,0.0,1.0,108.0,0,192,168,100,5,192,168,220,7
37884.0,445.0,TCP,0.006,2.0,174.0,0,192,168,220,9,192,168,100,5
46808.0,445.0,TCP,0.005,2.0,174.0,0,192,168,200,5,192,168,100,5
445.0,58844.0,TCP,0.0,1.0,70.0,0,192,168,100,5,192,168,220,16
60429.0,80.0,TCP,0.005,5.0,479.0,1,192,168,220,16,192,168,100,6
51357.0,5822.0,TCP,0.0,1.0,58.0,1,192,168,220,16,192,168,200,3
58235.0,80.0,TCP,0.006,6.0,545.0,1,192,168,220,16,192,168,100,6
137.0,137.0,UDP,0.0,1.0,92.0,0,192,168,220,9,192,168,220,255
58844.0,445.0,TCP,0.002,2.0,174.0,0,192,168,220,16,192,168,100,5
57750.0,80.0,TCP,0.006,5.0,479.0,1,192,168,220,16,192,168,100,6
59875.0,80.0,TCP,0.003,5.0,479.0,1,192,168,220,16,192,168,100,6
445.0,49094.0,TCP,0.0,1.0,108.0,0,192,168,100,5,192,168,220,8
445.0,37191.0,TCP,0.0,1.0,108.0,0,192,168,100,5,192,168,220,7
55308.0,80.0,TCP,0.006,6.0,545.0,1,192,168,220,16,192,168,100,6
445.0,43145.0,TCP,0.0,1.0,108.0,0,192,168,100,5,192,168,220,4
32841.0,80.0,TCP,0.004,5.0,479.0,1,192,168,220,16,192,168,100,6
37191.0,445.0,TCP,0.004,2.0,174.0,0,192,168,220,7,192,168,100,5
49094.0,445.0,TCP,0.003,2.0,174.0,0,192,168,220,8,192,168,100,5
43145.0,445.0,TCP,0.003,2.0,174.0,0,192,168,220,4,192,168,100,5
34465.0,80.0,TCP,0.003,5.0,479.0,1,192,168,220,16,192,168,100,6
34931.0,80.0,TCP,0.005,5.0,479.0,1,192,168,220,16,192,168,100,6
58061.0,80.0,TCP,0.003,5.0,479.0,1,192,168,220,16,192,168,100,6
59615.0,80.0,TCP,0.004,5.0,479.0,1,192,168,220,16,192,168,100,6
445.0,51146.0,TCP,0.0,1.0,108.0,0,192,168,100,5,192,168,220,5
445.0,49511.0,TCP,0.0,1.0,108.0,0,192,168,100,5,192,168,220,12
37884.0,445.0,TCP,0.002,2.0,174.0,0,192,168,220,9,192,168,100,5
58284.0,80.0,TCP,0.004,5.0,479.0,1,192,168,220,16,192,168,100,6
59989.0,80.0,TCP,0.004,6.0,545.0,1,192,168,220,16,192,168,100,6
445.0,40239.0,TCP,0.0,1.0,108.0,0,192,168,100,5,192,168,220,10
445.0,37884.0,TCP,0.0,1.0,108.0,0,192,168,100,5,192,168,220,9
43183.0,445.0,TCP,0.003,2.0,174.0,0,192,168,200,4,192,168,100,5
37268.0,80.0,TCP,0.003,5.0,479.0,1,192,168,220,16,192,168,100,6
51358.0,3801.0,TCP,0.0,1.0,58.0,1,192,168,220,16,192,168,200,8
59918.0,80.0,TCP,0.004,6.0,545.0,1,192,168,220,16,192,168,100,6
56639.0,80.0,TCP,0.002,5.0,479.0,1,192,168,220,16,192,168,100,6
58333.0,80.0,TCP,0.0069999999999999,5.0,479.0,1,192,168,220,16,192,168,100,6
445.0,37884.0,TCP,0.0,1.0,108.0,0,192,168,100,5,192,168,220,9
445.0,40239.0,TCP,0.0,1.0,108.0,0,192,168,100,5,192,168,220,10
58372.0,80.0,TCP,0.005,6.0,545.0,1,192,168,220,16,192,168,100,6
34743.0,445.0,TCP,0.004,2.0,174.0,0,192,168,220,11,192,168,100,5
49094.0,445.0,TCP,0.003,2.0,174.0,0,192,168,220,8,192,168,100,5
445.0,46709.0,TCP,0.0,1.0,70.0,0,192,168,100,5,192,168,220,6
46709.0,445.0,TCP,0.004,2.0,174.0,0,192,168,220,6,192,168,100,5
57994.0,80.0,TCP,0.004,5.0,479.0,1,192,168,220,16,192,168,100,6
58386.0,80.0,TCP,0.006,6.0,545.0,1,192,168,220,16,192,168,100,6
58837.0,80.0,TCP,0.003,5.0,479.0,1,192,168,220,16,192,168,100,6
445.0,46808.0,TCP,0.0,1.0,108.0,0,192,168,100,5,192,168,200,5
445.0,58844.0,TCP,0.0,1.0,70.0,0,192,168,100,5,192,168,220,16
445.0,40239.0,TCP,0.0,1.0,70.0,0,192,168,100,5,192,168,220,10
137.0,137.0,UDP,0.0,1.0,92.0,0,192,168,220,10,192,168,220,255
35458.0,80.0,TCP,0.005,5.0,479.0,1,192,168,220,16,192,168,100,6
57331.0,80.0,TCP,0.005,5.0,479.0,1,192,168,220,16,192,168,100,6
40239.0,445.0,TCP,0.005,2.0,174.0,0,192,168,220,10,192,168,100,5
51357.0,5801.0,TCP,0.0,1.0,58.0,1,192,168,220,16,192,168,200,5
49511.0,445.0,TCP,0.001,2.0,174.0,0,192,168,220,12,192,168,100,5
55765.0,80.0,TCP,0.002,5.0,479.0,1,192,168,220,16,192,168,100,6
43183.0,445.0,TCP,0.0,1.0,66.0,0,192,168,200,4,192,168,100,5
56709.0,80.0,TCP,0.005,5.0,479.0,1,192,168,220,16,192,168,100,6
51357.0,8383.0,TCP,0.0,1.0,58.0,1,192,168,220,16,192,168,200,2
58836.0,80.0,TCP,0.006,5.0,479.0,1,192,168,220,16,192,168,100,6
59174.0,80.0,TCP,0.003,5.0,479.0,1,192,168,220,16,192,168,100,6
34196.0,80.0,TCP,0.005,5.0,479.0,1,192,168,220,16,192,168,100,6
34279.0,80.0,TCP,0.005,5.0,479.0,1,192,168,220,16,192,168,100,6
137.0,137.0,UDP,0.0,1.0,92.0,0,192,168,220,6,192,168,220,255
51357.0,2608.0,TCP,0.0,1.0,58.0,1,192,168,220,16,192,168,200,1
55747.0,80.0,TCP,0.004,5.0,479.0,1,192,168,220,16,192,168,100,6
48888.0,445.0,TCP,0.002,2.0,174.0,0,192,168,220,15,192,168,100,5
49511.0,445.0,TCP,0.003,2.0,174.0,0,192,168,220,12,192,168,100,5
36234.0,80.0,TCP,0.004,5.0,479.0,1,192,168,220,16,192,168,100,6
35572.0,80.0,TCP,0.004,5.0,479.0,1,192,168,220,16,192,168,100,6
37208.0,80.0,TCP,0.004,5.0,479.0,1,192,168,220,16,192,168,100,6
33596.0,80.0,TCP,0.005,5.0,479.0,1,192,168,220,16,192,168,100,6
59417.0,80.0,TCP,0.004,6.0,545.0,1,192,168,220,16,192,168,100,6
445.0,58844.0,TCP,0.0,1.0,108.0,0,192,168,100,5,192,168,220,16
35308.0,80.0,TCP,0.004,5.0,479.0,1,192,168,220,16,192,168,100,6
445.0,46709.0,TCP,0.0,1.0,108.0,0,192,168,100,5,192,168,220,6
445.0,43145.0,TCP,0.0,1.0,108.0,0,192,168,100,5,192,168,220,4
445.0,58844.0,TCP,0.0,1.0,108.0,0,192,168,100,5,192,168,220,16
33994.0,80.0,TCP,0.004,5.0,479.0,1,192,168,220,16,192,168,100,6
445.0,43145.0,TCP,0.0,1.0,108.0,0,192,168,100,5,192,168,220,4
51357.0,1045.0,TCP,0.0,1.0,58.0,1,192,168,220,16,192,168,200,3
445.0,49511.0,TCP,0.0,1.0,108.0,0,192,168,100,5,192,168,220,12
59621.0,80.0,TCP,0.006,6.0,545.0,1,192,168,220,16,192,168,100,6
60032.0,80.0,TCP,0.003,5.0,479.0,1,192,168,220,16,192,168,100,6
445.0,46709.0,TCP,0.0,1.0,108.0,0,192,168,100,5,192,168,220,6
445.0,48888.0,TCP,0.0,1.0,108.0,0,192,168,100,5,192,168,220,15
56372.0,80.0,TCP,0.004,5.0,479.0,1,192,168,220,16,192,168,100,6
59704.0,80.0,TCP,0.003,5.0,479.0,1,192,168,220,16,192,168,100,6
445.0,43183.0,TCP,0.0,1.0,108.0,0,192,168,100,5,192,168,200,4
445.0,49511.0,TCP,0.0,1.0,108.0,0,192,168,100,5,192,168,220,12
51357.0,617.0,TCP,0.0,1.0,58.0,1,192,168,220,16,192,168,200,2
58855.0,80.0,TCP,0.004,6.0,545.0,1,192,168,220,16,192,168,100,6
445.0,60689.0,TCP,0.0,1.0,108.0,0,192,168,100,5,192,168,220,13
33437.0,80.0,TCP,0.003,6.0,545.0,1,192,168,220,16,192,168,100,6
37191.0,445.0,TCP,0.0,1.0,66.0,0,192,168,220,7,192,168,100,5
51357.0,49176.0,TCP,0.0,1.0,58.0,1,192,168,220,16,192,168,200,9
58385.0,80.0,TCP,0.004,5.0,479.0,1,192,168,220,16,192,168,100,6
49094.0,445.0,TCP,0.005,2.0,174.0,0,192,168,220,8,192,168,100,5
445.0,49511.0,TCP,0.0,1.0,108.0,0,192,168,100,5,192,168,220,12
34843.0,80.0,TCP,0.003,5.0,479.0,1,192,168,220,16,192,168,100,6
445.0,49511.0,TCP,0.0,1.0,108.0,0,192,168,100,5,192,168,220,12
55917.0,80.0,TCP,0.006,5.0,479.0,1,192,168,220,16,192,168,100,6
51146.0,445.0,TCP,0.004,2.0,174.0,0,192,168,220,5,192,168,100,5
35663.0,80.0,TCP,0.005,5.0,479.0,1,192,168,220,16,192,168,100,6
445.0,58844.0,TCP,0.0,1.0,108.0,0,192,168,100,5,192,168,220,16
445.0,34743.0,TCP,0.0,1.0,108.0,0,192,168,100,5,192,168,220,11
445.0,60689.0,TCP,0.0,1.0,108.0,0,192,168,100,5,192,168,220,13
58089.0,80.0,TCP,0.004,5.0,479.0,1,192,168,220,16,192,168,100,6
59912.0,80.0,TCP,0.005,5.0,479.0,1,192,168,220,16,192,168,100,6
59738.0,80.0,TCP,0.006,5.0,479.0,1,192,168,220,16,192,168,100,6
445.0,46709.0,TCP,0.0,1.0,108.0,0,192,168,100,5,192,168,220,6
51357.0,514.0,TCP,0.0,1.0,58.0,1,192,168,220,16,192,168,200,1
445.0,43145.0,TCP,0.0,1.0,108.0,0,192,168,100,5,192,168,220,4
137.0,137.0,UDP,0.0,1.0,92.0,0,192,168,220,13,192,168,220,255
51146.0,445.0,TCP,0.001,2.0,174.0,0,192,168,220,5,192,168,100,5
59867.0,80.0,TCP,0.0069999999999999,6.0,545.0,1,192,168,220,16,192,168,100,6
445.0,49511.0,TCP,0.0,1.0,108.0,0,192,168,100,5,192,168,220,12
445.0,51146.0,TCP,0.0,1.0,108.0,0,192,168,100,5,192,168,220,5
35803.0,80.0,TCP,0.002,5.0,479.0,1,192,168,220,16,192,168,100,6
51146.0,445.0,TCP,0.002,2.0,174.0,0,192,168,220,5,192,168,100,5
445.0,51146.0,TCP,0.0,1.0,108.0,0,192,168,100,5,192,168,220,5
36019.0,80.0,TCP,0.003,5.0,479.0,1,192,168,220,16,192,168,100,6
445.0,51146.0,TCP,0.0,1.0,108.0,0,192,168,100,5,192,168,220,5
37283.0,80.0,TCP,0.005,5.0,479.0,1,192,168,220,16,192,168,100,6
57822.0,80.0,TCP,0.004,5.0,479.0,1,192,168,220,16,192,168,100,6
54296.0,587.0,TCP,0.003,7.0,1566.0,0,192,168,220,5,192,168,100,4
59621.0,80.0,TCP,0.003,5.0,479.0,1,192,168,220,16,192,168,100,6
445.0,34743.0,TCP,0.0,1.0,108.0,0,192,168,100,5,192,168,220,11
59076.0,80.0,TCP,0.006,5.0,479.0,1,192,168,220,16,192,168,100,6
60450.0,80.0,TCP,0.006,5.0,479.0,1,192,168,220,16,192,168,100,6
56958.0,80.0,TCP,0.003,5.0,479.0,1,192,168,220,16,192,168,100,6
49094.0,445.0,TCP,0.003,2.0,174.0,0,192,168,220,8,192,168,100,5
57762.0,80.0,TCP,0.004,5.0,479.0,1,192,168,220,16,192,168,100,6
60275.0,80.0,TCP,0.006,5.0,479.0,1,192,168,220,16,192,168,100,6
445.0,52321.0,TCP,0.0,1.0,108.0,0,192,168,100,5,192,168,220,14
58255.0,80.0,TCP,0.005,5.0,479.0,1,192,168,220,16,192,168,100,6
59048.0,80.0,TCP,0.003,5.0,479.0,1,192,168,220,16,192,168,100,6
445.0,46808.0,TCP,0.0,1.0,108.0,0,192,168,100,5,192,168,200,5
60940.0,80.0,TCP,0.004,5.0,479.0,1,192,168,220,16,192,168,100,6
58844.0,445.0,TCP,0.003,2.0,174.0,0,192,168,220,16,192,168,100,5
445.0,43145.0,TCP,0.0,1.0,108.0,0,192,168,100,5,192,168,220,4
52321.0,445.0,TCP,0.005,2.0,174.0,0,192,168,220,14,192,168,100,5
49094.0,445.0,TCP,0.004,2.0,174.0,0,192,168,220,8,192,168,100,5
35292.0,80.0,TCP,0.005,5.0,479.0,1,192,168,220,16,192,168,100,6
33505.0,80.0,TCP,0.006,6.0,545.0,1,192,168,220,16,192,168,100,6
59628.0,80.0,TCP,0.004,6.0,545.0,1,192,168,220,16,192,168,100,6
51357.0,5004.0,TCP,0.0,1.0,58.0,1,192,168,220,16,192,168,200,1
445.0,43145.0,TCP,0.0,1.0,108.0,0,192,168,100,5,192,168,220,4
36283.0,80.0,TCP,0.004,5.0,479.0,1,192,168,220,16,192,168,100,6
59840.0,80.0,TCP,0.003,5.0,479.0,1,192,168,220,16,192,168,100,6
445.0,58844.0,TCP,0.0,1.0,108.0,0,192,168,100,5,192,168,220,16
51357.0,1047.0,TCP,0.0,1.0,58.0,1,192,168,220,16,192,168,200,8
445.0,46709.0,TCP,0.0,1.0,108.0,0,192,168,100,5,192,168,220,6
60689.0,445.0,TCP,0.005,2.0,174.0,1,192,168,220,13,192,168,100,5
51477.0,25.0,TCP,0.0,1.0,58.0,1,192,168,220,16,192,168,200,3
138.0,138.0,UDP,0.0,1.0,262.0,0,192,168,220,10,192,168,220,255
56185.0,80.0,TCP,0.006,6.0,545.0,1,192,168,220,16,192,168,100,6
59255.0,80.0,TCP,0.005,5.0,479.0,1,192,168,220,16,192,168,100,6
46756.0,1056.0,TCP,0.0,1.0,58.0,1,192,168,220,16,192,168,210,5
35379.0,80.0,TCP,0.003,5.0,479.0,1,192,168,220,16,192,168,100,6
35562.0,80.0,TCP,0.003,6.0,545.0,1,192,168,220,16,192,168,100,6
49094.0,445.0,TCP,0.001,2.0,174.0,0,192,168,220,8,192,168,100,5
445.0,46709.0,TCP,0.0,1.0,108.0,0,192,168,100,5,192,168,220,6
137.0,137.0,UDP,0.0,1.0,92.0,0,192,168,220,14,192,168,220,255
49511.0,445.0,TCP,0.005,2.0,174.0,0,192,168,220,12,192,168,100,5
58299.0,80.0,TCP,0.005,5.0,479.0,1,192,168,220,16,192,168,100,6
59106.0,80.0,TCP,0.004,5.0,479.0,1,192,168,220,16,192,168,100,6
35198.0,80.0,TCP,0.003,5.0,479.0,1,192,168,220,16,192,168,100,6
35296.0,80.0,TCP,0.003,5.0,479.0,1,192,168,220,16,192,168,100,6
56904.0,80.0,TCP,0.0069999999999999,5.0,479.0,1,192,168,220,16,192,168,100,6
49094.0,445.0,TCP,0.003,2.0,174.0,0,192,168,220,8,192,168,100,5
445.0,43145.0,TCP,0.0,1.0,108.0,0,192,168,100,5,192,168,220,4
37191.0,445.0,TCP,0.002,2.0,174.0,0,192,168,220,7,192,168,100,5
445.0,43183.0,TCP,0.0,1.0,108.0,0,192,168,100,5,192,168,200,4
445.0,37884.0,TCP,0.0,1.0,108.0,0,192,168,100,5,192,168,220,9
59982.0,80.0,TCP,0.004,5.0,479.0,1,192,168,220,16,192,168,100,6
37884.0,445.0,TCP,0.004,2.0,174.0,0,192,168,220,9,192,168,100,5
59673.0,80.0,TCP,0.004,5.0,479.0,1,192,168,220,16,192,168,100,6
445.0,34743.0,TCP,0.0,1.0,108.0,0,192,168,100,5,192,168,220,11
445.0,43145.0,TCP,0.0,1.0,108.0,0,192,168,100,5,192,168,220,4
36431.0,80.0,TCP,0.003,5.0,479.0,1,192,168,220,16,192,168,100,6
46755.0,52822.0,TCP,0.0,1.0,58.0,1,192,168,220,16,192,168,210,1
445.0,37191.0,TCP,0.0,1.0,108.0,0,192,168,100,5,192,168,220,7
57843.0,80.0,TCP,0.002,5.0,479.0,1,192,168,220,16,192,168,100,6
43145.0,445.0,TCP,0.0,2.0,174.0,0,192,168,220,4,192,168,100,5
445.0,51146.0,TCP,0.0,1.0,108.0,0,192,168,100,5,192,168,220,5
48888.0,445.0,TCP,0.004,2.0,174.0,0,192,168,220,15,192,168,100,5
445.0,49511.0,TCP,0.0,1.0,70.0,0,192,168,100,5,192,168,220,12
58088.0,80.0,TCP,0.002,5.0,479.0,1,192,168,220,16,192,168,100,6
60028.0,80.0,TCP,0.003,5.0,479.0,1,192,168,220,16,192,168,100,6
51146.0,445.0,TCP,0.002,2.0,174.0,0,192,168,220,5,192,168,100,5
58844.0,445.0,TCP,0.0,1.0,66.0,0,192,168,220,16,192,168,100,5
51357.0,51422.0,TCP,0.0,1.0,58.0,1,192,168,220,16,192,168,200,1
445.0,37884.0,TCP,0.0,1.0,108.0,0,192,168,100,5,192,168,220,9
43183.0,445.0,TCP,0.002,2.0,174.0,0,192,168,200,4,192,168,100,5
57749.0,80.0,TCP,0.004,6.0,545.0,1,192,168,220,16,192,168,100,6
37191.0,445.0,TCP,0.0,1.0,66.0,0,192,168,220,7,192,168,100,5
35271.0,80.0,TCP,0.004,5.0,479.0,1,192,168,220,16,192,168,100,6
58733.0,80.0,TCP,0.004,5.0,479.0,1,192,168,220,16,192,168,100,6
57839.0,80.0,TCP,0.004,5.0,479.0,1,192,168,220,16,192,168,100,6
32867.0,80.0,TCP,0.006,5.0,479.0,1,192,168,220,16,192,168,100,6
445.0,46808.0,TCP,0.0,1.0,108.0,0,192,168,100,5,192,168,200,5
40239.0,445.0,TCP,0.003,2.0,174.0,0,192,168,220,10,192,168,100,5
46709.0,445.0,TCP,0.002,2.0,174.0,0,192,168,220,6,192,168,100,5
37884.0,445.0,TCP,0.0,1.0,66.0,0,192,168,220,9,192,168,100,5
445.0,43145.0,TCP,0.0,1.0,108.0,0,192,168,100,5,192,168,220,4
445.0,37191.0,TCP,0.0,1.0,108.0,0,192,168,100,5,192,168,220,7
137.0,137.0,UDP,0.0,1.0,92.0,0,192,168,220,4,192,168,220,255
58960.0,80.0,TCP,0.006,6.0,545.0,1,192,168,220,16,192,168,100,6
138.0,138.0,UDP,0.0,1.0,262.0,0,192,168,220,9,192,168,220,255
445.0,43183.0,TCP,0.0,1.0,108.0,0,192,168,100,5,192,168,200,4
49094.0,445.0,TCP,0.004,2.0,174.0,0,192,168,220,8,192,168,100,5
445.0,51146.0,TCP,0.0,1.0,108.0,0,192,168,100,5,192,168,220,5
58611.0,80.0,TCP,0.005,5.0,479.0,1,192,168,220,16,192,168,100,6
48888.0,445.0,TCP,0.004,2.0,174.0,0,192,168,220,15,192,168,100,5
59094.0,80.0,TCP,0.004,5.0,479.0,1,192,168,220,16,192,168,100,6
37884.0,445.0,TCP,0.0,1.0,66.0,0,192,168,220,9,192,168,100,5
56850.0,80.0,TCP,0.0069999999999999,5.0,479.0,1,192,168,220,16,192,168,100,6
37884.0,445.0,TCP,0.002,2.0,174.0,0,192,168,220,9,192,168,100,5
35563.0,80.0,TCP,0.002,5.0,479.0,1,192,168,220,16,192,168,100,6
55740.0,80.0,TCP,0.005,6.0,545.0,1,192,168,220,16,192,168,100,6
35184.0,80.0,TCP,0.003,6.0,545.0,1,192,168,220,16,192,168,100,6
58844.0,445.0,TCP,0.003,2.0,174.0,0,192,168,220,16,192,168,100,5
37884.0,445.0,TCP,0.0,1.0,66.0,0,192,168,220,9,192,168,100,5
58808.0,80.0,TCP,0.006,5.0,479.0,1,192,168,220,16,192,168,100,6
57126.0,80.0,TCP,0.005,5.0,479.0,1,192,168,220,16,192,168,100,6
51357.0,631.0,TCP,0.0,1.0,58.0,1,192,168,220,16,192,168,200,1
33425.0,80.0,TCP,0.005,5.0,479.0,1,192,168,220,16,192,168,100,6
56199.0,80.0,TCP,0.005,5.0,479.0,1,192,168,220,16,192,168,100,6
46709.0,445.0,TCP,0.004,2.0,174.0,0,192,168,220,6,192,168,100,5
58844.0,445.0,TCP,0.003,2.0,174.0,0,192,168,220,16,192,168,100,5
59857.0,80.0,TCP,0.003,5.0,479.0,1,192,168,220,16,192,168,100,6
51357.0,5811.0,TCP,0.0,1.0,58.0,1,192,168,220,16,192,168,200,2
52321.0,445.0,TCP,0.004,2.0,174.0,0,192,168,220,14,192,168,100,5
49511.0,445.0,TCP,0.002,2.0,174.0,0,192,168,220,12,192,168,100,5
40239.0,445.0,TCP,0.004,2.0,174.0,0,192,168,220,10,192,168,100,5
445.0,46709.0,TCP,0.0,1.0,70.0,0,192,168,100,5,192,168,220,6
58068.0,80.0,TCP,0.005,5.0,479.0,1,192,168,220,16,192,168,100,6
58844.0,445.0,TCP,0.003,2.0,174.0,0,192,168,220,16,192,168,100,5
36970.0,80.0,TCP,0.004,5.0,479.0,1,192,168,220,16,192,168,100,6
59091.0,80.0,TCP,0.004,5.0,479.0,1,192,168,220,16,192,168,100,6
445.0,43183.0,TCP,0.0,1.0,108.0,0,192,168,100,5,192,168,200,4
58636.0,80.0,TCP,0.004,5.0,479.0,1,192,168,220,16,192,168,100,6
59074.0,80.0,TCP,0.003,5.0,479.0,1,192,168,220,16,192,168,100,6
51329.0,80.0,TCP,0.004,6.0,545.0,1,192,168,220,16,192,168,100,6
445.0,46709.0,TCP,0.0,1.0,108.0,0,192,168,100,5,192,168,220,6
46709.0,445.0,TCP,0.003,2.0,174.0,0,192,168,220,6,192,168,100,5
51471.0,25.0,TCP,0.0,1.0,58.0,1,192,168,220,16,192,168,200,2
137.0,137.0,UDP,0.0,1.0,92.0,0,192,168,220,5,192,168,220,255
46709.0,445.0,TCP,0.003,2.0,174.0,0,192,168,220,6,192,168,100,5
51357.0,2200.0,TCP,0.0,1.0,58.0,1,192,168,220,16,192,168,200,5
445.0,40239.0,TCP,0.0,1.0,108.0,0,192,168,100,5,192,168,220,10
51358.0,10621.0,TCP,0.0,1.0,58.0,1,192,168,220,16,192,168,200,9
37191.0,445.0,TCP,0.004,2.0,174.0,0,192,168,220,7,192,168,100,5
51146.0,445.0,TCP,0.002,2.0,174.0,0,192,168,220,5,192,168,100,5
445.0,49094.0,TCP,0.0,1.0,108.0,0,192,168,100,5,192,168,220,8
445.0,43183.0,TCP,0.0,1.0,108.0,0,192,168,100,5,192,168,200,4
58844.0,445.0,TCP,0.001,2.0,174.0,0,192,168,220,16,192,168,100,5
59013.0,80.0,TCP,0.004,5.0,479.0,1,192,168,220,16,192,168,100,6
445.0,48888.0,TCP,0.0,1.0,108.0,0,192,168,100,5,192,168,220,15
32879.0,80.0,TCP,0.005,5.0,479.0,1,192,168,220,16,192,168,100,6
137.0,137.0,UDP,0.0,1.0,92.0,0,192,168,220,8,192,168,220,255
37884.0,445.0,TCP,0.0,2.0,174.0,0,192,168,220,9,192,168,100,5
445.0,40239.0,TCP,0.0,1.0,108.0,0,192,168,100,5,192,168,220,10
445.0,58844.0,TCP,0.0,1.0,108.0,0,192,168,100,5,192,168,220,16
49511.0,445.0,TCP,0.002,2.0,174.0,0,192,168,220,12,192,168,100,5
51493.0,25.0,TCP,0.0,1.0,58.0,1,192,168,220,16,192,168,200,1
80.0,43771.0,TCP,0.005,17.0,564.0,0,192,168,100,6,192,168,220,6
51357.0,2190.0,TCP,0.0,1.0,58.0,1,192,168,220,16,192,168,200,3
34991.0,80.0,TCP,0.005,5.0,479.0,1,192,168,220,16,192,168,100,6
35182.0,80.0,TCP,0.006,5.0,479.0,1,192,168,220,16,192,168,100,6
51357.0,1027.0,TCP,0.0,1.0,58.0,1,192,168,220,16,192,168,200,9
33285.0,80.0,TCP,0.004,5.0,479.0,1,192,168,220,16,192,168,100,6
59689.0,80.0,TCP,0.0069999999999999,6.0,545.0,1,192,168,220,16,192,168,100,6
445.0,51146.0,TCP,0.0,1.0,108.0,0,192,168,100,5,192,168,220,5
137.0,137.0,UDP,0.0,1.0,92.0,0,192,168,220,4,192,168,220,255
55931.0,80.0,TCP,0.004,5.0,479.0,1,192,168,220,16,192,168,100,6
33199.0,80.0,TCP,0.003,5.0,479.0,1,192,168,220,16,192,168,100,6
445.0,48888.0,TCP,0.0,1.0,70.0,0,192,168,100,5,192,168,220,15
43145.0,445.0,TCP,0.005,2.0,174.0,0,192,168,220,4,192,168,100,5
34415.0,80.0,TCP,0.005,6.0,545.0,1,192,168,220,16,192,168,100,6
46709.0,445.0,TCP,0.002,2.0,174.0,0,192,168,220,6,192,168,100,5
445.0,46808.0,TCP,0.0,1.0,108.0,0,192,168,100,5,192,168,200,5
445.0,37884.0,TCP,0.0,1.0,108.0,0,192,168,100,5,192,168,220,9
445.0,43183.0,TCP,0.0,1.0,108.0,0,192,168,100,5,192,168,200,4
37884.0,445.0,TCP,0.0,1.0,66.0,0,192,168,220,9,192,168,100,5
445.0,37884.0,TCP,0.0,1.0,108.0,0,192,168,100,5,192,168,220,9
60446.0,80.0,TCP,0.0069999999999999,6.0,545.0,1,192,168,220,16,192,168,100,6
57777.0,80.0,TCP,0.003,6.0,545.0,1,192,168,220,16,192,168,100,6
53829.0,587.0,TCP,0.061,5.0,612.0,0,192,168,210,5,192,168,100,4
137.0,137.0,UDP,0.0,1.0,92.0,0,192,168,220,14,192,168,220,255
32949.0,80.0,TCP,0.005,6.0,545.0,1,192,168,220,16,192,168,100,6
57647.0,80.0,TCP,0.003,5.0,479.0,1,192,168,220,16,192,168,100,6
445.0,48888.0,TCP,0.0,1.0,108.0,0,192,168,100,5,192,168,220,15
137.0,137.0,UDP,0.0,1.0,92.0,0,192,168,220,3,192,168,220,255
58865.0,80.0,TCP,0.005,5.0,479.0,1,192,168,220,16,192,168,100,6
34743.0,445.0,TCP,0.0,1.0,66.0,0,192,168,220,11,192,168,100,5
445.0,34743.0,TCP,0.0,1.0,108.0,0,192,168,100,5,192,168,220,11
137.0,137.0,UDP,0.0,1.0,92.0,0,192,168,220,12,192,168,220,255
60430.0,80.0,TCP,0.003,5.0,479.0,1,192,168,220,16,192,168,100,6
51357.0,1137.0,TCP,0.0,1.0,58.0,1,192,168,220,16,192,168,200,2
36221.0,80.0,TCP,0.004,5.0,479.0,1,192,168,220,16,192,168,100,6
59724.0,80.0,TCP,0.004,5.0,479.0,1,192,168,220,16,192,168,100,6
57741.0,80.0,TCP,0.003,5.0,479.0,1,192,168,220,16,192,168,100,6
34743.0,445.0,TCP,0.004,2.0,174.0,0,192,168,220,11,192,168,100,5
58242.0,80.0,TCP,0.004,5.0,479.0,1,192,168,220,16,192,168,100,6
34450.0,80.0,TCP,0.003,6.0,545.0,1,192,168,220,16,192,168,100,6
58455.0,80.0,TCP,0.006,5.0,479.0,1,192,168,220,16,192,168,100,6
59099.0,80.0,TCP,0.005,5.0,479.0,1,192,168,220,16,192,168,100,6
137.0,137.0,UDP,0.0,1.0,92.0,0,192,168,220,15,192,168,220,255
59465.0,80.0,TCP,0.004,6.0,545.0,1,192,168,220,16,192,168,100,6
51401.0,25.0,TCP,0.0,1.0,58.0,1,192,168,220,16,192,168,200,8
445.0,49094.0,TCP,0.0,1.0,108.0,0,192,168,100,5,192,168,220,8
445.0,37191.0,TCP,0.0,1.0,108.0,0,192,168,100,5,192,168,220,7
60812.0,80.0,TCP,0.005,5.0,479.0,1,192,168,220,16,192,168,100,6
137.0,137.0,UDP,0.0,1.0,92.0,0,192,168,220,9,192,168,220,255
445.0,49094.0,TCP,0.0,1.0,108.0,0,192,168,100,5,192,168,220,8
51146.0,445.0,TCP,0.002,2.0,174.0,0,192,168,220,5,192,168,100,5
46709.0,445.0,TCP,0.005,2.0,174.0,0,192,168,220,6,192,168,100,5
33151.0,80.0,TCP,0.004,6.0,545.0,1,192,168,220,16,192,168,100,6
57643.0,80.0,TCP,0.005,5.0,479.0,1,192,168,220,16,192,168,100,6
445.0,49511.0,TCP,0.0,1.0,108.0,0,192,168,100,5,192,168,220,12
59469.0,80.0,TCP,0.003,6.0,545.0,1,192,168,220,16,192,168,100,6
51357.0,1082.0,TCP,0.0,1.0,58.0,1,192,168,220,16,192,168,200,8
445.0,34743.0,TCP,0.0,1.0,108.0,0,192,168,100,5,192,168,220,11
59076.0,80.0,TCP,0.005,5.0,479.0,1,192,168,220,16,192,168,100,6
445.0,60689.0,TCP,0.0,1.0,108.0,0,192,168,100,5,192,168,220,13
445.0,46808.0,TCP,0.0,1.0,108.0,0,192,168,100,5,192,168,200,5
51357.0,48.0,TCP,0.0,1.0,58.0,1,192,168,220,16,192,168,200,8
445.0,37191.0,TCP,0.0,1.0,108.0,0,192,168,100,5,192,168,220,7
445.0,37884.0,TCP,0.0,1.0,108.0,0,192,168,100,5,192,168,220,9
43145.0,445.0,TCP,0.003,2.0,174.0,0,192,168,220,4,192,168,100,5
59417.0,80.0,TCP,0.004,5.0,479.0,1,192,168,220,16,192,168,100,6
57399.0,80.0,TCP,0.005,5.0,479.0,1,192,168,220,16,192,168,100,6
59924.0,80.0,TCP,0.005,5.0,479.0,1,192,168,220,16,192,168,100,6
58844.0,445.0,TCP,0.002,2.0,174.0,0,192,168,220,16,192,168,100,5
60740.0,80.0,TCP,0.005,5.0,479.0,1,192,168,220,16,192,168,100,6
46808.0,445.0,TCP,0.002,2.0,174.0,0,192,168,200,5,192,168,100,5
57376.0,80.0,TCP,0.004,5.0,479.0,1,192,168,220,16,192,168,100,6
40239.0,445.0,TCP,0.005,2.0,174.0,0,192,168,220,10,192,168,100,5
36618.0,80.0,TCP,0.004,5.0,479.0,1,192,168,220,16,192,168,100,6
51357.0,743.0,TCP,0.0,1.0,58.0,1,192,168,220,16,192,168,200,8
57405.0,80.0,TCP,0.003,5.0,479.0,1,192,168,220,16,192,168,100,6
138.0,138.0,UDP,0.0,1.0,262.0,0,192,168,200,4,192,168,200,255
59078.0,80.0,TCP,0.006,5.0,479.0,1,192,168,220,16,192,168,100,6
58699.0,80.0,TCP,0.006,5.0,479.0,1,192,168,220,16,192,168,100,6
35346.0,80.0,TCP,0.006,6.0,545.0,1,192,168,220,16,192,168,100,6
49511.0,445.0,TCP,0.004,2.0,174.0,0,192,168,220,12,192,168,100,5
59100.0,80.0,TCP,0.006,6.0,545.0,1,192,168,220,16,192,168,100,6
445.0,46808.0,TCP,0.0,1.0,108.0,0,192,168,100,5,192,168,200,5
48888.0,445.0,TCP,0.004,2.0,174.0,0,192,168,220,15,192,168,100,5
137.0,137.0,UDP,0.0,1.0,92.0,0,192,168,220,4,192,168,220,255
445.0,37884.0,TCP,0.0,1.0,108.0,0,192,168,100,5,192,168,220,9
58640.0,80.0,TCP,0.003,5.0,479.0,1,192,168,220,16,192,168,100,6
445.0,48888.0,TCP,0.0,1.0,108.0,0,192,168,100,5,192,168,220,15
445.0,58844.0,TCP,0.0,1.0,108.0,0,192,168,100,5,192,168,220,16
58614.0,80.0,TCP,0.005,5.0,479.0,1,192,168,220,16,192,168,100,6
445.0,46808.0,TCP,0.0,1.0,108.0,0,192,168,100,5,192,168,200,5
59307.0,80.0,TCP,0.004,6.0,545.0,1,192,168,220,16,192,168,100,6
55772.0,80.0,TCP,0.003,6.0,545.0,1,192,168,220,16,192,168,100,6
445.0,49511.0,TCP,0.0,1.0,108.0,0,192,168,100,5,192,168,220,12
51146.0,445.0,TCP,0.004,4.0,511.0,0,192,168,220,5,192,168,100,5
445.0,34743.0,TCP,0.0,1.0,108.0,0,192,168,100,5,192,168,220,11
58003.0,80.0,TCP,0.003,5.0,479.0,1,192,168,220,16,192,168,100,6
58730.0,80.0,TCP,0.004,5.0,479.0,1,192,168,220,16,192,168,100,6
57762.0,80.0,TCP,0.004,5.0,479.0,1,192,168,220,16,192,168,100,6
445.0,51146.0,TCP,0.0,1.0,108.0,0,192,168,100,5,192,168,220,5
445.0,52321.0,TCP,0.0,1.0,108.0,0,192,168,100,5,192,168,220,14
445.0,37191.0,TCP,0.0,1.0,108.0,0,192,168,100,5,192,168,220,7
445.0,52321.0,TCP,0.0,1.0,108.0,0,192,168,100,5,192,168,220,14
445.0,37191.0,TCP,0.0,1.0,108.0,0,192,168,100,5,192,168,220,7
52321.0,445.0,TCP,0.002,2.0,174.0,0,192,168,220,14,192,168,100,5
32864.0,80.0,TCP,0.004,5.0,479.0,1,192,168,220,16,192,168,100,6
56465.0,80.0,TCP,0.006,5.0,479.0,1,192,168,220,16,192,168,100,6
57946.0,80.0,TCP,0.005,5.0,479.0,1,192,168,220,16,192,168,100,6
35206.0,80.0,TCP,0.001,6.0,545.0,1,192,168,220,16,192,168,100,6
57233.0,80.0,TCP,0.004,5.0,479.0,1,192,168,220,16,192,168,100,6
51357.0,5222.0,TCP,0.0,1.0,58.0,1,192,168,220,16,192,168,200,3
34743.0,445.0,TCP,0.003,2.0,174.0,0,192,168,220,11,192,168,100,5
46808.0,445.0,TCP,0.005,2.0,174.0,0,192,168,200,5,192,168,100,5
60240.0,80.0,TCP,0.004,6.0,545.0,1,192,168,220,16,192,168,100,6
56441.0,80.0,TCP,0.004,5.0,479.0,1,192,168,220,16,192,168,100,6
59142.0,80.0,TCP,0.005,5.0,479.0,1,192,168,220,16,192,168,100,6
445.0,37884.0,TCP,0.0,1.0,108.0,0,192,168,100,5,192,168,220,9
35335.0,80.0,TCP,0.003,6.0,545.0,1,192,168,220,16,192,168,100,6
36018.0,80.0,TCP,0.005,5.0,479.0,1,192,168,220,16,192,168,100,6
51357.0,8085.0,TCP,0.0,1.0,58.0,1,192,168,220,16,192,168,200,2
55620.0,80.0,TCP,0.004,5.0,479.0,1,192,168,220,16,192,168,100,6
51357.0,467.0,TCP,0.0,1.0,58.0,1,192,168,220,16,192,168,200,8
58545.0,80.0,TCP,0.006,6.0,545.0,1,192,168,220,16,192,168,100,6
36000.0,80.0,TCP,0.003,5.0,479.0,1,192,168,220,16,192,168,100,6
33185.0,80.0,TCP,0.0069999999999999,5.0,479.0,1,192,168,220,16,192,168,100,6
37191.0,445.0,TCP,0.003,2.0,174.0,0,192,168,220,7,192,168,100,5
35245.0,80.0,TCP,0.004,5.0,479.0,1,192,168,220,16,192,168,100,6
59301.0,80.0,TCP,0.006,5.0,479.0,1,192,168,220,16,192,168,100,6
58349.0,80.0,TCP,0.005,5.0,479.0,1,192,168,220,16,192,168,100,6
60597.0,80.0,TCP,0.005,6.0,545.0,1,192,168,220,16,192,168,100,6
445.0,43145.0,TCP,0.0,1.0,108.0,0,192,168,100,5,192,168,220,4
46808.0,445.0,TCP,0.004,2.0,174.0,0,192,168,200,5,192,168,100,5
58643.0,80.0,TCP,0.004,5.0,479.0,1,192,168,220,16,192,168,100,6
49094.0,445.0,TCP,0.004,2.0,174.0,0,192,168,220,8,192,168,100,5
35049.0,80.0,TCP,0.002,6.0,545.0,1,192,168,220,16,192,168,100,6
59078.0,80.0,TCP,0.003,6.0,545.0,1,192,168,220,16,192,168,100,6
40239.0,445.0,TCP,0.0,1.0,66.0,0,192,168,220,10,192,168,100,5
49511.0,445.0,TCP,0.003,2.0,174.0,0,192,168,220,12,192,168,100,5
445.0,46709.0,TCP,0.0,1.0,108.0,0,192,168,100,5,192,168,220,6
56420.0,80.0,TCP,0.004,5.0,479.0,1,192,168,220,16,192,168,100,6
445.0,58844.0,TCP,0.0,1.0,108.0,0,192,168,100,5,192,168,220,16
34743.0,445.0,TCP,0.005,2.0,174.0,0,192,168,220,11,192,168,100,5
46755.0,4862.0,TCP,0.0,1.0,58.0,1,192,168,220,16,192,168,210,4
58222.0,80.0,TCP,0.004,5.0,479.0,1,192,168,220,16,192,168,100,6
445.0,46808.0,TCP,0.0,1.0,108.0,0,192,168,100,5,192,168,200,5
37191.0,445.0,TCP,0.004,2.0,174.0,0,192,168,220,7,192,168,100,5
51357.0,8011.0,TCP,0.0,1.0,58.0,1,192,168,220,16,192,168,200,2
445.0,51146.0,TCP,0.0,1.0,70.0,0,192,168,100,5,192,168,220,5
445.0,43145.0,TCP,0.0,1.0,108.0,0,192,168,100,5,192,168,220,4
58744.0,80.0,TCP,0.003,5.0,479.0,1,192,168,220,16,192,168,100,6
48888.0,445.0,TCP,0.001,2.0,174.0,0,192,168,220,15,192,168,100,5
43183.0,445.0,TCP,0.003,2.0,174.0,0,192,168,200,4,192,168,100,5
33425.0,80.0,TCP,0.004,5.0,479.0,1,192,168,220,16,192,168,100,6
445.0,40239.0,TCP,0.0,1.0,108.0,0,192,168,100,5,192,168,220,10
33808.0,80.0,TCP,0.004,5.0,479.0,1,192,168,220,16,192,168,100,6
60689.0,445.0,TCP,0.003,2.0,174.0,0,192,168,220,13,192,168,100,5
35148.0,80.0,TCP,0.004,5.0,479.0,1,192,168,220,16,192,168,100,6
43183.0,445.0,TCP,0.0,1.0,66.0,0,192,168,200,4,192,168,100,5
445.0,48888.0,TCP,0.0,1.0,108.0,0,192,168,100,5,192,168,220,15
445.0,34743.0,TCP,0.0,1.0,108.0,0,192,168,100,5,192,168,220,11
59307.0,80.0,TCP,0.006,6.0,545.0,1,192,168,220,16,192,168,100,6
37884.0,445.0,TCP,0.003,2.0,174.0,0,192,168,220,9,192,168,100,5
137.0,137.0,UDP,0.0,1.0,92.0,0,192,168,220,14,192,168,220,255
58648.0,80.0,TCP,0.005,5.0,479.0,1,192,168,220,16,192,168,100,6
445.0,37191.0,TCP,0.0,1.0,108.0,0,192,168,100,5,192,168,220,7
59824.0,80.0,TCP,0.006,6.0,545.0,1,192,168,220,16,192,168,100,6
49094.0,445.0,TCP,0.002,2.0,174.0,0,192,168,220,8,192,168,100,5
59095.0,80.0,TCP,0.003,5.0,479.0,1,192,168,220,16,192,168,100,6
60421.0,80.0,TCP,0.005,5.0,479.0,1,192,168,220,16,192,168,100,6
51357.0,671.0,TCP,0.0,1.0,58.0,1,192,168,220,16,192,168,200,3
445.0,34743.0,TCP,0.0,1.0,70.0,0,192,168,100,5,192,168,220,11
56317.0,80.0,TCP,0.006,5.0,479.0,1,192,168,220,16,192,168,100,6
59910.0,80.0,TCP,0.005,6.0,545.0,1,192,168,220,16,192,168,100,6
46709.0,445.0,TCP,0.004,2.0,174.0,0,192,168,220,6,192,168,100,5
445.0,46709.0,TCP,0.0,1.0,108.0,0,192,168,100,5,192,168,220,6
43183.0,445.0,TCP,0.0,1.0,66.0,0,192,168,200,4,192,168,100,5
36740.0,80.0,TCP,0.003,6.0,545.0,1,192,168,220,16,192,168,100,6
57754.0,80.0,TCP,0.005,5.0,479.0,1,192,168,220,16,192,168,100,6
445.0,37191.0,TCP,0.0,1.0,108.0,0,192,168,100,5,192,168,220,7
43183.0,445.0,TCP,0.003,2.0,174.0,0,192,168,200,4,192,168,100,5
137.0,137.0,UDP,0.0,1.0,92.0,0,192,168,220,14,192,168,220,255
137.0,137.0,UDP,0.0,1.0,92.0,0,192,168,220,8,192,168,220,255
49511.0,445.0,TCP,0.0,1.0,66.0,0,192,168,220,12,192,168,100,5
58927.0,80.0,TCP,0.0069999999999999,6.0,545.0,1,192,168,220,16,192,168,100,6
43145.0,445.0,TCP,0.002,2.0,174.0,0,192,168,220,4,192,168,100,5
445.0,37884.0,TCP,0.0,1.0,108.0,0,192,168,100,5,192,168,220,9
445.0,52321.0,TCP,0.0,1.0,108.0,0,192,168,100,5,192,168,220,14
445.0,37191.0,TCP,0.0,1.0,108.0,0,192,168,100,5,192,168,220,7
51357.0,5961.0,TCP,0.0,1.0,58.0,1,192,168,220,16,192,168,200,8
56946.0,80.0,TCP,0.003,5.0,479.0,1,192,168,220,16,192,168,100,6
60773.0,80.0,TCP,0.006,5.0,479.0,1,192,168,220,16,192,168,100,6
57590.0,80.0,TCP,0.004,5.0,479.0,1,192,168,220,16,192,168,100,6
445.0,43183.0,TCP,0.0,1.0,108.0,0,192,168,100,5,192,168,200,4
60725.0,80.0,TCP,0.002,6.0,545.0,1,192,168,220,16,192,168,100,6
57713.0,80.0,TCP,0.004,5.0,479.0,1,192,168,220,16,192,168,100,6
58844.0,445.0,TCP,0.005,2.0,174.0,0,192,168,220,16,192,168,100,5
34743.0,445.0,TCP,0.002,2.0,174.0,0,192,168,220,11,192,168,100,5
58844.0,445.0,TCP,0.002,2.0,174.0,0,192,168,220,16,192,168,100,5
445.0,49511.0,TCP,0.0,1.0,108.0,0,192,168,100,5,192,168,220,12
57780.0,80.0,TCP,0.005,5.0,479.0,1,192,168,220,16,192,168,100,6
59160.0,80.0,TCP,0.005,5.0,479.0,1,192,168,220,16,192,168,100,6
37244.0,80.0,TCP,0.003,5.0,479.0,1,192,168,220,16,192,168,100,6
35577.0,80.0,TCP,0.006,6.0,545.0,1,192,168,220,16,192,168,100,6
51357.0,1833.0,TCP,0.0,1.0,58.0,1,192,168,220,16,192,168,200,4
46709.0,445.0,TCP,0.0,1.0,66.0,0,192,168,220,6,192,168,100,5
60881.0,80.0,TCP,0.005,5.0,479.0,1,192,168,220,16,192,168,100,6
445.0,43183.0,TCP,0.0,1.0,108.0,0,192,168,100,5,192,168,200,4
445.0,43183.0,TCP,0.0,1.0,108.0,0,192,168,100,5,192,168,200,4
43183.0,445.0,TCP,0.003,2.0,174.0,0,192,168,200,4,192,168,100,5
137.0,137.0,UDP,0.0,1.0,92.0,0,192,168,220,14,192,168,220,255
60521.0,80.0,TCP,0.006,5.0,479.0,1,192,168,220,16,192,168,100,6
46756.0,1061.0,TCP,0.0,1.0,58.0,1,192,168,220,16,192,168,210,1
56734.0,80.0,TCP,0.003,5.0,479.0,1,192,168,220,16,192,168,100,6
51358.0,1720.0,TCP,0.0,1.0,58.0,1,192,168,220,16,192,168,200,9
445.0,43145.0,TCP,0.0,1.0,70.0,0,192,168,100,5,192,168,220,4
58844.0,445.0,TCP,0.004,2.0,174.0,0,192,168,220,16,192,168,100,5
58564.0,80.0,TCP,0.005,6.0,545.0,1,192,168,220,16,192,168,100,6
59091.0,80.0,TCP,0.006,6.0,545.0,1,192,168,220,16,192,168,100,6
445.0,49094.0,TCP,0.0,1.0,108.0,0,192,168,100,5,192,168,220,8
34805.0,80.0,TCP,0.001,5.0,479.0,1,192,168,220,16,192,168,100,6
445.0,43183.0,TCP,0.0,1.0,108.0,0,192,168,100,5,192,168,200,4
445.0,51146.0,TCP,0.0,1.0,108.0,0,192,168,100,5,192,168,220,5
445.0,34743.0,TCP,0.0,1.0,108.0,0,192,168,100,5,192,168,220,11
59822.0,80.0,TCP,0.003,5.0,479.0,1,192,168,220,16,192,168,100,6
34350.0,80.0,TCP,0.002,5.0,479.0,1,192,168,220,16,192,168,100,6
445.0,46709.0,TCP,0.0,1.0,108.0,0,192,168,100,5,192,168,220,6
34743.0,445.0,TCP,0.003,2.0,174.0,0,192,168,220,11,192,168,100,5
51146.0,445.0,TCP,0.002,2.0,174.0,0,192,168,220,5,192,168,100,5
52321.0,445.0,TCP,0.006,2.0,174.0,0,192,168,220,14,192,168,100,5
445.0,60689.0,TCP,0.0,1.0,108.0,0,192,168,100,5,192,168,220,13
35198.0,80.0,TCP,0.005,6.0,545.0,1,192,168,220,16,192,168,100,6
55561.0,80.0,TCP,0.003,5.0,479.0,1,192,168,220,16,192,168,100,6
58844.0,445.0,TCP,0.001,2.0,174.0,0,192,168,220,16,192,168,100,5
33025.0,80.0,TCP,0.004,5.0,479.0,1,192,168,220,16,192,168,100,6
59383.0,80.0,TCP,0.004,6.0,545.0,1,192,168,220,16,192,168,100,6
51430.0,25.0,TCP,0.0,1.0,58.0,1,192,168,220,16,192,168,200,5
48888.0,445.0,TCP,0.003,2.0,174.0,0,192,168,220,15,192,168,100,5
445.0,37191.0,TCP,0.0,1.0,108.0,0,192,168,100,5,192,168,220,7
58490.0,80.0,TCP,0.005,5.0,479.0,1,192,168,220,16,192,168,100,6
46808.0,445.0,TCP,0.004,2.0,174.0,0,192,168,200,5,192,168,100,5
58844.0,445.0,TCP,0.003,2.0,174.0,0,192,168,220,16,192,168,100,5
60665.0,80.0,TCP,0.002,6.0,545.0,1,192,168,220,16,192,168,100,6
60303.0,80.0,TCP,0.006,5.0,479.0,1,192,168,220,16,192,168,100,6
445.0,48888.0,TCP,0.0,1.0,108.0,0,192,168,100,5,192,168,220,15
32827.0,80.0,TCP,0.003,5.0,479.0,1,192,168,220,16,192,168,100,6
445.0,60689.0,TCP,0.0,1.0,108.0,0,192,168,100,5,192,168,220,13
445.0,37191.0,TCP,0.0,1.0,108.0,0,192,168,100,5,192,168,220,7
37191.0,445.0,TCP,0.005,2.0,174.0,0,192,168,220,7,192,168,100,5
445.0,48888.0,TCP,0.0,1.0,108.0,0,192,168,100,5,192,168,220,15
445.0,52321.0,TCP,0.0,1.0,108.0,0,192,168,100,5,192,168,220,14
445.0,43183.0,TCP,0.0,1.0,108.0,0,192,168,100,5,192,168,200,4
60680.0,80.0,TCP,0.006,5.0,479.0,1,192,168,220,16,192,168,100,6
445.0,37191.0,TCP,0.0,1.0,108.0,0,192,168,100,5,192,168,220,7
51455.0,25.0,TCP,0.005,2.0,112.0,1,192,168,220,16,192,168,200,5
445.0,52321.0,TCP,0.0,1.0,108.0,0,192,168,100,5,192,168,220,14
58419.0,80.0,TCP,0.004,6.0,545.0,1,192,168,220,16,192,168,100,6
445.0,43145.0,TCP,0.0,1.0,108.0,0,192,168,100,5,192,168,220,4
445.0,49511.0,TCP,0.0,1.0,108.0,0,192,168,100,5,192,168,220,12
58844.0,445.0,TCP,0.004,2.0,174.0,0,192,168,220,16,192,168,100,5
445.0,37191.0,TCP,0.0,1.0,108.0,0,192,168,100,5,192,168,220,7
35947.0,80.0,TCP,0.004,6.0,545.0,1,192,168,220,16,192,168,100,6
59092.0,80.0,TCP,0.003,6.0,545.0,1,192,168,220,16,192,168,100,6
43183.0,445.0,TCP,0.003,2.0,174.0,0,192,168,200,4,192,168,100,5
445.0,46808.0,TCP,0.0,1.0,108.0,0,192,168,100,5,192,168,200,5
445.0,43145.0,TCP,0.0,1.0,108.0,0,192,168,100,5,192,168,220,4
59315.0,80.0,TCP,0.004,5.0,479.0,1,192,168,220,16,192,168,100,6
37191.0,445.0,TCP,0.003,2.0,174.0,0,192,168,220,7,192,168,100,5
59056.0,80.0,TCP,0.006,5.0,479.0,1,192,168,220,16,192,168,100,6
37191.0,445.0,TCP,0.0,1.0,66.0,0,192,168,220,7,192,168,100,5
445.0,60689.0,TCP,0.0,1.0,108.0,0,192,168,100,5,192,168,220,13
37884.0,445.0,TCP,0.004,2.0,174.0,0,192,168,220,9,192,168,100,5
60784.0,80.0,TCP,0.004,5.0,479.0,1,192,168,220,16,192,168,100,6
57942.0,80.0,TCP,0.005,5.0,479.0,1,192,168,220,16,192,168,100,6
59058.0,80.0,TCP,0.004,5.0,479.0,1,192,168,220,16,192,168,100,6
58844.0,445.0,TCP,0.002,2.0,174.0,0,192,168,220,16,192,168,100,5
445.0,46709.0,TCP,0.0,1.0,108.0,0,192,168,100,5,192,168,220,6
33660.0,80.0,TCP,0.006,5.0,479.0,1,192,168,220,16,192,168,100,6
445.0,48888.0,TCP,0.0,1.0,108.0,0,192,168,100,5,192,168,220,15
56662.0,80.0,TCP,0.005,6.0,545.0,1,192,168,220,16,192,168,100,6
46756.0,3389.0,TCP,0.0,1.0,58.0,1,192,168,220,16,192,168,210,4
445.0,43183.0,TCP,0.0,1.0,108.0,0,192,168,100,5,192,168,200,4
49511.0,445.0,TCP,0.004,2.0,174.0,0,192,168,220,12,192,168,100,5
49094.0,445.0,TCP,0.0,1.0,66.0,0,192,168,220,8,192,168,100,5
35309.0,80.0,TCP,0.004,5.0,479.0,1,192,168,220,16,192,168,100,6
57731.0,80.0,TCP,0.005,5.0,479.0,1,192,168,220,16,192,168,100,6
58329.0,80.0,TCP,0.004,6.0,545.0,1,192,168,220,16,192,168,100,6
59713.0,80.0,TCP,0.004,5.0,479.0,1,192,168,220,16,192,168,100,6
51357.0,5666.0,TCP,0.0,1.0,58.0,1,192,168,220,16,192,168,200,2
60746.0,80.0,TCP,0.005,5.0,479.0,1,192,168,220,16,192,168,100,6
58208.0,80.0,TCP,0.005,5.0,479.0,1,192,168,220,16,192,168,100,6
58150.0,80.0,TCP,0.004,5.0,479.0,1,192,168,220,16,192,168,100,6
137.0,137.0,UDP,0.0,1.0,92.0,0,192,168,220,8,192,168,220,255
60689.0,445.0,TCP,0.0,1.0,66.0,0,192,168,220,13,192,168,100,5
34607.0,80.0,TCP,0.005,5.0,479.0,1,192,168,220,16,192,168,100,6
58844.0,80.0,TCP,0.0,1.0,66.0,1,192,168,220,16,192,168,100,6
57945.0,80.0,TCP,0.004,5.0,479.0,1,192,168,220,16,192,168,100,6
60878.0,80.0,TCP,0.002,5.0,479.0,1,192,168,220,16,192,168,100,6
59360.0,80.0,TCP,0.005,5.0,479.0,1,192,168,220,16,192,168,100,6
58422.0,80.0,TCP,0.005,5.0,479.0,1,192,168,220,16,192,168,100,6
59092.0,80.0,TCP,0.006,6.0,545.0,1,192,168,220,16,192,168,100,6
445.0,46808.0,TCP,0.0,1.0,108.0,0,192,168,100,5,192,168,200,1
445.0,58844.0,TCP,0.0,1.0,108.0,0,192,168,100,5,192,168,220,16
445.0,37884.0,TCP,0.0,1.0,108.0,0,192,168,100,5,192,168,220,9
52321.0,445.0,TCP,0.004,2.0,174.0,0,192,168,220,14,192,168,100,5
59210.0,80.0,TCP,0.003,5.0,479.0,1,192,168,220,16,192,168,100,6
58446.0,80.0,TCP,0.005,5.0,479.0,1,192,168,220,16,192,168,100,6
59071.0,80.0,TCP,0.004,5.0,479.0,1,192,168,220,16,192,168,100,6
445.0,46808.0,TCP,0.0,1.0,108.0,0,192,168,100,5,192,168,200,5
60689.0,445.0,TCP,0.002,2.0,174.0,0,192,168,220,13,192,168,100,5
51146.0,445.0,TCP,0.004,2.0,174.0,0,192,168,220,5,192,168,100,5
60680.0,80.0,TCP,0.006,5.0,479.0,1,192,168,220,16,192,168,100,6
445.0,48888.0,TCP,0.0,1.0,108.0,0,192,168,100,5,192,168,220,15
58844.0,445.0,TCP,0.004,2.0,174.0,0,192,168,220,16,192,168,100,5
445.0,40239.0,TCP,0.0,1.0,108.0,0,192,168,100,5,192,168,220,10
445.0,51146.0,TCP,0.0,1.0,108.0,0,192,168,100,5,192,168,220,5
445.0,37884.0,TCP,0.0,1.0,108.0,0,192,168,100,5,192,168,220,9
46709.0,445.0,TCP,0.006,2.0,174.0,0,192,168,220,6,192,168,100,5
445.0,34743.0,TCP,0.0,1.0,108.0,0,192,168,100,5,192,168,220,11
34743.0,445.0,TCP,0.003,2.0,174.0,0,192,168,220,11,192,168,100,5
37191.0,445.0,TCP,0.003,2.0,174.0,0,192,168,220,7,192,168,100,5
59910.0,80.0,TCP,0.003,5.0,479.0,1,192,168,220,16,192,168,100,6
59092.0,80.0,TCP,0.003,6.0,545.0,1,192,168,220,16,192,168,100,6
59071.0,80.0,TCP,0.003,6.0,545.0,1,192,168,220,16,192,168,100,6
55284.0,80.0,TCP,0.002,5.0,479.0,1,192,168,220,16,192,168,100,6
51357.0,1177.0,TCP,0.0,1.0,58.0,1,192,168,220,16,192,168,200,1
58844.0,445.0,TCP,0.004,2.0,174.0,0,192,168,220,16,192,168,100,5
37191.0,445.0,TCP,0.0,1.0,66.0,0,192,168,220,7,192,168,100,5
37191.0,445.0,TCP,0.002,2.0,174.0,0,192,168,220,7,192,168,100,5
48888.0,445.0,TCP,0.003,2.0,174.0,0,192,168,220,15,192,168,100,5
58844.0,445.0,TCP,0.004,2.0,174.0,0,192,168,220,16,192,168,100,5
37884.0,445.0,TCP,0.002,2.0,174.0,0,192,168,220,9,192,168,100,5
37191.0,445.0,TCP,0.002,2.0,174.0,0,192,168,220,7,192,168,100,5
59141.0,80.0,TCP,0.004,5.0,479.0,1,192,168,220,16,192,168,100,6
48888.0,445.0,TCP,0.005,2.0,174.0,0,192,168,220,15,192,168,100,5
59044.0,80.0,TCP,0.004,6.0,545.0,1,192,168,220,16,192,168,100,6
52321.0,445.0,TCP,0.004,2.0,174.0,0,192,168,220,14,192,168,100,5
56756.0,80.0,TCP,0.003,5.0,479.0,1,192,168,220,16,192,168,100,6
137.0,137.0,UDP,0.0,1.0,92.0,0,192,168,220,9,192,168,220,255
58833.0,80.0,TCP,0.004,6.0,545.0,1,192,168,220,16,192,168,100,6
59015.0,80.0,TCP,0.005,5.0,479.0,1,192,168,220,16,192,168,100,6
52321.0,445.0,TCP,0.0,1.0,66.0,0,192,168,220,14,192,168,100,5
59012.0,80.0,TCP,0.005,5.0,479.0,1,192,168,220,16,192,168,100,6
138.0,138.0,UDP,0.0,1.0,243.0,0,192,168,200,8,192,168,200,255
34716.0,80.0,TCP,0.004,5.0,479.0,1,192,168,220,16,192,168,100,6
445.0,43183.0,TCP,0.0,1.0,108.0,0,192,168,100,5,192,168,200,4
51357.0,5.0,TCP,0.0,1.0,58.0,1,192,168,220,16,192,168,200,1
51493.0,25.0,TCP,0.0,1.0,58.0,1,192,168,220,16,192,168,200,2
51357.0,50000.0,TCP,0.0,1.0,58.0,1,192,168,220,16,192,168,200,9
445.0,43183.0,TCP,0.0,1.0,108.0,0,192,168,100,5,192,168,200,4
60689.0,445.0,TCP,0.003,2.0,174.0,0,192,168,220,13,192,168,100,5
137.0,137.0,UDP,0.0,1.0,92.0,0,192,168,220,4,192,168,220,255
445.0,58844.0,TCP,0.0,1.0,70.0,0,192,168,100,5,192,168,220,16
37884.0,445.0,TCP,0.004,2.0,174.0,0,192,168,220,9,192,168,100,5
57625.0,80.0,TCP,0.005,6.0,545.0,1,192,168,220,16,192,168,100,6
35502.0,80.0,TCP,0.005,5.0,479.0,1,192,168,220,16,192,168,100,6
51357.0,16000.0,TCP,0.0,1.0,58.0,1,192,168,220,16,192,168,200,8
445.0,60689.0,TCP,0.0,1.0,108.0,0,192,168,100,5,192,168,220,13
137.0,137.0,UDP,0.0,1.0,92.0,0,192,168,220,6,192,168,220,255
60684.0,80.0,TCP,0.002,5.0,479.0,1,192,168,220,16,192,168,100,6
58844.0,445.0,TCP,0.0,2.0,174.0,0,192,168,220,16,192,168,100,5
445.0,58844.0,TCP,0.0,1.0,108.0,0,192,168,100,5,192,168,220,16
34470.0,80.0,TCP,0.005,5.0,479.0,1,192,168,220,16,192,168,100,6
33533.0,80.0,TCP,0.002,6.0,545.0,1,192,168,220,16,192,168,100,6
52321.0,445.0,TCP,0.0,1.0,66.0,0,192,168,220,14,192,168,100,5
58844.0,445.0,TCP,0.0,1.0,66.0,0,192,168,220,16,192,168,100,5
445.0,49511.0,TCP,0.0,1.0,108.0,0,192,168,100,5,192,168,220,12
57736.0,80.0,TCP,0.004,6.0,545.0,1,192,168,220,16,192,168,100,6
34279.0,80.0,TCP,0.004,5.0,479.0,1,192,168,220,16,192,168,100,6
445.0,52321.0,TCP,0.0,1.0,108.0,0,192,168,100,5,192,168,220,14
60689.0,445.0,TCP,0.0,1.0,66.0,0,192,168,220,13,192,168,100,5
34016.0,80.0,TCP,0.002,5.0,479.0,1,192,168,220,16,192,168,100,6
57728.0,80.0,TCP,0.003,5.0,479.0,1,192,168,220,16,192,168,100,6
137.0,137.0,UDP,0.0,1.0,92.0,0,192,168,220,7,192,168,220,255
43145.0,445.0,TCP,0.002,2.0,174.0,0,192,168,220,4,192,168,100,5
36089.0,80.0,TCP,0.002,5.0,479.0,1,192,168,220,16,192,168,100,6
58839.0,80.0,TCP,0.005,6.0,545.0,1,192,168,220,16,192,168,100,6
60689.0,445.0,TCP,0.0,1.0,66.0,0,192,168,220,13,192,168,100,5
51146.0,445.0,TCP,0.003,2.0,174.0,0,192,168,220,5,192,168,100,5
58258.0,80.0,TCP,0.005,5.0,479.0,1,192,168,220,16,192,168,100,6
445.0,37191.0,TCP,0.0,1.0,108.0,0,192,168,100,5,192,168,220,7
37191.0,445.0,TCP,0.005,2.0,174.0,0,192,168,220,7,192,168,100,5
58844.0,445.0,TCP,0.004,2.0,174.0,0,192,168,220,16,192,168,100,5
59925.0,80.0,TCP,0.003,5.0,479.0,1,192,168,220,16,192,168,100,6
37191.0,445.0,TCP,0.003,2.0,174.0,0,192,168,220,7,192,168,100,5
445.0,51146.0,TCP,0.0,1.0,108.0,0,192,168,100,5,192,168,220,5
35233.0,80.0,TCP,0.004,5.0,479.0,1,192,168,220,16,192,168,100,6
445.0,51146.0,TCP,0.0,1.0,108.0,0,192,168,100,5,192,168,220,5
59568.0,80.0,TCP,0.003,5.0,479.0,1,192,168,220,16,192,168,100,6
36773.0,80.0,TCP,0.005,6.0,545.0,1,192,168,220,16,192,168,100,6
51146.0,445.0,TCP,0.004,2.0,174.0,0,192,168,220,5,192,168,100,5
34743.0,445.0,TCP,0.003,2.0,174.0,0,192,168,220,11,192,168,100,5
58844.0,445.0,TCP,0.006,2.0,174.0,0,192,168,220,16,192,168,100,5
59984.0,80.0,TCP,0.004,5.0,479.0,1,192,168,220,16,192,168,100,6
59629.0,80.0,TCP,0.003,5.0,479.0,1,192,168,220,16,192,168,100,6
445.0,60689.0,TCP,0.0,1.0,108.0,0,192,168,100,5,192,168,220,13
445.0,37191.0,TCP,0.0,1.0,108.0,0,192,168,100,5,192,168,220,7
43145.0,445.0,TCP,0.005,2.0,174.0,0,192,168,220,4,192,168,100,5
138.0,138.0,UDP,0.0,1.0,262.0,0,192,168,220,4,192,168,220,255
445.0,43145.0,TCP,0.0,1.0,108.0,0,192,168,100,5,192,168,220,4
36504.0,80.0,TCP,0.005,5.0,479.0,1,192,168,220,16,192,168,100,6
52321.0,445.0,TCP,0.003,2.0,174.0,0,192,168,220,14,192,168,100,5
58458.0,80.0,TCP,0.004,5.0,479.0,1,192,168,220,16,192,168,100,6
56829.0,80.0,TCP,0.004,5.0,479.0,1,192,168,220,16,192,168,100,6
138.0,138.0,UDP,0.0,1.0,262.0,0,192,168,220,6,192,168,220,255
57829.0,80.0,TCP,0.003,5.0,479.0,1,192,168,220,16,192,168,100,6
58844.0,445.0,TCP,0.003,2.0,174.0,0,192,168,220,16,192,168,100,5
46709.0,445.0,TCP,0.0,1.0,66.0,0,192,168,220,6,192,168,100,5
35269.0,80.0,TCP,0.006,5.0,479.0,1,192,168,220,16,192,168,100,6
51357.0,25.0,TCP,0.0,1.0,58.0,1,192,168,220,16,192,168,200,1
59418.0,80.0,TCP,0.009,5.0,479.0,1,192,168,220,16,192,168,100,6
57306.0,80.0,TCP,0.006,5.0,479.0,1,192,168,220,16,192,168,100,6
56753.0,80.0,TCP,0.006,5.0,479.0,1,192,168,220,16,192,168,100,6
445.0,51146.0,TCP,0.0,1.0,108.0,0,192,168,100,5,192,168,220,5
37191.0,445.0,TCP,0.003,2.0,174.0,0,192,168,220,7,192,168,100,5
35199.0,80.0,TCP,0.006,5.0,479.0,1,192,168,220,16,192,168,100,6
445.0,43145.0,TCP,0.0,1.0,108.0,0,192,168,100,5,192,168,220,4
445.0,46808.0,TCP,0.0,1.0,108.0,0,192,168,100,5,192,168,200,5
36470.0,80.0,TCP,0.003,5.0,479.0,1,192,168,220,16,192,168,100,6
445.0,60689.0,TCP,0.0,1.0,108.0,0,192,168,100,5,192,168,220,13
445.0,52321.0,TCP,0.0,1.0,108.0,0,192,168,100,5,192,168,220,14
60942.0,80.0,TCP,0.006,6.0,545.0,1,192,168,220,16,192,168,100,6
60528.0,80.0,TCP,0.005,5.0,479.0,1,192,168,220,16,192,168,100,6
57847.0,80.0,TCP,0.003,6.0,545.0,1,192,168,220,16,192,168,100,6
445.0,48888.0,TCP,0.0,1.0,108.0,0,192,168,100,5,192,168,220,15
46808.0,445.0,TCP,0.005,2.0,174.0,0,192,168,200,5,192,168,100,5
43145.0,445.0,TCP,0.003,2.0,174.0,0,192,168,220,4,192,168,100,5
34148.0,80.0,TCP,0.006,5.0,479.0,1,192,168,220,16,192,168,100,6
37279.0,80.0,TCP,0.003,5.0,479.0,1,192,168,220,16,192,168,100,6
445.0,40239.0,TCP,0.0,1.0,108.0,0,192,168,100,5,192,168,220,10
445.0,52321.0,TCP,0.0,1.0,108.0,0,192,168,100,5,192,168,220,14
445.0,46808.0,TCP,0.0,1.0,108.0,0,192,168,100,5,192,168,200,5
445.0,34743.0,TCP,0.0,1.0,108.0,0,192,168,100,5,192,168,220,11
60689.0,445.0,TCP,0.002,2.0,174.0,0,192,168,220,13,192,168,100,5
37884.0,445.0,TCP,0.0,1.0,66.0,0,192,168,220,9,192,168,100,5
58310.0,80.0,TCP,0.003,5.0,479.0,1,192,168,220,16,192,168,100,6
58369.0,80.0,TCP,0.004,6.0,545.0,1,192,168,220,16,192,168,100,6
34743.0,445.0,TCP,0.003,2.0,174.0,0,192,168,220,11,192,168,100,5
40239.0,445.0,TCP,0.005,2.0,174.0,0,192,168,220,10,192,168,100,5
35204.0,80.0,TCP,0.004,6.0,545.0,1,192,168,220,16,192,168,100,6
59752.0,80.0,TCP,0.003,5.0,479.0,1,192,168,220,16,192,168,100,6
51357.0,10001.0,TCP,0.0,1.0,58.0,1,192,168,220,16,192,168,200,9
58641.0,80.0,TCP,0.006,5.0,479.0,1,192,168,220,16,192,168,100,6
49511.0,445.0,TCP,0.004,2.0,174.0,0,192,168,220,12,192,168,100,5
137.0,137.0,UDP,0.0,1.0,92.0,0,192,168,220,6,192,168,220,255
445.0,46808.0,TCP,0.0,1.0,108.0,0,192,168,100,5,192,168,200,5
445.0,49094.0,TCP,0.0,1.0,108.0,0,192,168,100,5,192,168,220,8
137.0,137.0,UDP,0.0,1.0,92.0,0,192,168,220,5,192,168,220,255
445.0,46709.0,TCP,0.0,1.0,70.0,0,192,168,100,5,192,168,220,6
49511.0,445.0,TCP,0.004,2.0,174.0,0,192,168,220,12,192,168,100,5
51146.0,445.0,TCP,0.005,2.0,174.0,0,192,168,220,5,192,168,100,5
57369.0,80.0,TCP,0.006,6.0,545.0,1,192,168,220,16,192,168,100,6
57404.0,80.0,TCP,0.003,5.0,479.0,1,192,168,220,16,192,168,100,6
35188.0,80.0,TCP,0.006,5.0,479.0,1,192,168,220,16,192,168,100,6
57731.0,80.0,TCP,0.005,5.0,479.0,1,192,168,220,16,192,168,100,6
60436.0,80.0,TCP,0.005,5.0,479.0,1,192,168,220,16,192,168,100,6
59511.0,80.0,TCP,0.003,5.0,479.0,1,192,168,220,16,192,168,100,6
33206.0,80.0,TCP,0.002,5.0,479.0,1,192,168,220,16,192,168,100,6
36764.0,80.0,TCP,0.003,6.0,545.0,1,192,168,220,16,192,168,100,6
34891.0,80.0,TCP,0.002,5.0,479.0,1,192,168,220,16,192,168,100,6
59963.0,80.0,TCP,0.005,5.0,479.0,1,192,168,220,16,192,168,100,6
60173.0,80.0,TCP,0.006,6.0,545.0,1,192,168,220,16,192,168,100,6
51357.0,543.0,TCP,0.0,1.0,58.0,1,192,168,220,16,192,168,200,1
445.0,51146.0,TCP,0.0,1.0,108.0,0,192,168,100,5,192,168,220,5
36151.0,80.0,TCP,0.006,5.0,479.0,1,192,168,220,16,192,168,100,6
445.0,58844.0,TCP,0.0,1.0,108.0,0,192,168,100,5,192,168,220,16
59412.0,80.0,TCP,0.003,5.0,479.0,1,192,168,220,16,192,168,100,6
58307.0,80.0,TCP,0.006,6.0,545.0,1,192,168,220,16,192,168,100,6
59213.0,80.0,TCP,0.003,5.0,479.0,1,192,168,220,16,192,168,100,6
36826.0,80.0,TCP,0.003,5.0,479.0,1,192,168,220,16,192,168,100,6
445.0,48888.0,TCP,0.0,1.0,70.0,0,192,168,100,5,192,168,220,15
33006.0,80.0,TCP,0.004,5.0,479.0,1,192,168,220,16,192,168,100,6
49511.0,445.0,TCP,0.005,2.0,174.0,0,192,168,220,12,192,168,100,5
445.0,49511.0,TCP,0.0,1.0,108.0,0,192,168,100,5,192,168,220,12
445.0,52321.0,TCP,0.0,1.0,108.0,0,192,168,100,5,192,168,220,14
51357.0,9800.0,TCP,0.0,1.0,58.0,1,192,168,220,16,192,168,200,9
137.0,137.0,UDP,0.0,1.0,92.0,0,192,168,220,4,192,168,220,255
59831.0,80.0,TCP,0.005,5.0,479.0,1,192,168,220,16,192,168,100,6
60689.0,445.0,TCP,0.001,2.0,174.0,0,192,168,220,13,192,168,100,5
51441.0,25.0,TCP,0.0,1.0,58.0,1,192,168,220,16,192,168,200,5
59341.0,80.0,TCP,0.005,5.0,479.0,1,192,168,220,16,192,168,100,6
445.0,49094.0,TCP,0.0,1.0,108.0,0,192,168,100,5,192,168,220,8
58844.0,445.0,TCP,0.004,2.0,174.0,0,192,168,220,16,192,168,100,5
48888.0,445.0,TCP,0.003,2.0,174.0,0,192,168,220,15,192,168,100,5
445.0,37191.0,TCP,0.0,1.0,108.0,0,192,168,100,5,192,168,220,7
60420.0,80.0,TCP,0.004,5.0,479.0,1,192,168,220,16,192,168,100,6
445.0,49094.0,TCP,0.0,1.0,108.0,0,192,168,100,5,192,168,220,8
445.0,43145.0,TCP,0.0,1.0,108.0,0,192,168,100,5,192,168,220,4
57976.0,80.0,TCP,0.006,5.0,479.0,1,192,168,220,16,192,168,100,6
445.0,60689.0,TCP,0.0,1.0,108.0,0,192,168,100,5,192,168,220,13
40239.0,445.0,TCP,0.0,1.0,66.0,0,192,168,220,10,192,168,100,5
48888.0,445.0,TCP,0.0,1.0,66.0,0,192,168,220,15,192,168,100,5
445.0,37884.0,TCP,0.0,1.0,108.0,0,192,168,100,5,192,168,220,9
57932.0,80.0,TCP,0.004,5.0,479.0,1,192,168,220,16,192,168,100,6
59272.0,80.0,TCP,0.003,5.0,479.0,1,192,168,220,16,192,168,100,6
57301.0,80.0,TCP,0.005,5.0,479.0,1,192,168,220,16,192,168,100,6
55770.0,80.0,TCP,0.005,5.0,479.0,1,192,168,220,16,192,168,100,6
445.0,52321.0,TCP,0.0,1.0,108.0,0,192,168,100,5,192,168,220,14
55764.0,80.0,TCP,0.006,5.0,479.0,1,192,168,220,16,192,168,100,6
57730.0,80.0,TCP,0.006,6.0,545.0,1,192,168,220,16,192,168,100,6
35534.0,80.0,TCP,0.006,5.0,479.0,1,192,168,220,16,192,168,100,6
138.0,138.0,UDP,0.0,1.0,262.0,0,192,168,220,6,192,168,220,255
57739.0,80.0,TCP,0.003,5.0,479.0,1,192,168,220,16,192,168,100,6
445.0,43145.0,TCP,0.0,1.0,108.0,0,192,168,100,5,192,168,220,4
60639.0,80.0,TCP,0.006,5.0,479.0,1,192,168,220,16,192,168,100,6
37884.0,445.0,TCP,0.004,2.0,174.0,0,192,168,220,9,192,168,100,5
49094.0,445.0,TCP,0.003,2.0,174.0,0,192,168,220,8,192,168,100,5
51357.0,1098.0,TCP,0.0,1.0,58.0,1,192,168,220,16,192,168,200,4
58308.0,80.0,TCP,0.005,5.0,479.0,1,192,168,220,16,192,168,100,6
445.0,46808.0,TCP,0.0,1.0,108.0,0,192,168,100,5,192,168,200,5
56128.0,80.0,TCP,0.006,5.0,479.0,1,192,168,220,16,192,168,100,6
51358.0,5952.0,TCP,0.0,1.0,58.0,1,192,168,220,16,192,168,200,9
58844.0,445.0,TCP,0.003,2.0,174.0,0,192,168,220,16,192,168,100,5
49094.0,445.0,TCP,0.005,2.0,174.0,0,192,168,220,8,192,168,100,5
46709.0,445.0,TCP,0.004,2.0,174.0,0,192,168,220,6,192,168,100,5
35353.0,80.0,TCP,0.003,6.0,545.0,1,192,168,220,16,192,168,100,6
57756.0,80.0,TCP,0.004,6.0,545.0,1,192,168,220,16,192,168,100,6
445.0,58844.0,TCP,0.0,1.0,108.0,0,192,168,100,5,192,168,220,16
51146.0,445.0,TCP,0.004,2.0,174.0,0,192,168,220,5,192,168,100,5
33197.0,80.0,TCP,0.003,5.0,479.0,1,192,168,220,16,192,168,100,6
58630.0,80.0,TCP,0.005,6.0,545.0,1,192,168,220,16,192,168,100,6
57187.0,80.0,TCP,0.005,6.0,545.0,1,192,168,220,16,192,168,100,6
445.0,51146.0,TCP,0.0,1.0,108.0,0,192,168,100,5,192,168,220,5
51357.0,1028.0,TCP,0.0,1.0,58.0,1,192,168,220,16,192,168,200,8
34184.0,80.0,TCP,0.003,5.0,479.0,1,192,168,220,16,192,168,100,6
51357.0,3389.0,TCP,0.0,1.0,58.0,1,192,168,220,16,192,168,200,1
445.0,46709.0,TCP,0.0,1.0,70.0,0,192,168,100,5,192,168,220,6
137.0,137.0,UDP,0.0,1.0,92.0,0,192,168,220,7,192,168,220,255
58838.0,80.0,TCP,0.005,6.0,545.0,1,192,168,220,16,192,168,100,6
60973.0,80.0,TCP,0.005,5.0,479.0,1,192,168,220,16,192,168,100,6
59845.0,80.0,TCP,0.003,5.0,479.0,1,192,168,220,16,192,168,100,6
57799.0,80.0,TCP,0.005,5.0,479.0,1,192,168,220,16,192,168,100,6
33104.0,80.0,TCP,0.005,6.0,545.0,1,192,168,220,16,192,168,100,6
58844.0,445.0,TCP,0.003,2.0,174.0,0,192,168,220,16,192,168,100,5
445.0,51146.0,TCP,0.0,2.0,178.0,0,192,168,100,5,192,168,220,5
36805.0,80.0,TCP,0.005,5.0,479.0,1,192,168,220,16,192,168,100,6
46808.0,445.0,TCP,0.002,2.0,174.0,0,192,168,200,5,192,168,100,5
445.0,52321.0,TCP,0.0,1.0,108.0,0,192,168,100,5,192,168,220,14
445.0,60689.0,TCP,0.0,1.0,70.0,0,192,168,100,5,192,168,220,13
445.0,48888.0,TCP,0.0,1.0,108.0,0,192,168,100,5,192,168,220,15
58001.0,80.0,TCP,0.005,5.0,479.0,1,192,168,220,16,192,168,100,6
57617.0,80.0,TCP,0.005,5.0,479.0,1,192,168,220,16,192,168,100,6
34865.0,80.0,TCP,0.003,6.0,545.0,1,192,168,220,16,192,168,100,6
57895.0,80.0,TCP,0.002,5.0,479.0,1,192,168,220,16,192,168,100,6
445.0,40239.0,TCP,0.0,1.0,108.0,0,192,168,100,5,192,168,220,10
60689.0,445.0,TCP,0.0,1.0,66.0,0,192,168,220,13,192,168,100,5
57767.0,80.0,TCP,0.006,5.0,479.0,1,192,168,220,16,192,168,100,6
51357.0,1065.0,TCP,0.0,1.0,58.0,1,192,168,220,16,192,168,200,8
51358.0,15000.0,TCP,0.0,1.0,58.0,1,192,168,220,16,192,168,200,9
59752.0,80.0,TCP,0.005,5.0,479.0,1,192,168,220,16,192,168,100,6
43145.0,445.0,TCP,0.003,2.0,174.0,0,192,168,220,4,192,168,100,5
445.0,46709.0,TCP,0.0,1.0,70.0,0,192,168,100,5,192,168,220,6
58400.0,80.0,TCP,0.004,5.0,479.0,1,192,168,220,16,192,168,100,6
60735.0,80.0,TCP,0.005,6.0,545.0,1,192,168,220,16,192,168,100,6
58844.0,445.0,TCP,0.022,7.0,540.0,0,192,168,220,16,192,168,100,4
445.0,49511.0,TCP,0.0,1.0,108.0,0,192,168,100,5,192,168,220,12
60689.0,445.0,TCP,0.003,2.0,174.0,0,192,168,220,13,192,168,100,5
60663.0,80.0,TCP,0.004,5.0,479.0,1,192,168,220,16,192,168,100,6
51146.0,445.0,TCP,0.003,2.0,174.0,0,192,168,220,5,192,168,100,5
59526.0,80.0,TCP,0.005,5.0,479.0,1,192,168,220,16,192,168,100,6
445.0,37884.0,TCP,0.0,1.0,108.0,0,192,168,100,5,192,168,220,9
49094.0,445.0,TCP,0.005,2.0,174.0,0,192,168,220,8,192,168,100,5
445.0,49511.0,TCP,0.0,1.0,108.0,0,192,168,100,5,192,168,220,12
445.0,58844.0,TCP,0.0,1.0,70.0,0,192,168,100,5,192,168,220,16
445.0,51146.0,TCP,0.0,1.0,108.0,0,192,168,100,5,192,168,220,5
37191.0,445.0,TCP,0.004,2.0,174.0,0,192,168,220,7,192,168,100,5
5847.0,80.0,TCP,0.005,4.0,567.0,0,192,168,220,15,192,168,100,6
445.0,60689.0,TCP,0.0,1.0,108.0,0,192,168,100,5,192,168,220,13
35404.0,80.0,TCP,0.002,5.0,479.0,1,192,168,220,16,192,168,100,6
57804.0,80.0,TCP,0.003,5.0,479.0,1,192,168,220,16,192,168,100,6
34743.0,445.0,TCP,0.001,2.0,174.0,0,192,168,220,11,192,168,100,5
445.0,48888.0,TCP,0.0,1.0,108.0,0,192,168,100,5,192,168,220,15
51146.0,445.0,TCP,0.003,2.0,174.0,0,192,168,220,5,192,168,100,5
445.0,48888.0,TCP,0.0,1.0,108.0,0,192,168,100,5,192,168,220,15
445.0,37191.0,TCP,0.0,1.0,108.0,0,192,168,100,5,192,168,220,7
58648.0,80.0,TCP,0.006,5.0,479.0,1,192,168,220,16,192,168,100,6
60689.0,445.0,TCP,0.003,2.0,174.0,0,192,168,220,13,192,168,100,5
57404.0,80.0,TCP,0.005,5.0,479.0,1,192,168,220,16,192,168,100,6
59847.0,80.0,TCP,0.004,5.0,479.0,1,192,168,220,16,192,168,100,6
36506.0,80.0,TCP,0.005,5.0,479.0,1,192,168,220,16,192,168,100,6
138.0,138.0,UDP,0.0,2.0,511.0,0,192,168,100,3,192,168,100,255
51435.0,25.0,TCP,0.0,1.0,58.0,1,192,168,220,16,192,168,200,5
36921.0,80.0,TCP,0.004,5.0,479.0,1,192,168,220,16,192,168,100,6
445.0,43183.0,TCP,0.0,1.0,108.0,0,192,168,100,5,192,168,200,4
37188.0,80.0,TCP,0.006,5.0,479.0,1,192,168,220,16,192,168,100,6
445.0,52321.0,TCP,0.0,1.0,108.0,0,192,168,100,5,192,168,220,14
57589.0,80.0,TCP,0.006,6.0,545.0,1,192,168,220,16,192,168,100,6
51146.0,445.0,TCP,0.003,2.0,174.0,0,192,168,220,5,192,168,100,5
43145.0,445.0,TCP,0.004,2.0,174.0,0,192,168,220,4,192,168,100,5
35751.0,80.0,TCP,0.005,5.0,479.0,1,192,168,220,16,192,168,100,6
445.0,60689.0,TCP,0.0,1.0,108.0,0,192,168,100,5,192,168,220,13
37191.0,445.0,TCP,0.003,2.0,174.0,0,192,168,220,7,192,168,100,5
49511.0,445.0,TCP,0.002,2.0,174.0,0,192,168,220,12,192,168,100,5
445.0,58844.0,TCP,0.0,1.0,108.0,0,192,168,100,5,192,168,220,16
37884.0,445.0,TCP,0.002,2.0,174.0,0,192,168,220,9,192,168,100,5
57819.0,80.0,TCP,0.005,6.0,545.0,1,192,168,220,16,192,168,100,6
138.0,138.0,UDP,0.0,2.0,514.0,0,192,168,200,3,192,168,200,255
60564.0,80.0,TCP,0.003,5.0,479.0,1,192,168,220,16,192,168,100,6
56745.0,80.0,TCP,0.005,5.0,479.0,1,192,168,220,16,192,168,100,6
51358.0,2042.0,TCP,0.0,1.0,58.0,1,192,168,220,16,192,168,200,9
48888.0,445.0,TCP,0.002,2.0,174.0,0,192,168,220,15,192,168,100,5
57881.0,80.0,TCP,0.004,5.0,479.0,1,192,168,220,16,192,168,100,6
60861.0,80.0,TCP,0.004,6.0,545.0,1,192,168,220,16,192,168,100,6
445.0,52321.0,TCP,0.0,1.0,108.0,0,192,168,100,5,192,168,220,14
58047.0,80.0,TCP,0.002,5.0,479.0,1,192,168,220,16,192,168,100,6
59061.0,80.0,TCP,0.005,6.0,545.0,1,192,168,220,16,192,168,100,6
57932.0,80.0,TCP,0.006,5.0,479.0,1,192,168,220,16,192,168,100,6
46755.0,1483.0,TCP,0.0,1.0,58.0,1,192,168,220,16,192,168,210,5
40239.0,445.0,TCP,0.003,2.0,174.0,0,192,168,220,10,192,168,100,5
57736.0,80.0,TCP,0.005,5.0,479.0,1,192,168,220,16,192,168,100,6
445.0,37191.0,TCP,0.0,1.0,108.0,0,192,168,100,5,192,168,220,7
445.0,43183.0,TCP,0.0,1.0,108.0,0,192,168,100,5,192,168,200,4
32759.0,80.0,TCP,0.003,5.0,479.0,1,192,168,220,16,192,168,100,6
35263.0,80.0,TCP,0.005,5.0,479.0,1,192,168,220,16,192,168,100,6
445.0,58844.0,TCP,0.0,1.0,70.0,0,192,168,100,5,192,168,220,16
59072.0,80.0,TCP,0.005,5.0,479.0,1,192,168,220,16,192,168,100,6
445.0,60689.0,TCP,0.0,1.0,108.0,0,192,168,100,5,192,168,220,13
445.0,43145.0,TCP,0.0,1.0,70.0,0,192,168,100,5,192,168,220,3
445.0,46808.0,TCP,0.0,1.0,108.0,0,192,168,100,5,192,168,200,5
445.0,49094.0,TCP,0.0,1.0,108.0,0,192,168,100,5,192,168,220,8
36059.0,80.0,TCP,0.002,5.0,479.0,1,192,168,220,16,192,168,100,6
37884.0,445.0,TCP,0.0,1.0,66.0,0,192,168,220,9,192,168,100,5
37191.0,445.0,TCP,0.0,1.0,66.0,0,192,168,220,7,192,168,100,5
445.0,43183.0,TCP,0.0,1.0,70.0,0,192,168,100,5,192,168,200,4
34256.0,80.0,TCP,0.002,6.0,545.0,1,192,168,220,16,192,168,100,6
137.0,137.0,UDP,0.0,1.0,92.0,0,192,168,220,4,192,168,220,255
60116.0,80.0,TCP,0.004,5.0,479.0,1,192,168,220,16,192,168,100,6
35199.0,80.0,TCP,0.005,5.0,479.0,1,192,168,220,16,192,168,100,6
445.0,46808.0,TCP,0.0,1.0,70.0,0,192,168,100,5,192,168,200,5
60366.0,80.0,TCP,0.004,6.0,545.0,1,192,168,220,16,192,168,100,6
59092.0,80.0,TCP,0.004,6.0,545.0,1,192,168,220,16,192,168,100,6
445.0,60689.0,TCP,0.0,1.0,108.0,0,192,168,100,5,192,168,220,13
445.0,58844.0,TCP,0.0,1.0,108.0,0,192,168,100,5,192,168,220,16
60324.0,80.0,TCP,0.004,5.0,479.0,1,192,168,220,16,192,168,100,6
59100.0,80.0,TCP,0.006,6.0,545.0,1,192,168,220,16,192,168,100,6
58945.0,80.0,TCP,0.006,5.0,479.0,1,192,168,220,16,192,168,100,6
59911.0,80.0,TCP,0.005,5.0,479.0,1,192,168,220,16,192,168,100,6
58619.0,80.0,TCP,0.004,6.0,545.0,1,192,168,220,16,192,168,100,6
60612.0,80.0,TCP,0.003,5.0,479.0,1,192,168,220,16,192,168,100,6
445.0,34743.0,TCP,0.0,1.0,70.0,0,192,168,100,5,192,168,220,11
51357.0,8072.0,TCP,0.0,1.0,58.0,1,192,168,220,16,192,168,200,2
445.0,48888.0,TCP,0.0,1.0,70.0,0,192,168,100,5,192,168,220,15
60314.0,80.0,TCP,0.006,5.0,479.0,1,192,168,220,16,192,168,100,6
58805.0,80.0,TCP,0.003,6.0,545.0,1,192,168,220,16,192,168,100,6
445.0,58844.0,TCP,0.0,1.0,108.0,0,192,168,100,5,192,168,220,16
445.0,48888.0,TCP,0.0,1.0,70.0,0,192,168,100,5,192,168,220,15
32835.0,80.0,TCP,0.003,5.0,479.0,1,192,168,220,16,192,168,100,6
51358.0,32779.0,TCP,0.0,1.0,58.0,1,192,168,220,16,192,168,200,8
445.0,58844.0,TCP,0.0,1.0,108.0,0,192,168,100,5,192,168,220,16
60294.0,80.0,TCP,0.004,6.0,545.0,1,192,168,220,16,192,168,100,6
60689.0,80.0,TCP,0.004,5.0,479.0,1,192,168,220,16,192,168,100,6
34743.0,445.0,TCP,0.003,2.0,174.0,0,192,168,220,11,192,168,100,5
33001.0,80.0,TCP,0.006,5.0,479.0,1,192,168,220,16,192,168,100,6
57720.0,80.0,TCP,0.004,5.0,479.0,1,192,168,220,16,192,168,100,6
32800.0,80.0,TCP,0.005,5.0,479.0,1,192,168,220,16,192,168,100,6
51492.0,25.0,TCP,0.0,1.0,58.0,1,192,168,220,16,192,168,200,3
445.0,60689.0,TCP,0.0,1.0,108.0,0,192,168,100,5,192,168,220,13
445.0,49511.0,TCP,0.0,1.0,108.0,0,192,168,100,5,192,168,220,12
35291.0,80.0,TCP,0.003,5.0,479.0,1,192,168,220,16,192,168,100,6
49511.0,445.0,TCP,0.003,2.0,174.0,0,192,168,220,12,192,168,100,5
445.0,37884.0,TCP,0.0,1.0,108.0,0,192,168,100,5,192,168,220,9
58844.0,445.0,TCP,0.003,2.0,174.0,0,192,168,220,16,192,168,100,5
445.0,46709.0,TCP,0.0,1.0,108.0,0,192,168,100,5,192,168,220,6
445.0,49511.0,TCP,0.0,1.0,70.0,0,192,168,100,5,192,168,220,12
34743.0,445.0,TCP,0.005,2.0,174.0,0,192,168,220,11,192,168,100,5
445.0,37884.0,TCP,0.0,1.0,108.0,0,192,168,100,5,192,168,220,9
137.0,137.0,UDP,0.0,1.0,92.0,0,192,168,220,7,192,168,220,255
445.0,46808.0,TCP,0.0,1.0,108.0,0,192,168,100,5,192,168,200,5
445.0,46808.0,TCP,0.0,1.0,108.0,0,192,168,100,5,192,168,200,5
58464.0,80.0,TCP,0.003,6.0,545.0,1,192,168,220,16,192,168,100,6
34867.0,80.0,TCP,0.002,5.0,479.0,1,192,168,220,16,192,168,100,6
58862.0,80.0,TCP,0.004,5.0,479.0,1,192,168,220,16,192,168,100,6
445.0,37884.0,TCP,0.0,1.0,108.0,0,192,168,100,5,192,168,220,9
137.0,137.0,UDP,0.0,1.0,92.0,0,192,168,220,8,192,168,220,255
37884.0,445.0,TCP,0.003,2.0,174.0,0,192,168,220,9,192,168,100,5
445.0,37191.0,TCP,0.0,1.0,108.0,0,192,168,100,5,192,168,220,7
445.0,34743.0,TCP,0.0,1.0,108.0,0,192,168,100,5,192,168,220,11
445.0,49511.0,TCP,0.0,1.0,108.0,0,192,168,100,5,192,168,220,12
59877.0,80.0,TCP,0.005,5.0,479.0,1,192,168,220,16,192,168,100,6
46808.0,445.0,TCP,0.0,1.0,66.0,0,192,168,200,5,192,168,100,5
445.0,37191.0,TCP,0.0,1.0,108.0,0,192,168,100,5,192,168,220,7
445.0,37884.0,TCP,0.0,1.0,108.0,0,192,168,100,5,192,168,220,9
137.0,137.0,UDP,0.0,1.0,92.0,0,192,168,220,7,192,168,220,255
58400.0,80.0,TCP,0.004,5.0,479.0,1,192,168,220,16,192,168,100,6
36677.0,80.0,TCP,0.005,6.0,545.0,1,192,168,220,16,192,168,100,6
58694.0,80.0,TCP,0.005,5.0,479.0,1,192,168,220,16,192,168,100,6
59136.0,80.0,TCP,0.005,5.0,479.0,1,192,168,220,16,192,168,100,6
43145.0,445.0,TCP,0.0,2.0,174.0,0,192,168,220,4,192,168,100,5
445.0,46808.0,TCP,0.0,1.0,108.0,0,192,168,100,5,192,168,200,5
59071.0,80.0,TCP,0.003,5.0,479.0,1,192,168,220,16,192,168,100,6
51357.0,32798.0,TCP,0.0,1.0,58.0,1,192,168,220,16,192,168,200,2
445.0,48888.0,TCP,0.0,1.0,108.0,0,192,168,100,5,192,168,220,15
58302.0,80.0,TCP,0.004,5.0,479.0,1,192,168,220,16,192,168,100,6
445.0,37191.0,TCP,0.0,1.0,108.0,0,192,168,100,5,192,168,220,7
445.0,40239.0,TCP,0.0,1.0,108.0,0,192,168,100,5,192,168,220,10
48888.0,445.0,TCP,0.003,2.0,174.0,0,192,168,220,15,192,168,100,5
58444.0,80.0,TCP,0.004,5.0,479.0,1,192,168,220,16,192,168,100,6
57908.0,80.0,TCP,0.003,5.0,479.0,1,192,168,220,16,192,168,100,6
445.0,52321.0,TCP,0.0,1.0,108.0,0,192,168,100,5,192,168,220,14
37884.0,445.0,TCP,0.005,2.0,174.0,0,192,168,220,9,192,168,100,5
49511.0,445.0,TCP,0.004,2.0,174.0,0,192,168,220,12,192,168,100,5
137.0,137.0,UDP,0.0,1.0,92.0,0,192,168,220,8,192,168,220,255
52321.0,445.0,TCP,0.004,2.0,174.0,0,192,168,220,14,192,168,100,5
445.0,51146.0,TCP,0.0,2.0,511.0,0,192,168,100,5,192,168,220,5
48888.0,445.0,TCP,0.005,2.0,174.0,0,192,168,220,15,192,168,100,5
51357.0,4125.0,TCP,0.0,1.0,58.0,1,192,168,220,16,192,168,200,8
51357.0,1042.0,TCP,0.0,1.0,58.0,1,192,168,220,16,192,168,200,2
37191.0,445.0,TCP,0.004,2.0,174.0,0,192,168,220,7,192,168,100,5
445.0,43183.0,TCP,0.0,1.0,108.0,0,192,168,100,5,192,168,200,4
56934.0,80.0,TCP,0.003,5.0,479.0,1,192,168,220,16,192,168,100,6
56550.0,80.0,TCP,0.005,5.0,479.0,1,192,168,220,16,192,168,100,6
445.0,52321.0,TCP,0.0,1.0,108.0,0,192,168,100,5,192,168,220,14
445.0,43145.0,TCP,0.0,1.0,108.0,0,192,168,100,5,192,168,220,4
58698.0,80.0,TCP,0.002,5.0,479.0,1,192,168,220,16,192,168,100,6
445.0,51146.0,TCP,0.0,1.0,108.0,0,192,168,100,5,192,168,220,5
59073.0,80.0,TCP,0.004,6.0,545.0,1,192,168,220,16,192,168,100,6
34591.0,80.0,TCP,0.005,5.0,479.0,1,192,168,220,16,192,168,100,6
56431.0,80.0,TCP,0.003,5.0,479.0,1,192,168,220,16,192,168,100,6
56889.0,80.0,TCP,0.004,5.0,479.0,1,192,168,220,16,192,168,100,6
60875.0,80.0,TCP,0.002,6.0,545.0,1,192,168,220,16,192,168,100,6
43145.0,445.0,TCP,0.0,1.0,66.0,0,192,168,220,4,192,168,100,5
56496.0,80.0,TCP,0.006,6.0,545.0,1,192,168,220,16,192,168,100,6
57212.0,80.0,TCP,0.004,6.0,545.0,1,192,168,220,16,192,168,100,6
57871.0,80.0,TCP,0.004,5.0,479.0,1,192,168,220,16,192,168,100,6
34275.0,80.0,TCP,0.002,5.0,479.0,1,192,168,220,16,192,168,100,6
445.0,58844.0,TCP,0.0,1.0,108.0,0,192,168,100,5,192,168,220,16
445.0,40239.0,TCP,0.0,1.0,108.0,0,192,168,100,5,192,168,220,10
51146.0,445.0,TCP,0.0,1.0,66.0,0,192,168,220,5,192,168,100,5
445.0,51146.0,TCP,0.0,1.0,108.0,0,192,168,100,5,192,168,220,5
56340.0,80.0,TCP,0.005,5.0,479.0,1,192,168,220,16,192,168,100,6
445.0,49511.0,TCP,0.0,1.0,108.0,0,192,168,100,5,192,168,220,12
445.0,37191.0,TCP,0.0,1.0,108.0,0,192,168,100,5,192,168,220,7
34123.0,80.0,TCP,0.003,5.0,479.0,1,192,168,220,16,192,168,100,6
445.0,58844.0,TCP,0.0,1.0,108.0,0,192,168,100,5,192,168,220,16
445.0,40239.0,TCP,0.0,1.0,70.0,0,192,168,100,5,192,168,220,10
36646.0,80.0,TCP,0.003,6.0,545.0,1,192,168,220,16,192,168,100,6
445.0,37884.0,TCP,0.0,1.0,108.0,0,192,168,100,5,192,168,220,9
43183.0,445.0,TCP,0.002,2.0,174.0,0,192,168,200,4,192,168,100,5
33953.0,80.0,TCP,0.004,5.0,479.0,1,192,168,220,16,192,168,100,6
49094.0,445.0,TCP,0.0,1.0,66.0,0,192,168,220,8,192,168,100,5
37191.0,445.0,TCP,0.004,2.0,174.0,0,192,168,220,7,192,168,100,5
34743.0,445.0,TCP,0.004,2.0,174.0,0,192,168,220,11,192,168,100,5
445.0,43145.0,TCP,0.0,1.0,108.0,0,192,168,100,5,192,168,220,4
57777.0,80.0,TCP,0.005,5.0,479.0,1,192,168,220,16,192,168,100,6
445.0,60689.0,TCP,0.0,1.0,108.0,0,192,168,100,5,192,168,220,13
445.0,46808.0,TCP,0.0,1.0,108.0,0,192,168,100,5,192,168,200,5
445.0,49094.0,TCP,0.0,1.0,108.0,0,192,168,100,5,192,168,220,8
445.0,40239.0,TCP,0.0,1.0,108.0,0,192,168,100,5,192,168,220,10
51357.0,3126.0,TCP,0.0,1.0,58.0,1,192,168,220,16,192,168,200,2
445.0,49094.0,TCP,0.0,1.0,108.0,0,192,168,100,5,192,168,220,8
58991.0,80.0,TCP,0.004,5.0,479.0,1,192,168,220,16,192,168,100,6
59319.0,80.0,TCP,0.004,5.0,479.0,1,192,168,220,16,192,168,100,6
445.0,52321.0,TCP,0.0,1.0,108.0,0,192,168,100,5,192,168,220,14
36043.0,80.0,TCP,0.005,5.0,479.0,1,192,168,220,16,192,168,100,6
55989.0,80.0,TCP,0.005,5.0,479.0,1,192,168,220,16,192,168,100,6
445.0,58844.0,TCP,0.0,1.0,108.0,0,192,168,100,5,192,168,220,16
34743.0,445.0,TCP,0.004,2.0,174.0,0,192,168,220,11,192,168,100,5
34743.0,445.0,TCP,0.002,2.0,174.0,0,192,168,220,11,192,168,100,5
51357.0,9100.0,TCP,0.0,1.0,58.0,1,192,168,220,16,192,168,200,5
445.0,40239.0,TCP,0.0,1.0,108.0,0,192,168,100,5,192,168,220,10
52321.0,445.0,TCP,0.003,2.0,174.0,0,192,168,220,14,192,168,100,5
60532.0,80.0,TCP,0.006,5.0,479.0,1,192,168,220,16,192,168,100,6
51357.0,5950.0,TCP,0.0,1.0,58.0,1,192,168,220,16,192,168,200,8
46808.0,445.0,TCP,0.006,2.0,174.0,1,192,168,200,5,192,168,100,5
59054.0,80.0,TCP,0.004,5.0,479.0,1,192,168,220,16,192,168,100,6
34743.0,445.0,TCP,0.001,2.0,174.0,0,192,168,220,11,192,168,100,5
445.0,60689.0,TCP,0.0,1.0,108.0,0,192,168,100,5,192,168,220,13
56766.0,80.0,TCP,0.005,5.0,479.0,1,192,168,220,16,192,168,100,6
59915.0,80.0,TCP,0.004,5.0,479.0,1,192,168,220,16,192,168,100,6
34126.0,80.0,TCP,0.005,5.0,479.0,1,192,168,220,16,192,168,100,6
58269.0,80.0,TCP,0.0069999999999999,6.0,545.0,1,192,168,220,16,192,168,100,6
46709.0,445.0,TCP,0.0,1.0,66.0,0,192,168,220,6,192,168,100,5
57943.0,80.0,TCP,0.003,5.0,479.0,1,192,168,220,16,192,168,100,6
51357.0,901.0,TCP,0.0,1.0,58.0,1,192,168,220,16,192,168,200,2
59383.0,80.0,TCP,0.005,5.0,479.0,1,192,168,220,16,192,168,100,6
445.0,37884.0,TCP,0.0,1.0,108.0,0,192,168,100,5,192,168,220,9
43183.0,445.0,TCP,0.005,2.0,174.0,0,192,168,200,4,192,168,100,5
36127.0,80.0,TCP,0.005,5.0,479.0,1,192,168,220,16,192,168,100,6
58254.0,80.0,TCP,0.002,5.0,479.0,1,192,168,220,16,192,168,100,6
57210.0,80.0,TCP,0.004,5.0,479.0,1,192,168,220,16,192,168,100,6
46709.0,445.0,TCP,0.001,2.0,174.0,0,192,168,220,6,192,168,100,5
57768.0,80.0,TCP,0.006,6.0,545.0,1,192,168,220,16,192,168,100,6
58135.0,80.0,TCP,0.005,5.0,479.0,1,192,168,220,16,192,168,100,6
51357.0,1801.0,TCP,0.0,1.0,58.0,1,192,168,220,16,192,168,200,3
137.0,137.0,UDP,0.0,1.0,92.0,0,192,168,100,5,192,168,100,255
445.0,48888.0,TCP,0.0,1.0,108.0,0,192,168,100,5,192,168,220,15
59091.0,80.0,TCP,0.003,5.0,479.0,1,192,168,220,16,192,168,100,6
445.0,37191.0,TCP,0.0,1.0,108.0,0,192,168,100,5,192,168,220,7
55821.0,80.0,TCP,0.006,6.0,545.0,1,192,168,220,16,192,168,100,6
59063.0,80.0,TCP,0.005,6.0,545.0,1,192,168,220,16,192,168,100,6
57297.0,80.0,TCP,0.006,6.0,545.0,1,192,168,220,16,192,168,100,6
59850.0,80.0,TCP,0.003,5.0,479.0,1,192,168,220,16,192,168,100,6
43145.0,445.0,TCP,0.003,2.0,174.0,0,192,168,220,4,192,168,100,5
51357.0,2036.0,TCP,0.0,1.0,58.0,1,192,168,220,16,192,168,200,3
56876.0,80.0,TCP,0.004,5.0,479.0,1,192,168,220,16,192,168,100,6
37884.0,445.0,TCP,0.002,2.0,174.0,0,192,168,220,9,192,168,100,5
58969.0,80.0,TCP,0.004,5.0,479.0,1,192,168,220,16,192,168,100,6
43145.0,445.0,TCP,0.004,2.0,174.0,0,192,168,220,4,192,168,100,5
445.0,52321.0,TCP,0.0,1.0,108.0,0,192,168,100,5,192,168,220,14
445.0,49094.0,TCP,0.0,1.0,108.0,0,192,168,100,5,192,168,220,8
137.0,137.0,UDP,0.0,1.0,92.0,0,192,168,200,4,192,168,200,255
445.0,49511.0,TCP,0.0,1.0,108.0,0,192,168,100,5,192,168,220,12
445.0,37191.0,TCP,0.0,1.0,108.0,0,192,168,100,5,192,168,220,7
445.0,52321.0,TCP,0.0,1.0,108.0,0,192,168,100,5,192,168,220,14
49094.0,445.0,TCP,0.0,1.0,66.0,0,192,168,220,8,192,168,100,5
445.0,34743.0,TCP,0.0,1.0,108.0,0,192,168,100,5,192,168,220,11
445.0,43145.0,TCP,0.0,1.0,108.0,0,192,168,100,5,192,168,220,4
55385.0,80.0,TCP,0.005,5.0,479.0,1,192,168,220,16,192,168,100,6
55752.0,80.0,TCP,0.006,5.0,479.0,1,192,168,220,16,192,168,100,6
445.0,52321.0,TCP,0.0,1.0,108.0,0,192,168,100,5,192,168,220,14
46709.0,445.0,TCP,0.002,2.0,174.0,0,192,168,220,6,192,168,100,5
59822.0,80.0,TCP,0.005,5.0,479.0,1,192,168,220,16,192,168,100,6
445.0,58844.0,TCP,0.0,1.0,108.0,0,192,168,100,5,192,168,220,16
51357.0,766.0,TCP,0.0,1.0,58.0,1,192,168,220,16,192,168,200,9
58844.0,445.0,TCP,0.002,2.0,174.0,0,192,168,220,16,192,168,100,5
445.0,40239.0,TCP,0.0,1.0,108.0,0,192,168,100,5,192,168,220,10
46709.0,445.0,TCP,0.0,1.0,66.0,0,192,168,220,6,192,168,100,5
445.0,48888.0,TCP,0.0,1.0,108.0,0,192,168,100,5,192,168,220,15
445.0,58844.0,TCP,0.0,1.0,108.0,0,192,168,100,5,192,168,220,16
37884.0,445.0,TCP,0.002,2.0,174.0,0,192,168,220,9,192,168,100,5
445.0,49094.0,TCP,0.0,1.0,108.0,0,192,168,100,5,192,168,220,8
58522.0,80.0,TCP,0.006,5.0,479.0,1,192,168,220,16,192,168,100,6
445.0,34743.0,TCP,0.0,1.0,108.0,0,192,168,100,5,192,168,220,11
56087.0,80.0,TCP,0.002,5.0,479.0,1,192,168,220,16,192,168,100,6
445.0,34743.0,TCP,0.0,1.0,108.0,0,192,168,100,5,192,168,220,11
48888.0,445.0,TCP,0.002,2.0,174.0,0,192,168,220,15,192,168,100,5
445.0,46808.0,TCP,0.0,1.0,108.0,0,192,168,100,5,192,168,200,5
445.0,52321.0,TCP,0.0,1.0,70.0,0,192,168,100,5,192,168,220,14
51146.0,445.0,TCP,0.001,2.0,174.0,0,192,168,220,5,192,168,100,5
58235.0,80.0,TCP,0.006,5.0,479.0,1,192,168,220,16,192,168,100,6
445.0,52321.0,TCP,0.0,1.0,108.0,0,192,168,100,5,192,168,220,14
46756.0,32780.0,TCP,0.0,1.0,58.0,1,192,168,220,16,192,168,210,1
138.0,138.0,UDP,0.0,2.0,514.0,0,192,168,220,9,192,168,220,255
445.0,58844.0,TCP,0.0,1.0,108.0,0,192,168,100,5,192,168,220,16
445.0,37884.0,TCP,0.0,1.0,108.0,0,192,168,100,5,192,168,220,9
46709.0,445.0,TCP,0.004,2.0,174.0,0,192,168,220,6,192,168,100,5
37884.0,445.0,TCP,0.005,2.0,174.0,0,192,168,220,9,192,168,100,5
58844.0,445.0,TCP,0.0,1.0,66.0,0,192,168,220,16,192,168,100,5
58844.0,445.0,TCP,0.003,2.0,174.0,0,192,168,220,16,192,168,100,5
49094.0,445.0,TCP,0.004,2.0,174.0,0,192,168,220,8,192,168,100,5
60672.0,80.0,TCP,0.004,5.0,479.0,1,192,168,220,16,192,168,100,6
58333.0,80.0,TCP,0.003,6.0,545.0,1,192,168,220,16,192,168,100,6
58378.0,80.0,TCP,0.006,5.0,479.0,1,192,168,220,16,192,168,100,6
58411.0,80.0,TCP,0.004,5.0,479.0,1,192,168,220,16,192,168,100,6
48888.0,445.0,TCP,0.002,2.0,174.0,0,192,168,220,15,192,168,100,5
35404.0,80.0,TCP,0.006,5.0,479.0,1,192,168,220,16,192,168,100,6
33142.0,80.0,TCP,0.004,6.0,545.0,1,192,168,220,16,192,168,100,6
46808.0,445.0,TCP,0.003,2.0,174.0,0,192,168,200,5,192,168,100,5
46808.0,445.0,TCP,0.003,2.0,174.0,0,192,168,200,5,192,168,100,5
56849.0,80.0,TCP,0.004,5.0,479.0,1,192,168,220,16,192,168,100,6
49094.0,445.0,TCP,0.0,1.0,66.0,0,192,168,220,8,192,168,100,5
51357.0,1061.0,TCP,0.0,1.0,58.0,1,192,168,220,16,192,168,200,8
445.0,51146.0,TCP,0.0,1.0,108.0,0,192,168,100,5,192,168,220,5
137.0,137.0,UDP,0.0,1.0,92.0,0,192,168,220,13,192,168,220,255
445.0,43145.0,TCP,0.0,1.0,108.0,0,192,168,100,5,192,168,220,4
59855.0,80.0,TCP,0.004,5.0,479.0,1,192,168,220,16,192,168,100,6
60343.0,80.0,TCP,0.005,5.0,479.0,1,192,168,220,16,192,168,100,6
445.0,60689.0,TCP,0.0,1.0,108.0,0,192,168,100,5,192,168,220,13
137.0,137.0,UDP,0.0,1.0,92.0,0,192,168,220,3,192,168,220,255
445.0,46709.0,TCP,0.0,1.0,108.0,0,192,168,100,5,192,168,220,6
59618.0,80.0,TCP,0.005,5.0,479.0,1,192,168,220,16,192,168,100,6
49094.0,445.0,TCP,0.003,2.0,174.0,0,192,168,220,8,192,168,100,5
51357.0,2383.0,TCP,0.0,1.0,58.0,1,192,168,220,16,192,168,200,8
445.0,52321.0,TCP,0.0,1.0,108.0,0,192,168,100,5,192,168,220,14
37279.0,80.0,TCP,0.005,5.0,479.0,1,192,168,220,16,192,168,100,6
445.0,49094.0,TCP,0.0,1.0,108.0,0,192,168,100,5,192,168,220,8
49511.0,445.0,TCP,0.005,2.0,174.0,0,192,168,220,12,192,168,100,5
60619.0,80.0,TCP,0.004,5.0,479.0,1,192,168,220,16,192,168,100,6
40239.0,445.0,TCP,0.002,2.0,174.0,0,192,168,220,10,192,168,100,5
51146.0,445.0,TCP,0.003,2.0,174.0,0,192,168,220,5,192,168,100,5
445.0,58844.0,TCP,0.0,1.0,108.0,0,192,168,100,5,192,168,220,16
33016.0,80.0,TCP,0.003,6.0,545.0,1,192,168,220,16,192,168,100,6
37884.0,445.0,TCP,0.004,2.0,174.0,0,192,168,220,9,192,168,100,5
34743.0,445.0,TCP,0.004,2.0,174.0,0,192,168,220,11,192,168,100,5
60634.0,80.0,TCP,0.005,6.0,545.0,1,192,168,220,16,192,168,100,6
49094.0,445.0,TCP,0.004,2.0,174.0,0,192,168,220,8,192,168,100,5
34123.0,80.0,TCP,0.006,6.0,545.0,1,192,168,220,16,192,168,100,6
35802.0,80.0,TCP,0.004,5.0,479.0,1,192,168,220,16,192,168,100,6
35121.0,80.0,TCP,0.002,6.0,545.0,1,192,168,220,16,192,168,100,6
37191.0,445.0,TCP,0.003,2.0,174.0,0,192,168,220,7,192,168,100,5
57927.0,80.0,TCP,0.002,5.0,479.0,1,192,168,220,16,192,168,100,6
445.0,37884.0,TCP,0.0,1.0,108.0,0,192,168,100,5,192,168,220,9
51357.0,7100.0,TCP,0.0,1.0,58.0,1,192,168,220,16,192,168,200,2
58844.0,445.0,TCP,0.003,2.0,174.0,0,192,168,220,16,192,168,100,5
58490.0,80.0,TCP,0.006,5.0,479.0,1,192,168,220,16,192,168,100,6
49511.0,445.0,TCP,0.005,2.0,174.0,0,192,168,220,12,192,168,100,5
34503.0,80.0,TCP,0.004,5.0,479.0,1,192,168,220,16,192,168,100,6
445.0,43145.0,TCP,0.0,1.0,108.0,0,192,168,100,5,192,168,220,4
51357.0,1177.0,TCP,0.0,1.0,58.0,1,192,168,220,16,192,168,200,5
445.0,58844.0,TCP,0.0,1.0,108.0,0,192,168,100,5,192,168,220,16
445.0,37884.0,TCP,0.0,1.0,108.0,0,192,168,100,5,192,168,220,9
445.0,51146.0,TCP,0.0,1.0,108.0,0,192,168,100,5,192,168,220,5
445.0,37884.0,TCP,0.0,1.0,108.0,0,192,168,100,5,192,168,220,9
51146.0,445.0,TCP,0.002,2.0,174.0,0,192,168,220,5,192,168,100,5
51357.0,1711.0,TCP,0.0,1.0,58.0,1,192,168,220,16,192,168,200,2
445.0,46808.0,TCP,0.0,1.0,108.0,0,192,168,100,5,192,168,200,5
445.0,37884.0,TCP,0.0,1.0,108.0,0,192,168,100,5,192,168,220,9
51357.0,1049.0,TCP,0.0,1.0,58.0,1,192,168,220,16,192,168,200,8
40239.0,445.0,TCP,0.003,2.0,174.0,0,192,168,220,10,192,168,100,5
37191.0,445.0,TCP,0.004,2.0,174.0,0,192,168,220,7,192,168,100,5
59830.0,80.0,TCP,0.006,5.0,479.0,1,192,168,220,16,192,168,100,6
445.0,46808.0,TCP,0.0,1.0,108.0,0,192,168,100,5,192,168,200,5
58844.0,445.0,TCP,0.001,2.0,174.0,0,192,168,220,16,192,168,100,5
445.0,43183.0,TCP,0.0,1.0,108.0,0,192,168,100,5,192,168,200,4
46709.0,445.0,TCP,0.004,2.0,174.0,0,192,168,220,6,192,168,100,5
56440.0,80.0,TCP,0.005,5.0,479.0,1,192,168,220,16,192,168,100,6
445.0,34743.0,TCP,0.0,1.0,108.0,0,192,168,100,5,192,168,220,11
33184.0,80.0,TCP,0.004,5.0,479.0,1,192,168,220,16,192,168,100,6
49511.0,445.0,TCP,0.001,2.0,174.0,0,192,168,220,12,192,168,100,5
59096.0,80.0,TCP,0.003,5.0,479.0,1,192,168,220,16,192,168,100,6
56758.0,80.0,TCP,0.003,5.0,479.0,1,192,168,220,16,192,168,100,6
445.0,51146.0,TCP,0.0,1.0,108.0,0,192,168,100,5,192,168,220,5
51357.0,1234.0,TCP,0.0,1.0,58.0,1,192,168,220,16,192,168,200,3
56173.0,80.0,TCP,0.006,5.0,479.0,1,192,168,220,16,192,168,100,6
58214.0,80.0,TCP,0.004,6.0,545.0,1,192,168,220,16,192,168,100,6
56151.0,80.0,TCP,0.004,6.0,545.0,1,192,168,220,16,192,168,100,6
60637.0,80.0,TCP,0.004,6.0,545.0,1,192,168,220,16,192,168,100,6
445.0,49511.0,TCP,0.0,1.0,108.0,0,192,168,100,5,192,168,220,12
445.0,46808.0,TCP,0.0,1.0,70.0,0,192,168,100,5,192,168,200,5
43145.0,445.0,TCP,0.004,2.0,174.0,0,192,168,220,4,192,168,100,5
445.0,51146.0,TCP,0.0,1.0,108.0,0,192,168,100,5,192,168,220,5
445.0,58844.0,TCP,0.0,1.0,108.0,0,192,168,100,5,192,168,220,16
445.0,48888.0,TCP,0.0,1.0,108.0,0,192,168,100,5,192,168,220,15
59097.0,80.0,TCP,0.006,5.0,479.0,1,192,168,220,16,192,168,100,6
60162.0,80.0,TCP,0.006,5.0,479.0,1,192,168,220,16,192,168,100,6
34836.0,80.0,TCP,0.004,6.0,545.0,1,192,168,220,16,192,168,100,6
56534.0,80.0,TCP,0.002,5.0,479.0,1,192,168,220,16,192,168,100,6
137.0,137.0,UDP,0.0,1.0,92.0,0,192,168,220,14,192,168,220,255
37884.0,445.0,TCP,0.002,2.0,174.0,0,192,168,220,9,192,168,100,5
58523.0,80.0,TCP,0.005,5.0,479.0,1,192,168,220,16,192,168,100,6
137.0,137.0,UDP,0.0,1.0,92.0,0,192,168,220,12,192,168,220,255
49094.0,445.0,TCP,0.003,2.0,174.0,0,192,168,220,8,192,168,100,5
445.0,51146.0,TCP,0.0,1.0,108.0,0,192,168,100,5,192,168,220,5
51357.0,1094.0,TCP,0.0,1.0,58.0,1,192,168,220,16,192,168,200,5
445.0,58844.0,TCP,0.0,1.0,108.0,0,192,168,100,5,192,168,220,16
59091.0,80.0,TCP,0.005,5.0,479.0,1,192,168,220,16,192,168,100,6
52321.0,445.0,TCP,0.0,1.0,66.0,0,192,168,220,14,192,168,100,5
43145.0,445.0,TCP,0.003,2.0,174.0,0,192,168,220,4,192,168,100,5
58727.0,80.0,TCP,0.003,5.0,479.0,1,192,168,220,16,192,168,100,6
58258.0,80.0,TCP,0.004,5.0,479.0,1,192,168,220,16,192,168,100,6
445.0,52321.0,TCP,0.0,1.0,108.0,0,192,168,100,5,192,168,220,14
34789.0,80.0,TCP,0.003,5.0,479.0,1,192,168,220,16,192,168,100,6
445.0,34743.0,TCP,0.0,1.0,108.0,0,192,168,100,5,192,168,220,11
40239.0,445.0,TCP,0.004,2.0,174.0,0,192,168,220,10,192,168,100,5
445.0,48888.0,TCP,0.0,1.0,70.0,0,192,168,100,5,192,168,220,15
138.0,138.0,UDP,0.0,2.0,511.0,0,192,168,100,3,192,168,100,255
51357.0,1057.0,TCP,0.0,1.0,58.0,0,192,168,220,16,192,168,200,1
57416.0,80.0,TCP,0.006,5.0,479.0,1,192,168,220,16,192,168,100,6
37884.0,445.0,TCP,0.002,2.0,174.0,0,192,168,220,9,192,168,100,5
60689.0,445.0,TCP,0.0,1.0,66.0,0,192,168,220,13,192,168,100,5
37191.0,445.0,TCP,0.0,1.0,66.0,0,192,168,220,7,192,168,100,5
60084.0,80.0,TCP,0.005,5.0,479.0,1,192,168,220,16,192,168,100,6
49094.0,445.0,TCP,0.004,2.0,174.0,0,192,168,220,8,192,168,100,5
59530.0,80.0,TCP,0.003,5.0,479.0,1,192,168,220,16,192,168,100,6
445.0,52321.0,TCP,0.0,1.0,108.0,0,192,168,100,5,192,168,220,14
445.0,51146.0,TCP,0.0,1.0,108.0,0,192,168,100,5,192,168,220,5
51357.0,1287.0,TCP,0.0,1.0,58.0,1,192,168,220,16,192,168,200,4
56712.0,80.0,TCP,0.004,5.0,479.0,1,192,168,220,16,192,168,100,6
445.0,46808.0,TCP,0.0,1.0,108.0,0,192,168,100,5,192,168,200,5
49511.0,445.0,TCP,0.0,1.0,66.0,0,192,168,220,12,192,168,100,5
51146.0,445.0,TCP,0.0,1.0,66.0,0,192,168,220,5,192,168,100,5
43145.0,445.0,TCP,0.0,1.0,66.0,0,192,168,220,4,192,168,100,5
37191.0,445.0,TCP,0.004,2.0,174.0,0,192,168,220,7,192,168,100,5
51358.0,3071.0,TCP,0.0,1.0,58.0,1,192,168,220,16,192,168,200,9
445.0,52321.0,TCP,0.0,1.0,70.0,0,192,168,100,5,192,168,220,14
58922.0,80.0,TCP,0.006,5.0,479.0,1,192,168,220,16,192,168,100,6
445.0,48888.0,TCP,0.0,1.0,108.0,0,192,168,100,5,192,168,220,15
445.0,37191.0,TCP,0.0,1.0,108.0,0,192,168,100,5,192,168,220,7
445.0,43183.0,TCP,0.0,1.0,108.0,0,192,168,100,5,192,168,200,4
58412.0,80.0,TCP,0.006,5.0,479.0,1,192,168,220,16,192,168,100,6
60076.0,80.0,TCP,0.003,5.0,479.0,1,192,168,220,16,192,168,100,6
445.0,52321.0,TCP,0.0,1.0,108.0,0,192,168,100,5,192,168,220,14
56272.0,80.0,TCP,0.005,5.0,479.0,1,192,168,220,16,192,168,100,6
51358.0,5862.0,TCP,0.0,1.0,58.0,1,192,168,220,16,192,168,200,8
445.0,37884.0,TCP,0.0,1.0,108.0,0,192,168,100,5,192,168,220,9
445.0,49511.0,TCP,0.0,1.0,108.0,0,192,168,100,5,192,168,220,12
33615.0,80.0,TCP,0.006,5.0,479.0,1,192,168,220,16,192,168,100,6
57827.0,80.0,TCP,0.004,6.0,545.0,1,192,168,220,16,192,168,100,6
37884.0,445.0,TCP,0.004,2.0,174.0,0,192,168,220,9,192,168,100,5
36566.0,80.0,TCP,0.003,5.0,479.0,1,192,168,220,16,192,168,100,6
47957.0,587.0,TCP,0.094,4.0,574.0,0,192,168,220,5,192,168,100,4
56030.0,80.0,TCP,0.004,5.0,479.0,1,192,168,220,16,192,168,100,6
49094.0,445.0,TCP,0.002,2.0,174.0,0,192,168,220,8,192,168,100,5
34743.0,445.0,TCP,0.0,2.0,174.0,0,192,168,220,11,192,168,100,5
445.0,48888.0,TCP,0.0,1.0,108.0,0,192,168,100,5,192,168,220,15
445.0,40239.0,TCP,0.0,1.0,108.0,0,192,168,100,5,192,168,220,10
445.0,48888.0,TCP,0.0,1.0,108.0,0,192,168,100,5,192,168,220,15
59975.0,80.0,TCP,0.004,5.0,479.0,1,192,168,220,16,192,168,100,6
58343.0,80.0,TCP,0.005,5.0,479.0,1,192,168,220,16,192,168,100,6
60689.0,80.0,TCP,0.005,5.0,479.0,1,192,168,220,16,192,168,100,6
137.0,137.0,UDP,0.0,1.0,92.0,0,192,168,220,4,192,168,220,255
59831.0,80.0,TCP,0.005,6.0,545.0,1,192,168,220,16,192,168,100,6
58809.0,80.0,TCP,0.003,5.0,479.0,1,192,168,220,16,192,168,100,6
51465.0,25.0,TCP,0.0,1.0,58.0,1,192,168,220,16,192,168,200,5
445.0,46808.0,TCP,0.0,1.0,108.0,0,192,168,100,5,192,168,200,5
55434.0,80.0,TCP,0.002,6.0,545.0,1,192,168,220,16,192,168,100,6
445.0,40239.0,TCP,0.0,1.0,108.0,0,192,168,100,5,192,168,220,10
34191.0,80.0,TCP,0.004,5.0,479.0,1,192,168,220,16,192,168,100,6
445.0,37884.0,TCP,0.0,1.0,108.0,0,192,168,100,5,192,168,220,9
445.0,58844.0,TCP,0.0,1.0,108.0,0,192,168,100,5,192,168,220,16
33775.0,80.0,TCP,0.006,5.0,479.0,1,192,168,220,16,192,168,100,6
59619.0,80.0,TCP,0.004,5.0,479.0,1,192,168,220,16,192,168,100,6
60331.0,80.0,TCP,0.005,5.0,479.0,1,192,168,220,16,192,168,100,6
57839.0,80.0,TCP,0.002,5.0,479.0,1,192,168,220,16,192,168,100,6
60999.0,80.0,TCP,0.006,5.0,479.0,1,192,168,220,16,192,168,100,6
59113.0,80.0,TCP,0.005,5.0,479.0,1,192,168,220,16,192,168,100,6
35202.0,80.0,TCP,0.003,6.0,545.0,1,192,168,220,16,192,168,100,6
445.0,37884.0,TCP,0.0,1.0,108.0,0,192,168,100,5,192,168,220,9
445.0,43145.0,TCP,0.0,1.0,108.0,0,192,168,100,5,192,168,220,4
56513.0,80.0,TCP,0.006,5.0,479.0,1,192,168,220,16,192,168,100,6
57917.0,80.0,TCP,0.003,5.0,479.0,1,192,168,220,16,192,168,100,6
137.0,137.0,UDP,0.0,1.0,92.0,0,192,168,220,14,192,168,220,255
59923.0,80.0,TCP,0.003,5.0,479.0,1,192,168,220,16,192,168,100,6
445.0,49511.0,TCP,0.0,1.0,108.0,0,192,168,100,5,192,168,220,12
445.0,34743.0,TCP,0.0,1.0,108.0,0,192,168,100,5,192,168,220,11
60689.0,445.0,TCP,0.0,1.0,66.0,0,192,168,220,13,192,168,100,5
445.0,43183.0,TCP,0.0,1.0,108.0,0,192,168,100,5,192,168,200,4
58534.0,80.0,TCP,0.006,6.0,545.0,1,192,168,220,16,192,168,100,6
445.0,48888.0,TCP,0.0,1.0,108.0,0,192,168,100,5,192,168,220,15
59464.0,80.0,TCP,0.005,5.0,479.0,1,192,168,220,16,192,168,100,6
445.0,40239.0,TCP,0.0,1.0,108.0,0,192,168,100,5,192,168,220,10
60689.0,445.0,TCP,0.005,2.0,174.0,0,192,168,220,13,192,168,100,5
60830.0,80.0,TCP,0.005,5.0,479.0,1,192,168,220,16,192,168,100,6
59453.0,80.0,TCP,0.005,5.0,479.0,1,192,168,220,16,192,168,100,6
445.0,43183.0,TCP,0.0,1.0,108.0,0,192,168,100,5,192,168,200,4
445.0,49094.0,TCP,0.0,1.0,108.0,0,192,168,100,5,192,168,220,8
445.0,49511.0,TCP,0.0,1.0,70.0,0,192,168,100,5,192,168,220,12
52321.0,445.0,TCP,0.003,2.0,174.0,0,192,168,220,14,192,168,100,5
60689.0,80.0,TCP,0.003,5.0,479.0,1,192,168,220,16,192,168,100,6
138.0,138.0,UDP,0.0,1.0,243.0,0,192,168,200,8,192,168,200,255
60725.0,80.0,TCP,0.004,6.0,545.0,1,192,168,220,16,192,168,100,6
37191.0,445.0,TCP,0.005,2.0,174.0,0,192,168,220,7,192,168,100,5
37191.0,445.0,TCP,0.002,2.0,174.0,0,192,168,220,7,192,168,100,5
445.0,43145.0,TCP,0.0,1.0,108.0,0,192,168,100,5,192,168,220,4
36005.0,80.0,TCP,0.006,5.0,479.0,1,192,168,220,16,192,168,100,6
58844.0,445.0,TCP,0.0,1.0,66.0,0,192,168,220,16,192,168,100,5
33425.0,80.0,TCP,0.005,5.0,479.0,1,192,168,220,16,192,168,100,6
60770.0,80.0,TCP,0.006,6.0,545.0,1,192,168,220,16,192,168,100,6
445.0,49511.0,TCP,0.0,1.0,108.0,0,192,168,100,5,192,168,220,12
58698.0,80.0,TCP,0.005,6.0,545.0,1,192,168,220,16,192,168,100,6
445.0,58844.0,TCP,0.0,1.0,108.0,0,192,168,100,5,192,168,220,16
43183.0,445.0,TCP,0.0,1.0,66.0,0,192,168,200,4,192,168,100,5
445.0,43183.0,TCP,0.0,1.0,108.0,0,192,168,100,5,192,168,200,4
51357.0,2073.0,TCP,0.0,1.0,58.0,1,192,168,220,16,192,168,200,5
60689.0,445.0,TCP,0.005,2.0,174.0,0,192,168,220,13,192,168,100,5
445.0,48888.0,TCP,0.0,1.0,108.0,0,192,168,100,5,192,168,220,15
57735.0,80.0,TCP,0.005,5.0,479.0,1,192,168,220,16,192,168,100,6
33430.0,80.0,TCP,0.002,5.0,479.0,1,192,168,220,16,192,168,100,6
51357.0,514.0,TCP,0.0,1.0,58.0,1,192,168,220,16,192,168,200,3
137.0,137.0,UDP,0.0,1.0,92.0,0,192,168,220,15,192,168,220,255
37191.0,445.0,TCP,0.002,2.0,174.0,0,192,168,220,7,192,168,100,5
137.0,137.0,UDP,0.0,1.0,92.0,0,192,168,100,4,192,168,100,255
138.0,138.0,UDP,0.0,1.0,262.0,0,192,168,220,14,192,168,220,255
37191.0,445.0,TCP,0.002,2.0,174.0,0,192,168,220,7,192,168,100,5
60612.0,80.0,TCP,0.005,5.0,479.0,1,192,168,220,16,192,168,100,6
43145.0,445.0,TCP,0.003,2.0,174.0,0,192,168,220,4,192,168,100,5
445.0,58844.0,TCP,0.0,1.0,108.0,0,192,168,100,5,192,168,220,16
51357.0,9129.0,TCP,0.0,1.0,58.0,1,192,168,220,16,192,168,200,1
445.0,34743.0,TCP,0.0,1.0,108.0,0,192,168,100,5,192,168,220,11
46709.0,445.0,TCP,0.003,2.0,174.0,0,192,168,220,6,192,168,100,5
57623.0,80.0,TCP,0.005,6.0,545.0,1,192,168,220,16,192,168,100,6
59943.0,80.0,TCP,0.004,5.0,479.0,1,192,168,220,16,192,168,100,6
57794.0,80.0,TCP,0.004,6.0,545.0,1,192,168,220,16,192,168,100,6
59078.0,80.0,TCP,0.004,5.0,479.0,1,192,168,220,16,192,168,100,6
58844.0,445.0,TCP,0.005,2.0,174.0,0,192,168,220,16,192,168,100,5
51357.0,10621.0,TCP,0.0,1.0,58.0,1,192,168,220,16,192,168,200,1
37235.0,80.0,TCP,0.006,5.0,479.0,1,192,168,220,16,192,168,100,6
43183.0,445.0,TCP,0.004,2.0,174.0,0,192,168,200,4,192,168,100,5
56931.0,80.0,TCP,0.004,5.0,479.0,1,192,168,220,16,192,168,100,6
35372.0,80.0,TCP,0.002,6.0,545.0,1,192,168,220,16,192,168,100,6
445.0,37191.0,TCP,0.0,1.0,108.0,0,192,168,100,5,192,168,220,7
445.0,46709.0,TCP,0.0,1.0,108.0,0,192,168,100,5,192,168,220,6
35346.0,80.0,TCP,0.005,5.0,479.0,1,192,168,220,16,192,168,100,6
48888.0,445.0,TCP,0.001,2.0,174.0,0,192,168,220,15,192,168,100,5
58844.0,445.0,TCP,0.005,2.0,174.0,0,192,168,220,16,192,168,100,5
58186.0,80.0,TCP,0.004,5.0,479.0,1,192,168,220,16,192,168,100,6
445.0,46808.0,TCP,0.0,1.0,108.0,0,192,168,100,5,192,168,200,5
46709.0,445.0,TCP,0.004,2.0,174.0,0,192,168,220,6,192,168,100,5
36927.0,80.0,TCP,0.006,5.0,479.0,1,192,168,220,16,192,168,100,6
33989.0,80.0,TCP,0.002,5.0,479.0,1,192,168,220,16,192,168,100,6
56884.0,80.0,TCP,0.006,5.0,479.0,1,192,168,220,16,192,168,100,6
56421.0,80.0,TCP,0.003,6.0,545.0,1,192,168,220,16,192,168,100,6
59073.0,80.0,TCP,0.006,5.0,479.0,1,192,168,220,16,192,168,100,6
445.0,40239.0,TCP,0.0,1.0,70.0,0,192,168,100,5,192,168,220,10
57924.0,80.0,TCP,0.004,5.0,479.0,1,192,168,220,16,192,168,100,6
49511.0,445.0,TCP,0.005,2.0,174.0,0,192,168,220,12,192,168,100,5
46709.0,445.0,TCP,0.005,2.0,174.0,0,192,168,220,6,192,168,100,5
57832.0,80.0,TCP,0.004,5.0,479.0,1,192,168,220,16,192,168,100,6
445.0,37191.0,TCP,0.0,1.0,108.0,0,192,168,100,5,192,168,220,7
51357.0,917.0,TCP,0.0,1.0,58.0,1,192,168,220,16,192,168,200,2
57958.0,80.0,TCP,0.005,5.0,479.0,1,192,168,220,16,192,168,100,6
56424.0,80.0,TCP,0.004,5.0,479.0,1,192,168,220,16,192,168,100,6
59058.0,80.0,TCP,0.004,6.0,545.0,1,192,168,220,16,192,168,100,6
46808.0,445.0,TCP,0.004,2.0,174.0,0,192,168,200,5,192,168,100,5
445.0,37884.0,TCP,0.0,1.0,108.0,0,192,168,100,5,192,168,220,9
60820.0,80.0,TCP,0.005,5.0,479.0,1,192,168,220,16,192,168,100,6
37191.0,445.0,TCP,0.002,2.0,174.0,0,192,168,220,7,192,168,100,5
52321.0,445.0,TCP,0.002,2.0,174.0,0,192,168,220,14,192,168,100,5
56852.0,80.0,TCP,0.002,6.0,545.0,1,192,168,220,16,192,168,100,6
445.0,43145.0,TCP,0.0,1.0,108.0,0,192,168,100,5,192,168,220,4
58240.0,80.0,TCP,0.004,5.0,479.0,1,192,168,220,16,192,168,100,6
37884.0,445.0,TCP,0.004,2.0,174.0,0,192,168,220,9,192,168,100,5
51357.0,1035.0,TCP,0.0,1.0,58.0,1,192,168,220,16,192,168,200,8
137.0,137.0,UDP,0.0,1.0,92.0,0,192,168,220,4,192,168,220,255
445.0,46808.0,TCP,0.0,1.0,108.0,0,192,168,100,5,192,168,200,5
445.0,48888.0,TCP,0.0,1.0,70.0,0,192,168,100,5,192,168,220,15
46808.0,445.0,TCP,0.0,1.0,66.0,0,192,168,200,5,192,168,100,5
36577.0,80.0,TCP,0.003,5.0,479.0,1,192,168,220,16,192,168,100,6
445.0,43145.0,TCP,0.0,1.0,108.0,0,192,168,100,5,192,168,220,4
445.0,43145.0,TCP,0.0,1.0,108.0,0,192,168,100,5,192,168,220,4
35090.0,80.0,TCP,0.005,5.0,479.0,1,192,168,220,16,192,168,100,6
51357.0,30.0,TCP,0.0,1.0,58.0,1,192,168,220,16,192,168,200,8
59077.0,80.0,TCP,0.004,5.0,479.0,1,192,168,220,16,192,168,100,6
34743.0,445.0,TCP,0.002,2.0,174.0,0,192,168,220,11,192,168,100,5
445.0,46709.0,TCP,0.0,1.0,108.0,0,192,168,100,5,192,168,220,6
48888.0,445.0,TCP,0.003,2.0,174.0,0,192,168,220,15,192,168,100,5
59092.0,80.0,TCP,0.003,6.0,545.0,1,192,168,220,16,192,168,100,6
445.0,60689.0,TCP,0.0,1.0,108.0,0,192,168,100,5,192,168,220,13
34743.0,445.0,TCP,0.005,2.0,174.0,0,192,168,220,11,192,168,100,5
36090.0,80.0,TCP,0.003,5.0,479.0,1,192,168,220,16,192,168,100,6
51357.0,1067.0,TCP,0.0,1.0,58.0,1,192,168,220,16,192,168,200,1
37884.0,445.0,TCP,0.004,2.0,174.0,0,192,168,220,9,192,168,100,5
51357.0,1063.0,TCP,0.0,1.0,58.0,1,192,168,220,16,192,168,200,8
445.0,58844.0,TCP,0.0,1.0,108.0,0,192,168,100,5,192,168,220,16
445.0,37884.0,TCP,0.0,1.0,108.0,0,192,168,100,5,192,168,220,9
445.0,34743.0,TCP,0.0,1.0,108.0,0,192,168,100,5,192,168,220,11
37884.0,445.0,TCP,0.005,2.0,174.0,0,192,168,220,9,192,168,100,5
59830.0,80.0,TCP,0.003,6.0,545.0,1,192,168,220,16,192,168,100,6
137.0,137.0,UDP,0.0,1.0,92.0,0,192,168,200,5,192,168,200,255
33363.0,80.0,TCP,0.004,5.0,479.0,1,192,168,220,16,192,168,100,6
58835.0,80.0,TCP,0.002,5.0,479.0,1,192,168,220,16,192,168,100,6
59077.0,80.0,TCP,0.0069999999999999,6.0,545.0,1,192,168,220,16,192,168,100,6
59369.0,80.0,TCP,0.006,5.0,479.0,1,192,168,220,16,192,168,100,6
51357.0,6405.0,TCP,0.0,1.0,58.0,1,192,168,220,16,192,168,200,1
58076.0,80.0,TCP,0.004,5.0,479.0,1,192,168,220,16,192,168,100,6
60737.0,80.0,TCP,0.003,5.0,479.0,1,192,168,220,16,192,168,100,6
445.0,40239.0,TCP,0.0,1.0,108.0,0,192,168,100,5,192,168,220,10
445.0,58844.0,TCP,0.0,1.0,108.0,0,192,168,100,5,192,168,220,16
445.0,49094.0,TCP,0.0,1.0,108.0,0,192,168,100,5,192,168,220,8
51357.0,4129.0,TCP,0.0,1.0,58.0,1,192,168,220,16,192,168,200,1
445.0,34743.0,TCP,0.0,1.0,108.0,0,192,168,100,5,192,168,220,11
445.0,49094.0,TCP,0.0,1.0,108.0,0,192,168,100,5,192,168,220,8
60689.0,445.0,TCP,0.004,2.0,174.0,0,192,168,220,13,192,168,100,5
445.0,43183.0,TCP,0.0,1.0,108.0,0,192,168,100,5,192,168,200,4
43183.0,445.0,TCP,0.005,2.0,174.0,0,192,168,200,4,192,168,100,5
58295.0,80.0,TCP,0.006,5.0,479.0,1,192,168,220,16,192,168,100,6
57914.0,80.0,TCP,0.003,6.0,545.0,1,192,168,220,16,192,168,100,6
445.0,34743.0,TCP,0.0,1.0,108.0,0,192,168,100,5,192,168,220,11
445.0,49094.0,TCP,0.0,1.0,108.0,0,192,168,100,5,192,168,220,8
57298.0,80.0,TCP,0.005,5.0,479.0,1,192,168,220,16,192,168,100,6
32841.0,80.0,TCP,0.004,6.0,545.0,1,192,168,220,16,192,168,100,6
48888.0,445.0,TCP,0.002,2.0,174.0,0,192,168,220,15,192,168,100,5
60767.0,80.0,TCP,0.003,5.0,479.0,1,192,168,220,16,192,168,100,6
51358.0,1055.0,TCP,0.0,1.0,58.0,1,192,168,220,16,192,168,200,9
37191.0,445.0,TCP,0.003,2.0,174.0,0,192,168,220,7,192,168,100,5
56696.0,80.0,TCP,0.006,5.0,479.0,1,192,168,220,16,192,168,100,6
35242.0,80.0,TCP,0.005,6.0,545.0,1,192,168,220,16,192,168,100,6
51357.0,1673.0,TCP,0.0,1.0,58.0,1,192,168,220,16,192,168,200,1
445.0,37191.0,TCP,0.0,1.0,108.0,0,192,168,100,5,192,168,220,7
445.0,52321.0,TCP,0.0,1.0,108.0,0,192,168,100,5,192,168,220,14
51357.0,5862.0,TCP,0.0,1.0,58.0,1,192,168,220,16,192,168,200,3
51358.0,1445.0,TCP,0.0,1.0,58.0,1,192,168,220,16,192,168,200,8
445.0,46709.0,TCP,0.0,1.0,108.0,0,192,168,100,5,192,168,220,6
32897.0,80.0,TCP,0.004,5.0,479.0,1,192,168,220,16,192,168,100,6
58933.0,80.0,TCP,0.003,5.0,479.0,1,192,168,220,16,192,168,100,6
445.0,34743.0,TCP,0.0,1.0,108.0,0,192,168,100,5,192,168,220,11
51146.0,445.0,TCP,0.004,2.0,174.0,0,192,168,220,5,192,168,100,5
56852.0,80.0,TCP,0.004,5.0,479.0,1,192,168,220,16,192,168,100,6
60619.0,80.0,TCP,0.001,5.0,479.0,1,192,168,220,16,192,168,100,6
37884.0,445.0,TCP,0.0,1.0,66.0,0,192,168,220,9,192,168,100,5
37884.0,445.0,TCP,0.003,2.0,174.0,0,192,168,220,9,192,168,100,5
51146.0,445.0,TCP,0.002,2.0,174.0,0,192,168,220,5,192,168,100,5
58864.0,80.0,TCP,0.003,5.0,479.0,1,192,168,220,16,192,168,100,6
445.0,52321.0,TCP,0.0,1.0,108.0,0,192,168,100,5,192,168,220,14
445.0,51146.0,TCP,0.0,1.0,108.0,0,192,168,100,5,192,168,220,5
137.0,137.0,UDP,0.0,1.0,92.0,0,192,168,220,8,192,168,220,255
59096.0,80.0,TCP,0.005,5.0,479.0,1,192,168,220,16,192,168,100,6
445.0,49511.0,TCP,0.0,1.0,108.0,0,192,168,100,5,192,168,220,12
445.0,48888.0,TCP,0.0,1.0,108.0,0,192,168,100,5,192,168,220,15
52321.0,445.0,TCP,0.004,2.0,174.0,0,192,168,220,14,192,168,100,5
46709.0,445.0,TCP,0.005,2.0,174.0,0,192,168,220,6,192,168,100,5
445.0,43145.0,TCP,0.0,1.0,108.0,0,192,168,100,5,192,168,220,4
43145.0,445.0,TCP,0.002,2.0,174.0,0,192,168,220,4,192,168,100,5
445.0,48888.0,TCP,0.0,1.0,108.0,0,192,168,100,5,192,168,220,15
33674.0,80.0,TCP,0.004,5.0,479.0,1,192,168,220,16,192,168,100,6
59239.0,80.0,TCP,0.0069999999999999,5.0,479.0,1,192,168,220,16,192,168,100,6
445.0,40239.0,TCP,0.0,1.0,108.0,0,192,168,100,5,192,168,220,10
445.0,60689.0,TCP,0.0,1.0,108.0,0,192,168,100,5,192,168,220,13
59302.0,80.0,TCP,0.006,6.0,545.0,1,192,168,220,16,192,168,100,6
36983.0,80.0,TCP,0.003,5.0,479.0,1,192,168,220,16,192,168,100,6
445.0,58844.0,TCP,0.0,1.0,108.0,0,192,168,100,5,192,168,220,16
60755.0,80.0,TCP,0.004,6.0,545.0,1,192,168,220,16,192,168,100,6
138.0,138.0,UDP,0.0,1.0,243.0,0,192,168,200,4,192,168,200,255
445.0,49094.0,TCP,0.0,1.0,108.0,0,192,168,100,5,192,168,220,8
58535.0,80.0,TCP,0.003,6.0,545.0,1,192,168,220,16,192,168,100,6
445.0,52321.0,TCP,0.0,1.0,108.0,0,192,168,100,5,192,168,220,14
138.0,138.0,UDP,0.0,1.0,262.0,0,192,168,220,7,192,168,220,255
34743.0,445.0,TCP,0.004,2.0,174.0,0,192,168,220,11,192,168,100,5
33700.0,80.0,TCP,0.006,5.0,479.0,1,192,168,220,16,192,168,100,6
445.0,40239.0,TCP,0.0,1.0,108.0,0,192,168,100,5,192,168,220,10
59815.0,80.0,TCP,0.004,5.0,479.0,1,192,168,220,16,192,168,100,6
56534.0,80.0,TCP,0.004,5.0,479.0,1,192,168,220,16,192,168,100,6
52321.0,445.0,TCP,0.004,2.0,174.0,0,192,168,220,14,192,168,100,5
445.0,49511.0,TCP,0.0,1.0,108.0,0,192,168,100,5,192,168,220,12
58702.0,80.0,TCP,0.002,5.0,479.0,1,192,168,220,16,192,168,100,6
445.0,60689.0,TCP,0.0,1.0,108.0,0,192,168,100,5,192,168,220,13
57592.0,80.0,TCP,0.005,5.0,479.0,1,192,168,220,16,192,168,100,6
33938.0,80.0,TCP,0.004,5.0,479.0,1,192,168,220,16,192,168,100,6
57793.0,80.0,TCP,0.005,5.0,479.0,1,192,168,220,16,192,168,100,6
59136.0,80.0,TCP,0.003,5.0,479.0,1,192,168,220,16,192,168,100,6
60689.0,445.0,TCP,0.002,2.0,174.0,0,192,168,220,13,192,168,100,5
59951.0,80.0,TCP,0.003,6.0,545.0,1,192,168,220,16,192,168,100,6
445.0,37884.0,TCP,0.0,1.0,108.0,0,192,168,100,5,192,168,220,9
445.0,37191.0,TCP,0.0,1.0,108.0,0,192,168,100,5,192,168,220,7
52321.0,445.0,TCP,0.0,1.0,66.0,0,192,168,220,14,192,168,100,5
445.0,37884.0,TCP,0.0,1.0,108.0,0,192,168,100,5,192,168,220,9
48888.0,445.0,TCP,0.002,2.0,174.0,0,192,168,220,15,192,168,100,5
46808.0,445.0,TCP,0.002,2.0,174.0,0,192,168,200,5,192,168,100,5
49511.0,445.0,TCP,0.004,2.0,174.0,0,192,168,220,12,192,168,100,5
58833.0,80.0,TCP,0.004,6.0,545.0,1,192,168,220,16,192,168,100,6
445.0,40239.0,TCP,0.0,1.0,108.0,0,192,168,100,5,192,168,220,10
33679.0,80.0,TCP,0.004,5.0,479.0,1,192,168,220,16,192,168,100,6
445.0,49094.0,TCP,0.0,1.0,108.0,0,192,168,100,5,192,168,220,8
34198.0,80.0,TCP,0.006,5.0,479.0,1,192,168,220,16,192,168,100,6
60388.0,80.0,TCP,0.004,5.0,479.0,1,192,168,220,16,192,168,100,6
43145.0,445.0,TCP,0.002,2.0,174.0,0,192,168,220,4,192,168,100,5
56805.0,80.0,TCP,0.006,5.0,479.0,1,192,168,220,16,192,168,100,6
59157.0,80.0,TCP,0.005,5.0,479.0,1,192,168,220,16,192,168,100,6
445.0,34743.0,TCP,0.0,1.0,108.0,0,192,168,100,5,192,168,220,11
57278.0,80.0,TCP,0.006,6.0,545.0,1,192,168,220,16,192,168,100,6
60801.0,80.0,TCP,0.004,5.0,479.0,1,192,168,220,16,192,168,100,6
138.0,138.0,UDP,0.0,2.0,514.0,0,192,168,220,11,192,168,220,255
37884.0,445.0,TCP,0.002,2.0,174.0,0,192,168,220,9,192,168,100,5
34272.0,80.0,TCP,0.004,5.0,479.0,1,192,168,220,16,192,168,100,6
56975.0,80.0,TCP,0.006,5.0,479.0,1,192,168,220,16,192,168,100,6
445.0,51146.0,TCP,0.0,1.0,70.0,0,192,168,100,5,192,168,220,5
58809.0,80.0,TCP,0.002,5.0,479.0,1,192,168,220,16,192,168,100,6
48888.0,445.0,TCP,0.003,2.0,174.0,0,192,168,220,15,192,168,100,5
445.0,40239.0,TCP,0.0,1.0,108.0,0,192,168,100,5,192,168,220,10
445.0,37191.0,TCP,0.0,1.0,108.0,0,192,168,100,5,192,168,220,7
445.0,40239.0,TCP,0.0,1.0,108.0,0,192,168,100,5,192,168,220,10
58642.0,80.0,TCP,0.002,5.0,479.0,1,192,168,220,16,192,168,100,6
34743.0,445.0,TCP,0.003,2.0,174.0,0,192,168,220,11,192,168,100,5
36817.0,80.0,TCP,0.002,5.0,479.0,1,192,168,220,16,192,168,100,6
59997.0,80.0,TCP,0.004,5.0,479.0,1,192,168,220,16,192,168,100,6
35127.0,80.0,TCP,0.004,5.0,479.0,1,192,168,220,16,192,168,100,6
35607.0,80.0,TCP,0.006,6.0,545.0,1,192,168,220,16,192,168,100,6
36107.0,80.0,TCP,0.005,5.0,479.0,1,192,168,220,16,192,168,100,6
49511.0,445.0,TCP,0.005,2.0,174.0,0,192,168,220,12,192,168,100,5
445.0,58844.0,TCP,0.0,1.0,108.0,0,192,168,100,5,192,168,220,16
445.0,52321.0,TCP,0.0,1.0,70.0,0,192,168,100,5,192,168,220,14
43183.0,445.0,TCP,0.006,2.0,174.0,0,192,168,200,4,192,168,100,5
59079.0,80.0,TCP,0.003,6.0,545.0,1,192,168,220,16,192,168,100,6
137.0,137.0,UDP,0.0,1.0,92.0,0,192,168,220,4,192,168,220,255
44288.0,80.0,TCP,0.004,2.0,132.0,0,192,168,220,7,192,168,100,6
48888.0,445.0,TCP,0.003,2.0,174.0,0,192,168,220,15,192,168,100,5
51357.0,3200.0,TCP,0.0,1.0,58.0,1,192,168,220,16,192,168,200,2
60689.0,445.0,TCP,0.005,2.0,174.0,0,192,168,220,13,192,168,100,5
57566.0,80.0,TCP,0.004,5.0,479.0,1,192,168,220,16,192,168,100,6
59907.0,80.0,TCP,0.002,6.0,545.0,1,192,168,220,16,192,168,100,6
36805.0,80.0,TCP,0.006,5.0,479.0,1,192,168,220,16,192,168,100,6
59018.0,80.0,TCP,0.004,5.0,479.0,1,192,168,220,16,192,168,100,6
58844.0,445.0,TCP,0.003,2.0,174.0,0,192,168,220,16,192,168,100,5
59226.0,80.0,TCP,0.005,5.0,479.0,1,192,168,220,16,192,168,100,6
58745.0,80.0,TCP,0.005,6.0,545.0,1,192,168,220,16,192,168,100,6
51357.0,5007.0,TCP,0.0,1.0,58.0,1,192,168,220,16,192,168,200,9
51357.0,6001.0,TCP,0.0,1.0,58.0,1,192,168,220,16,192,168,200,2
33248.0,80.0,TCP,0.006,5.0,479.0,1,192,168,220,16,192,168,100,6
58844.0,445.0,TCP,0.002,2.0,174.0,0,192,168,220,16,192,168,100,5
445.0,52321.0,TCP,0.0,1.0,108.0,0,192,168,100,5,192,168,220,14
43145.0,445.0,TCP,0.005,2.0,174.0,0,192,168,220,4,192,168,100,5
58427.0,80.0,TCP,0.003,6.0,545.0,1,192,168,220,16,192,168,100,6
59623.0,80.0,TCP,0.003,5.0,479.0,1,192,168,220,16,192,168,100,6
34523.0,80.0,TCP,0.0069999999999999,5.0,479.0,1,192,168,220,16,192,168,100,6
445.0,52321.0,TCP,0.0,1.0,108.0,0,192,168,100,5,192,168,220,14
37191.0,445.0,TCP,0.0,2.0,174.0,0,192,168,220,7,192,168,100,5
137.0,137.0,UDP,0.0,1.0,92.0,0,192,168,220,12,192,168,220,255
58300.0,80.0,TCP,0.002,5.0,479.0,1,192,168,220,16,192,168,100,6
34839.0,80.0,TCP,0.005,6.0,545.0,1,192,168,220,16,192,168,100,6
57262.0,80.0,TCP,0.004,5.0,479.0,1,192,168,220,16,192,168,100,6
55540.0,80.0,TCP,0.006,5.0,479.0,1,192,168,220,16,192,168,100,6
36306.0,80.0,TCP,0.005,5.0,479.0,1,192,168,220,16,192,168,100,6
445.0,49511.0,TCP,0.0,1.0,108.0,0,192,168,100,5,192,168,220,12
60689.0,445.0,TCP,0.005,2.0,174.0,0,192,168,220,13,192,168,100,5
445.0,37191.0,TCP,0.0,1.0,108.0,0,192,168,100,5,192,168,220,7
55875.0,80.0,TCP,0.004,6.0,545.0,1,192,168,220,16,192,168,100,6
51146.0,445.0,TCP,0.003,2.0,174.0,0,192,168,220,5,192,168,100,5
46808.0,445.0,TCP,0.005,2.0,174.0,0,192,168,200,5,192,168,100,5
51146.0,445.0,TCP,0.005,2.0,174.0,0,192,168,220,5,192,168,100,5
52321.0,445.0,TCP,0.0,1.0,66.0,0,192,168,220,14,192,168,100,5
52321.0,445.0,TCP,0.005,2.0,174.0,0,192,168,220,14,192,168,100,5
58844.0,445.0,TCP,0.003,2.0,174.0,1,192,168,220,16,192,168,100,5
58404.0,80.0,TCP,0.006,5.0,479.0,1,192,168,220,16,192,168,100,6
57625.0,80.0,TCP,0.005,5.0,479.0,1,192,168,220,16,192,168,100,6
51146.0,445.0,TCP,0.0,1.0,66.0,0,192,168,220,5,192,168,100,5
58875.0,80.0,TCP,0.004,5.0,479.0,1,192,168,220,16,192,168,100,6
35128.0,80.0,TCP,0.004,5.0,479.0,1,192,168,220,16,192,168,100,6
59580.0,80.0,TCP,0.006,6.0,545.0,1,192,168,220,16,192,168,100,6
49511.0,445.0,TCP,0.0,1.0,66.0,0,192,168,220,12,192,168,100,5
58839.0,80.0,TCP,0.005,6.0,545.0,1,192,168,220,16,192,168,100,6
37884.0,445.0,TCP,0.003,2.0,174.0,0,192,168,220,9,192,168,100,5
59077.0,80.0,TCP,0.004,5.0,479.0,1,192,168,220,16,192,168,100,6
57286.0,80.0,TCP,0.004,5.0,479.0,1,192,168,220,16,192,168,100,6
59314.0,80.0,TCP,0.004,6.0,545.0,1,192,168,220,16,192,168,100,6
37079.0,80.0,TCP,0.004,5.0,479.0,1,192,168,220,16,192,168,100,6
445.0,49094.0,TCP,0.0,1.0,108.0,0,192,168,100,5,192,168,220,8
37884.0,445.0,TCP,0.002,2.0,174.0,0,192,168,220,9,192,168,100,5
59267.0,80.0,TCP,0.003,6.0,545.0,1,192,168,220,16,192,168,100,6
445.0,51146.0,TCP,0.0,1.0,70.0,0,192,168,100,5,192,168,220,5
58844.0,80.0,TCP,0.006,5.0,479.0,1,192,168,220,16,192,168,100,6
56288.0,80.0,TCP,0.004,5.0,479.0,1,192,168,220,16,192,168,100,6
51357.0,1215.0,TCP,0.0,1.0,58.0,1,192,168,220,16,192,168,200,2
36283.0,80.0,TCP,0.002,5.0,479.0,1,192,168,220,16,192,168,100,6
60629.0,80.0,TCP,0.005,5.0,479.0,1,192,168,220,16,192,168,100,6
59219.0,80.0,TCP,0.003,5.0,479.0,1,192,168,220,16,192,168,100,6
58353.0,80.0,TCP,0.003,5.0,479.0,1,192,168,220,16,192,168,100,6
58523.0,80.0,TCP,0.003,5.0,479.0,1,192,168,220,16,192,168,100,6
60689.0,445.0,TCP,0.005,2.0,174.0,0,192,168,220,13,192,168,100,5
59376.0,80.0,TCP,0.006,5.0,479.0,1,192,168,220,16,192,168,100,6
445.0,58844.0,TCP,0.0,1.0,108.0,0,192,168,100,5,192,168,220,16
57854.0,80.0,TCP,0.003,5.0,479.0,1,192,168,220,16,192,168,100,6
51357.0,8899.0,TCP,0.0,1.0,58.0,1,192,168,220,16,192,168,200,1
445.0,37884.0,TCP,0.0,1.0,108.0,0,192,168,100,5,192,168,220,9
445.0,48888.0,TCP,0.0,1.0,108.0,0,192,168,100,5,192,168,220,15
57350.0,80.0,TCP,0.005,5.0,479.0,1,192,168,220,16,192,168,100,6
56011.0,80.0,TCP,0.003,5.0,479.0,1,192,168,220,16,192,168,100,6
57775.0,80.0,TCP,0.004,5.0,479.0,1,192,168,220,16,192,168,100,6
445.0,60689.0,TCP,0.0,1.0,108.0,0,192,168,100,5,192,168,220,13
35404.0,80.0,TCP,0.004,5.0,479.0,1,192,168,220,16,192,168,100,6
445.0,43183.0,TCP,0.0,1.0,108.0,0,192,168,100,5,192,168,200,4
80.0,3860.0,TCP,0.0,3.0,276.0,0,192,168,100,6,192,168,200,8
33783.0,80.0,TCP,0.005,5.0,479.0,1,192,168,220,16,192,168,100,6
58694.0,80.0,TCP,0.004,5.0,479.0,1,192,168,220,16,192,168,100,6
60662.0,80.0,TCP,0.004,6.0,545.0,1,192,168,220,16,192,168,100,6
60689.0,445.0,TCP,0.002,2.0,174.0,0,192,168,220,13,192,168,100,5
34201.0,80.0,TCP,0.004,5.0,479.0,1,192,168,220,16,192,168,100,6
57821.0,80.0,TCP,0.003,5.0,479.0,1,192,168,220,16,192,168,100,6
445.0,51146.0,TCP,0.0,1.0,108.0,0,192,168,100,5,192,168,220,5
37191.0,445.0,TCP,0.005,2.0,174.0,0,192,168,220,7,192,168,100,5
52321.0,445.0,TCP,0.003,2.0,174.0,0,192,168,220,14,192,168,100,5
445.0,37884.0,TCP,0.0,1.0,108.0,0,192,168,100,5,192,168,220,9
46808.0,445.0,TCP,0.003,2.0,174.0,0,192,168,200,5,192,168,100,5
445.0,46709.0,TCP,0.0,1.0,108.0,0,192,168,100,5,192,168,220,6
59205.0,80.0,TCP,0.004,6.0,545.0,1,192,168,220,16,192,168,100,6
55372.0,80.0,TCP,0.004,5.0,479.0,1,192,168,220,16,192,168,100,6
48888.0,445.0,TCP,0.003,2.0,174.0,0,192,168,220,15,192,168,100,5
445.0,60689.0,TCP,0.0,1.0,108.0,0,192,168,100,5,192,168,220,13
58458.0,80.0,TCP,0.005,5.0,479.0,1,192,168,220,16,192,168,100,6
54184.0,587.0,TCP,0.713,29.0,1157.0,0,192,168,220,4,192,168,100,4
59332.0,80.0,TCP,0.002,5.0,479.0,1,192,168,220,16,192,168,100,6
445.0,37884.0,TCP,0.0,1.0,108.0,0,192,168,100,5,192,168,220,9
445.0,52321.0,TCP,0.0,1.0,108.0,0,192,168,100,5,192,168,220,14
36062.0,80.0,TCP,0.005,5.0,479.0,1,192,168,220,16,192,168,100,6
445.0,40239.0,TCP,0.0,1.0,108.0,0,192,168,100,5,192,168,220,10
138.0,138.0,UDP,0.0,1.0,262.0,0,192,168,220,15,192,168,220,255
445.0,46808.0,TCP,0.0,1.0,108.0,0,192,168,100,5,192,168,200,5
43145.0,445.0,TCP,0.004,2.0,174.0,0,192,168,220,4,192,168,100,5
55701.0,80.0,TCP,0.004,5.0,479.0,1,192,168,220,16,192,168,100,6
35397.0,80.0,TCP,0.003,6.0,545.0,1,192,168,220,16,192,168,100,6
137.0,137.0,UDP,0.0,1.0,92.0,0,192,168,220,4,192,168,220,255
445.0,58844.0,TCP,0.0,1.0,108.0,0,192,168,100,5,192,168,220,16
445.0,43183.0,TCP,0.0,1.0,108.0,0,192,168,100,5,192,168,200,4
445.0,37191.0,TCP,0.0,1.0,70.0,0,192,168,100,5,192,168,220,7
59560.0,80.0,TCP,0.002,5.0,479.0,1,192,168,220,16,192,168,100,6
59702.0,80.0,TCP,0.005,6.0,545.0,1,192,168,220,16,192,168,100,6
58863.0,80.0,TCP,0.006,5.0,479.0,1,192,168,220,16,192,168,100,6
445.0,49094.0,TCP,0.0,1.0,70.0,0,192,168,100,5,192,168,220,8
46808.0,445.0,TCP,0.006,2.0,174.0,0,192,168,200,5,192,168,100,5
445.0,60689.0,TCP,0.0,1.0,108.0,0,192,168,100,5,192,168,220,13
37884.0,445.0,TCP,0.005,2.0,174.0,0,192,168,220,9,192,168,100,5
43183.0,445.0,TCP,0.002,2.0,174.0,0,192,168,200,4,192,168,100,5
35223.0,80.0,TCP,0.006,6.0,545.0,1,192,168,220,16,192,168,100,6
445.0,60689.0,TCP,0.0,1.0,108.0,0,192,168,100,5,192,168,220,13
57729.0,80.0,TCP,0.004,5.0,479.0,1,192,168,220,16,192,168,100,6
445.0,49094.0,TCP,0.0,1.0,108.0,0,192,168,100,5,192,168,220,8
51357.0,25.0,TCP,0.0,1.0,58.0,1,192,168,220,16,192,168,200,4
445.0,37191.0,TCP,0.0,1.0,108.0,0,192,168,100,5,192,168,220,7
58844.0,445.0,TCP,0.004,2.0,174.0,0,192,168,220,16,192,168,100,5
56480.0,80.0,TCP,0.004,6.0,545.0,1,192,168,220,16,192,168,100,6
58212.0,80.0,TCP,0.004,5.0,479.0,1,192,168,220,16,192,168,100,6
445.0,49094.0,TCP,0.0,1.0,108.0,0,192,168,100,5,192,168,220,8
138.0,138.0,UDP,0.0,1.0,262.0,0,192,168,220,10,192,168,220,255
52321.0,445.0,TCP,0.0,1.0,66.0,0,192,168,220,14,192,168,100,5
57999.0,80.0,TCP,0.004,5.0,479.0,1,192,168,220,16,192,168,100,6
37011.0,80.0,TCP,0.003,5.0,479.0,1,192,168,220,16,192,168,100,6
445.0,37884.0,TCP,0.0,1.0,108.0,0,192,168,100,5,192,168,220,9
445.0,43183.0,TCP,0.0,1.0,108.0,0,192,168,100,5,192,168,200,4
43145.0,445.0,TCP,0.003,2.0,174.0,0,192,168,220,4,192,168,100,5
445.0,58844.0,TCP,0.0,1.0,108.0,0,192,168,100,5,192,168,220,16
445.0,48888.0,TCP,0.0,1.0,108.0,0,192,168,100,5,192,168,220,15
59714.0,80.0,TCP,0.005,5.0,479.0,1,192,168,220,16,192,168,100,6
51357.0,5959.0,TCP,0.0,1.0,58.0,1,192,168,220,16,192,168,200,2
445.0,49511.0,TCP,0.0,1.0,108.0,0,192,168,100,5,192,168,220,12
58242.0,80.0,TCP,0.003,5.0,479.0,1,192,168,220,16,192,168,100,6
60689.0,445.0,TCP,0.002,2.0,174.0,0,192,168,220,13,192,168,100,5
445.0,40239.0,TCP,0.0,1.0,108.0,0,192,168,100,5,192,168,220,10
46755.0,1259.0,TCP,0.0,1.0,58.0,1,192,168,220,16,192,168,210,1
33428.0,80.0,TCP,0.006,5.0,479.0,1,192,168,220,16,192,168,100,6
43145.0,445.0,TCP,0.0,1.0,66.0,0,192,168,220,4,192,168,100,5
48888.0,445.0,TCP,0.004,2.0,174.0,0,192,168,220,15,192,168,100,5
51146.0,445.0,TCP,0.004,2.0,174.0,0,192,168,220,5,192,168,100,5
46709.0,445.0,TCP,0.004,2.0,174.0,0,192,168,220,6,192,168,100,5
32784.0,80.0,TCP,0.003,5.0,479.0,1,192,168,220,16,192,168,100,6
445.0,46808.0,TCP,0.0,1.0,70.0,0,192,168,100,5,192,168,200,5
36176.0,80.0,TCP,0.004,5.0,479.0,1,192,168,220,16,192,168,100,6
59498.0,80.0,TCP,0.005,5.0,479.0,1,192,168,220,16,192,168,100,6
35296.0,80.0,TCP,0.003,5.0,479.0,1,192,168,220,16,192,168,100,6
40239.0,445.0,TCP,0.004,2.0,174.0,0,192,168,220,10,192,168,100,5
51431.0,80.0,TCP,0.005,6.0,545.0,1,192,168,220,16,192,168,100,6
37123.0,80.0,TCP,0.004,5.0,479.0,1,192,168,220,16,192,168,100,6
59307.0,80.0,TCP,0.006,6.0,545.0,1,192,168,220,16,192,168,100,6
56642.0,80.0,TCP,0.0069999999999999,5.0,479.0,1,192,168,220,16,192,168,100,6
59933.0,80.0,TCP,0.002,5.0,479.0,1,192,168,220,16,192,168,100,6
59976.0,80.0,TCP,0.004,5.0,479.0,1,192,168,220,16,192,168,100,6
58646.0,80.0,TCP,0.005,5.0,479.0,1,192,168,220,16,192,168,100,6
445.0,43183.0,TCP,0.0,1.0,108.0,0,192,168,100,5,192,168,200,4
34248.0,80.0,TCP,0.006,5.0,479.0,1,192,168,220,16,192,168,100,6
53844.0,587.0,TCP,0.092,10.0,1206.0,0,192,168,210,5,192,168,100,4
59114.0,80.0,TCP,0.006,6.0,545.0,1,192,168,220,16,192,168,100,6
46709.0,445.0,TCP,0.003,2.0,174.0,0,192,168,220,6,192,168,100,5
445.0,60689.0,TCP,0.0,1.0,108.0,0,192,168,100,5,192,168,220,13
59825.0,80.0,TCP,0.005,5.0,479.0,1,192,168,220,16,192,168,100,6
57930.0,80.0,TCP,0.002,5.0,479.0,1,192,168,220,16,192,168,100,6
49511.0,445.0,TCP,0.001,2.0,174.0,0,192,168,220,12,192,168,100,5
445.0,43183.0,TCP,0.0,1.0,108.0,0,192,168,100,5,192,168,200,4
51357.0,1057.0,TCP,0.0,1.0,58.0,1,192,168,220,16,192,168,200,5
48888.0,445.0,TCP,0.005,2.0,174.0,0,192,168,220,15,192,168,100,5
445.0,43183.0,TCP,0.0,1.0,108.0,0,192,168,100,5,192,168,200,4
34743.0,445.0,TCP,0.0069999999999999,2.0,174.0,0,192,168,220,11,192,168,100,5
51146.0,445.0,TCP,0.002,2.0,174.0,0,192,168,220,5,192,168,100,5
37191.0,445.0,TCP,0.003,2.0,174.0,0,192,168,220,7,192,168,100,5
445.0,46709.0,TCP,0.0,1.0,108.0,0,192,168,100,5,192,168,220,6
51357.0,1089.0,TCP,0.0,1.0,58.0,1,192,168,220,16,192,168,200,9
60297.0,80.0,TCP,0.006,5.0,479.0,1,192,168,220,16,192,168,100,6
445.0,58844.0,TCP,0.0,1.0,108.0,0,192,168,100,5,192,168,220,16
445.0,46709.0,TCP,0.0,1.0,108.0,0,192,168,100,5,192,168,220,6
58264.0,80.0,TCP,0.0069999999999999,5.0,479.0,1,192,168,220,16,192,168,100,6
445.0,43183.0,TCP,0.0,1.0,108.0,0,192,168,100,5,192,168,200,4
58876.0,80.0,TCP,0.002,6.0,545.0,1,192,168,220,16,192,168,100,6
60470.0,80.0,TCP,0.005,5.0,479.0,1,192,168,220,16,192,168,100,6
36221.0,80.0,TCP,0.005,5.0,479.0,1,192,168,220,16,192,168,100,6
445.0,51146.0,TCP,0.0,1.0,108.0,0,192,168,100,5,192,168,220,5
445.0,51146.0,TCP,0.0,1.0,108.0,0,192,168,100,5,192,168,220,5
445.0,51146.0,TCP,0.0,1.0,108.0,0,192,168,100,5,192,168,220,5
445.0,46709.0,TCP,0.0,1.0,108.0,0,192,168,100,5,192,168,220,6
52321.0,445.0,TCP,0.004,2.0,174.0,0,192,168,220,14,192,168,100,5
37191.0,445.0,TCP,0.005,2.0,174.0,0,192,168,220,7,192,168,100,5
34878.0,80.0,TCP,0.003,5.0,479.0,1,192,168,220,16,192,168,100,6
35259.0,80.0,TCP,0.005,5.0,479.0,1,192,168,220,16,192,168,100,6
445.0,37191.0,TCP,0.0,1.0,108.0,0,192,168,100,5,192,168,220,7
35206.0,80.0,TCP,0.003,5.0,479.0,1,192,168,220,16,192,168,100,6
60924.0,80.0,TCP,0.002,5.0,479.0,1,192,168,220,16,192,168,100,6
37884.0,445.0,TCP,0.0,2.0,174.0,0,192,168,220,9,192,168,100,5
49511.0,445.0,TCP,0.005,2.0,174.0,0,192,168,220,12,192,168,100,5
36956.0,80.0,TCP,0.005,5.0,479.0,1,192,168,220,16,192,168,100,6
46709.0,445.0,TCP,0.005,2.0,174.0,0,192,168,220,6,192,168,100,5
34161.0,80.0,TCP,0.006,5.0,479.0,1,192,168,220,16,192,168,100,6
445.0,58844.0,TCP,0.0,1.0,108.0,0,192,168,100,5,192,168,220,16
58832.0,80.0,TCP,0.004,5.0,479.0,1,192,168,220,16,192,168,100,6
37191.0,445.0,TCP,0.005,2.0,174.0,0,192,168,220,7,192,168,100,5
445.0,52321.0,TCP,0.0,1.0,108.0,0,192,168,100,5,192,168,220,14
445.0,43183.0,TCP,0.0,1.0,108.0,0,192,168,100,5,192,168,200,4
445.0,58844.0,TCP,2.0,1.0,108.0,0,192,168,100,5,192,168,220,16
55958.0,80.0,TCP,0.004,5.0,479.0,1,192,168,220,16,192,168,100,6
56297.0,80.0,TCP,0.004,5.0,479.0,1,192,168,220,16,192,168,100,6
33716.0,80.0,TCP,0.005,5.0,479.0,1,192,168,220,16,192,168,100,6
49511.0,445.0,TCP,0.002,2.0,174.0,0,192,168,220,12,192,168,100,5
445.0,48888.0,TCP,0.0,1.0,108.0,0,192,168,100,5,192,168,220,15
46709.0,445.0,TCP,0.004,2.0,174.0,0,192,168,220,6,192,168,100,5
60313.0,80.0,TCP,0.004,5.0,479.0,1,192,168,220,16,192,168,100,6
51358.0,6580.0,TCP,0.0,1.0,58.0,1,192,168,220,16,192,168,200,8
445.0,40239.0,TCP,0.0,1.0,108.0,0,192,168,100,5,192,168,220,10
60622.0,80.0,TCP,0.003,5.0,479.0,1,192,168,220,16,192,168,100,6
445.0,43183.0,TCP,0.0,1.0,108.0,0,192,168,100,5,192,168,200,4
40239.0,445.0,TCP,0.0,2.0,174.0,0,192,168,220,10,192,168,100,5
51357.0,1074.0,TCP,0.0,1.0,58.0,1,192,168,220,16,192,168,200,5
57804.0,80.0,TCP,0.004,5.0,479.0,1,192,168,220,16,192,168,100,6
445.0,48888.0,TCP,0.0,1.0,108.0,0,192,168,100,5,192,168,220,15
445.0,58844.0,TCP,0.0,1.0,70.0,0,192,168,100,5,192,168,220,16
58355.0,80.0,TCP,0.003,5.0,479.0,1,192,168,220,16,192,168,100,6
445.0,46709.0,TCP,0.0,1.0,108.0,0,192,168,100,5,192,168,220,6
445.0,48888.0,TCP,0.0,1.0,108.0,0,192,168,100,5,192,168,220,15
445.0,52321.0,TCP,0.0,1.0,108.0,0,192,168,100,5,192,168,220,14
32996.0,80.0,TCP,0.004,5.0,479.0,1,192,168,220,16,192,168,100,6
37884.0,445.0,TCP,0.002,2.0,174.0,0,192,168,220,9,192,168,100,5
58844.0,445.0,TCP,0.004,2.0,174.0,0,192,168,220,16,192,168,100,5
49094.0,445.0,TCP,0.002,2.0,174.0,0,192,168,220,8,192,168,100,5
445.0,37191.0,TCP,0.0,1.0,108.0,0,192,168,100,5,192,168,220,7
56295.0,80.0,TCP,0.005,5.0,479.0,1,192,168,220,16,192,168,100,6
58844.0,445.0,TCP,0.0,2.0,174.0,1,192,168,220,16,192,168,100,5
445.0,34743.0,TCP,0.0,1.0,108.0,0,192,168,100,5,192,168,220,11
445.0,49094.0,TCP,0.0,1.0,108.0,0,192,168,100,5,192,168,220,8
137.0,137.0,UDP,0.0,1.0,92.0,0,192,168,220,8,192,168,220,255
58844.0,445.0,TCP,0.002,2.0,174.0,0,192,168,220,16,192,168,100,5
40239.0,445.0,TCP,0.003,2.0,174.0,0,192,168,220,10,192,168,100,5
51357.0,1082.0,TCP,0.0,1.0,58.0,1,192,168,220,16,192,168,200,5
57704.0,80.0,TCP,0.006,5.0,479.0,1,192,168,220,16,192,168,100,6
445.0,58844.0,TCP,0.0,1.0,108.0,0,192,168,100,5,192,168,220,16
138.0,138.0,UDP,0.0,1.0,262.0,0,192,168,220,7,192,168,220,255
56792.0,80.0,TCP,0.006,5.0,479.0,1,192,168,220,16,192,168,100,6
43145.0,445.0,TCP,0.003,2.0,174.0,0,192,168,220,4,192,168,100,5
445.0,52321.0,TCP,0.0,1.0,108.0,0,192,168,100,5,192,168,220,14
445.0,40239.0,TCP,0.0,1.0,108.0,0,192,168,100,5,192,168,220,10
445.0,46808.0,TCP,0.0,1.0,108.0,0,192,168,100,5,192,168,200,5
445.0,37191.0,TCP,0.0,1.0,108.0,0,192,168,100,5,192,168,220,7
51357.0,3100.0,TCP,0.0,1.0,58.0,1,192,168,220,16,192,168,200,5
445.0,46808.0,TCP,0.0,1.0,108.0,0,192,168,100,5,192,168,200,5
46709.0,445.0,TCP,0.002,2.0,174.0,0,192,168,220,6,192,168,100,5
51357.0,1296.0,TCP,0.0,1.0,58.0,1,192,168,220,16,192,168,200,8
60689.0,445.0,TCP,0.003,2.0,174.0,0,192,168,220,13,192,168,100,5
58615.0,80.0,TCP,0.004,5.0,479.0,1,192,168,220,16,192,168,100,6
445.0,52321.0,TCP,0.0,1.0,70.0,0,192,168,100,5,192,168,220,14
445.0,49511.0,TCP,0.0,1.0,108.0,0,192,168,100,5,192,168,220,12
137.0,137.0,UDP,0.0,1.0,92.0,0,192,168,220,15,192,168,220,255
51357.0,3035.0,TCP,0.0,1.0,58.0,1,192,168,220,16,192,168,200,2
37123.0,80.0,TCP,0.005,5.0,479.0,1,192,168,220,16,192,168,100,6
445.0,37884.0,TCP,0.0,1.0,70.0,0,192,168,100,5,192,168,220,9
59211.0,80.0,TCP,0.006,6.0,545.0,1,192,168,220,16,192,168,100,6
59800.0,80.0,TCP,0.003,5.0,479.0,1,192,168,220,16,192,168,100,6
445.0,34743.0,TCP,0.0,1.0,108.0,0,192,168,100,5,192,168,220,11
51357.0,51493.0,TCP,0.0,1.0,58.0,1,192,168,220,16,192,168,200,8
57870.0,80.0,TCP,0.004,5.0,479.0,1,192,168,220,16,192,168,100,6
445.0,51146.0,TCP,0.0,1.0,108.0,0,192,168,100,5,192,168,220,5
35862.0,80.0,TCP,0.006,6.0,545.0,1,192,168,220,16,192,168,100,6
37884.0,445.0,TCP,0.005,2.0,174.0,0,192,168,220,9,192,168,100,5
35522.0,80.0,TCP,0.005,5.0,479.0,1,192,168,220,16,192,168,100,6
445.0,46709.0,TCP,0.0,1.0,108.0,0,192,168,100,5,192,168,220,6
49511.0,445.0,TCP,0.001,2.0,174.0,0,192,168,220,12,192,168,100,5
35261.0,80.0,TCP,0.005,5.0,479.0,1,192,168,220,16,192,168,100,6
445.0,46709.0,TCP,0.0,1.0,108.0,0,192,168,100,5,192,168,220,6
37191.0,80.0,TCP,0.003,5.0,479.0,1,192,168,220,16,192,168,100,6
59737.0,80.0,TCP,0.005,6.0,545.0,1,192,168,220,16,192,168,100,6
33169.0,80.0,TCP,0.003,6.0,545.0,1,192,168,220,16,192,168,100,6
445.0,40239.0,TCP,0.0,1.0,108.0,0,192,168,100,5,192,168,220,10
34763.0,80.0,TCP,0.005,5.0,479.0,1,192,168,220,16,192,168,100,6
445.0,49094.0,TCP,0.0,1.0,108.0,0,192,168,100,5,192,168,220,8
51357.0,1461.0,TCP,0.0,1.0,58.0,1,192,168,220,16,192,168,200,2
59570.0,80.0,TCP,0.005,6.0,545.0,1,192,168,220,16,192,168,100,6
52321.0,445.0,TCP,0.004,2.0,174.0,0,192,168,220,14,192,168,100,5
36849.0,80.0,TCP,0.004,5.0,479.0,1,192,168,220,16,192,168,100,6
59965.0,80.0,TCP,0.005,5.0,479.0,1,192,168,220,16,192,168,100,6
445.0,49511.0,TCP,0.0,1.0,108.0,0,192,168,100,5,192,168,220,12
58357.0,80.0,TCP,0.004,5.0,479.0,1,192,168,220,16,192,168,100,6
445.0,58844.0,TCP,0.0,1.0,108.0,0,192,168,100,5,192,168,220,16
60689.0,445.0,TCP,0.003,2.0,174.0,0,192,168,220,13,192,168,100,5
43145.0,445.0,TCP,0.005,2.0,174.0,0,192,168,220,4,192,168,100,5
56515.0,80.0,TCP,0.005,5.0,479.0,1,192,168,220,16,192,168,100,6
445.0,37191.0,TCP,0.0,1.0,108.0,0,192,168,100,5,192,168,220,7
58844.0,445.0,TCP,0.001,2.0,174.0,0,192,168,220,16,192,168,100,5
43145.0,445.0,TCP,0.002,2.0,174.0,0,192,168,220,4,192,168,100,5
34099.0,80.0,TCP,0.005,5.0,479.0,1,192,168,220,16,192,168,100,6
58822.0,80.0,TCP,0.004,6.0,545.0,1,192,168,220,16,192,168,100,6
138.0,138.0,UDP,0.0,1.0,262.0,0,192,168,220,15,192,168,220,255
46808.0,445.0,TCP,0.002,2.0,174.0,0,192,168,200,5,192,168,100,5
56848.0,80.0,TCP,0.004,5.0,479.0,1,192,168,220,16,192,168,100,6
57868.0,80.0,TCP,0.005,5.0,479.0,1,192,168,220,16,192,168,100,6
58844.0,445.0,TCP,0.003,2.0,174.0,0,192,168,220,16,192,168,100,5
49511.0,445.0,TCP,0.001,2.0,174.0,0,192,168,220,12,192,168,100,5
55451.0,80.0,TCP,0.003,5.0,479.0,1,192,168,220,16,192,168,100,6
52321.0,445.0,TCP,0.0,1.0,66.0,0,192,168,220,14,192,168,100,5
58844.0,445.0,TCP,0.003,2.0,174.0,0,192,168,220,16,192,168,100,5
32895.0,80.0,TCP,0.003,5.0,479.0,1,192,168,220,16,192,168,100,6
52321.0,445.0,TCP,0.002,2.0,174.0,0,192,168,220,14,192,168,100,5
43145.0,445.0,TCP,0.004,2.0,174.0,0,192,168,220,4,192,168,100,5
445.0,46808.0,TCP,0.0,1.0,108.0,0,192,168,100,5,192,168,200,5
445.0,58844.0,TCP,0.0,1.0,70.0,0,192,168,100,5,192,168,220,16
43183.0,445.0,TCP,0.003,2.0,174.0,0,192,168,200,4,192,168,100,5
51358.0,993.0,TCP,0.0,1.0,58.0,1,192,168,220,16,192,168,100,4
59869.0,80.0,TCP,0.006,5.0,479.0,1,192,168,220,16,192,168,100,6
35269.0,80.0,TCP,0.003,5.0,479.0,1,192,168,220,16,192,168,100,6
48888.0,445.0,TCP,0.002,2.0,174.0,0,192,168,220,15,192,168,100,5
37191.0,445.0,TCP,0.0,1.0,66.0,0,192,168,220,7,192,168,100,5
48888.0,445.0,TCP,0.004,2.0,174.0,0,192,168,220,15,192,168,100,5
57922.0,80.0,TCP,0.006,5.0,479.0,1,192,168,220,16,192,168,100,6
445.0,48888.0,TCP,0.0,1.0,108.0,0,192,168,100,5,192,168,220,15
445.0,37191.0,TCP,0.0,1.0,108.0,0,192,168,100,5,192,168,220,7
37315.0,80.0,TCP,0.004,5.0,479.0,1,192,168,220,16,192,168,100,6
57036.0,80.0,TCP,0.004,5.0,479.0,1,192,168,220,16,192,168,100,6
37191.0,445.0,TCP,0.003,2.0,174.0,0,192,168,220,7,192,168,100,5
445.0,37191.0,TCP,0.0,1.0,108.0,0,192,168,100,5,192,168,220,7
59915.0,80.0,TCP,0.002,5.0,479.0,1,192,168,220,16,192,168,100,6
37191.0,445.0,TCP,0.004,2.0,174.0,0,192,168,220,7,192,168,100,5
40239.0,445.0,TCP,0.008,2.0,174.0,0,192,168,220,10,192,168,100,5
51357.0,4129.0,TCP,0.0,1.0,58.0,1,192,168,220,16,192,168,200,2
59083.0,80.0,TCP,0.006,5.0,479.0,1,192,168,220,16,192,168,100,6
138.0,138.0,UDP,0.0,1.0,243.0,0,192,168,200,8,192,168,200,255
58750.0,80.0,TCP,0.003,5.0,479.0,1,192,168,220,16,192,168,100,6
137.0,137.0,UDP,0.0,1.0,92.0,0,192,168,220,15,192,168,220,255
445.0,60689.0,TCP,0.0,1.0,108.0,0,192,168,100,5,192,168,220,13
36004.0,80.0,TCP,0.003,6.0,545.0,1,192,168,220,16,192,168,100,6
137.0,137.0,UDP,0.0,1.0,92.0,0,192,168,220,2,192,168,220,255
445.0,43183.0,TCP,0.0,1.0,108.0,0,192,168,100,5,192,168,200,4
56123.0,80.0,TCP,0.004,5.0,479.0,1,192,168,220,16,192,168,100,6
58315.0,80.0,TCP,0.0069999999999999,5.0,479.0,1,192,168,220,16,192,168,100,6
57726.0,80.0,TCP,0.004,6.0,545.0,1,192,168,220,16,192,168,100,6
445.0,60689.0,TCP,0.0,1.0,108.0,0,192,168,100,5,192,168,220,13
46756.0,1310.0,TCP,0.0,1.0,58.0,1,192,168,220,16,192,168,210,5
58410.0,80.0,TCP,0.004,6.0,545.0,1,192,168,220,16,192,168,100,6
445.0,58844.0,TCP,0.0,1.0,108.0,0,192,168,100,5,192,168,220,16
51357.0,3268.0,TCP,0.0,1.0,58.0,1,192,168,220,16,192,168,200,1
34288.0,80.0,TCP,0.003,5.0,479.0,1,192,168,220,16,192,168,100,6
46808.0,445.0,TCP,0.002,2.0,174.0,0,192,168,200,5,192,168,100,5
445.0,46709.0,TCP,0.0,1.0,108.0,0,192,168,100,5,192,168,220,6
36956.0,80.0,TCP,0.004,5.0,479.0,1,192,168,220,16,192,168,100,6
35031.0,80.0,TCP,0.004,5.0,479.0,1,192,168,220,16,192,168,100,6
59953.0,80.0,TCP,0.004,5.0,479.0,1,192,168,220,16,192,168,100,6
445.0,49094.0,TCP,0.0,1.0,108.0,0,192,168,100,5,192,168,220,8
37191.0,445.0,TCP,0.002,2.0,174.0,0,192,168,220,7,192,168,100,5
47933.0,80.0,TCP,0.003,5.0,479.0,1,192,168,220,16,192,168,100,6
445.0,49094.0,TCP,0.0,1.0,108.0,0,192,168,100,5,192,168,220,8
445.0,43183.0,TCP,0.0,1.0,108.0,0,192,168,100,5,192,168,200,4
34967.0,80.0,TCP,0.005,5.0,479.0,1,192,168,220,16,192,168,100,6
445.0,43183.0,TCP,0.0,1.0,108.0,0,192,168,100,5,192,168,200,4
55541.0,80.0,TCP,0.003,5.0,479.0,1,192,168,220,16,192,168,100,6
56535.0,80.0,TCP,0.0069999999999999,6.0,545.0,1,192,168,220,16,192,168,100,6
56803.0,80.0,TCP,0.004,6.0,545.0,1,192,168,220,16,192,168,100,6
58421.0,80.0,TCP,0.005,5.0,479.0,1,192,168,220,16,192,168,100,6
445.0,46709.0,TCP,0.0,1.0,108.0,0,192,168,100,5,192,168,220,6
445.0,40239.0,TCP,0.0,1.0,108.0,0,192,168,100,5,192,168,220,10
445.0,52321.0,TCP,0.0,1.0,108.0,0,192,168,100,5,192,168,220,14
137.0,137.0,UDP,0.0,1.0,92.0,0,192,168,220,8,192,168,220,255
59422.0,80.0,TCP,0.004,5.0,479.0,1,192,168,220,16,192,168,100,6
445.0,40239.0,TCP,0.0,1.0,108.0,0,192,168,100,5,192,168,220,10
58443.0,80.0,TCP,0.003,5.0,479.0,1,192,168,220,16,192,168,100,6
445.0,40239.0,TCP,0.0,1.0,108.0,0,192,168,100,5,192,168,220,10
51357.0,7200.0,TCP,0.0,1.0,58.0,1,192,168,220,16,192,168,200,3
46709.0,445.0,TCP,0.0,1.0,66.0,0,192,168,220,6,192,168,100,5
59507.0,80.0,TCP,0.006,5.0,479.0,1,192,168,220,16,192,168,100,6
445.0,40239.0,TCP,0.0,1.0,108.0,0,192,168,100,5,192,168,220,10
60689.0,80.0,TCP,0.006,5.0,479.0,1,192,168,220,16,192,168,100,6
51357.0,1095.0,TCP,0.0,1.0,58.0,1,192,168,220,16,192,168,200,2
445.0,51146.0,TCP,0.0,1.0,108.0,0,192,168,100,5,192,168,220,5
58702.0,80.0,TCP,0.004,6.0,545.0,1,192,168,220,16,192,168,100,6
51357.0,514.0,TCP,0.0,1.0,58.0,1,192,168,220,16,192,168,200,5
57766.0,80.0,TCP,0.002,5.0,479.0,1,192,168,220,16,192,168,100,6
59098.0,80.0,TCP,0.004,5.0,479.0,1,192,168,220,16,192,168,100,6
46808.0,445.0,TCP,0.002,2.0,174.0,0,192,168,200,5,192,168,100,5
57184.0,80.0,TCP,0.003,5.0,479.0,1,192,168,220,16,192,168,100,6
43183.0,445.0,TCP,0.003,2.0,174.0,0,192,168,200,4,192,168,100,5
51146.0,445.0,TCP,0.004,2.0,174.0,0,192,168,220,5,192,168,100,5
445.0,49094.0,TCP,0.0,1.0,108.0,0,192,168,100,5,192,168,220,8
59849.0,80.0,TCP,0.005,5.0,479.0,1,192,168,220,16,192,168,100,6
59733.0,80.0,TCP,0.005,5.0,479.0,1,192,168,220,16,192,168,100,6
445.0,37191.0,TCP,0.0,1.0,108.0,0,192,168,100,5,192,168,220,7
59136.0,80.0,TCP,0.006,5.0,479.0,1,192,168,220,16,192,168,100,6
33184.0,80.0,TCP,0.004,5.0,479.0,1,192,168,220,16,192,168,100,6
43183.0,445.0,TCP,0.002,2.0,174.0,0,192,168,200,4,192,168,100,5
49511.0,445.0,TCP,0.0,1.0,66.0,0,192,168,220,12,192,168,100,5
46808.0,445.0,TCP,0.004,2.0,174.0,0,192,168,200,5,192,168,100,5
58870.0,80.0,TCP,0.006,5.0,479.0,1,192,168,220,16,192,168,100,6
51357.0,596.0,TCP,0.0,1.0,58.0,1,192,168,220,16,192,168,200,1
445.0,40239.0,TCP,0.0,1.0,108.0,0,192,168,100,5,192,168,220,10
37124.0,80.0,TCP,0.005,6.0,545.0,1,192,168,220,16,192,168,100,6
137.0,137.0,UDP,0.0,1.0,92.0,0,192,168,220,13,192,168,220,255
49094.0,445.0,TCP,0.003,2.0,174.0,0,192,168,220,8,192,168,100,5
58870.0,80.0,TCP,0.005,6.0,545.0,1,192,168,220,16,192,168,100,6
445.0,58844.0,TCP,0.0,1.0,108.0,0,192,168,100,5,192,168,220,16
46709.0,445.0,TCP,0.002,2.0,174.0,0,192,168,220,6,192,168,100,5
58455.0,80.0,TCP,0.006,5.0,479.0,1,192,168,220,16,192,168,100,6
58335.0,80.0,TCP,0.002,5.0,479.0,1,192,168,220,16,192,168,100,6
48888.0,445.0,TCP,0.002,2.0,174.0,0,192,168,220,15,192,168,100,5
57933.0,80.0,TCP,0.004,5.0,479.0,1,192,168,220,16,192,168,100,6
37884.0,445.0,TCP,0.002,2.0,174.0,0,192,168,220,9,192,168,100,5
445.0,60689.0,TCP,0.0,1.0,108.0,0,192,168,100,5,192,168,220,13
58866.0,80.0,TCP,0.006,6.0,545.0,1,192,168,220,16,192,168,100,6
59760.0,80.0,TCP,0.006,5.0,479.0,1,192,168,220,16,192,168,100,6
59841.0,80.0,TCP,0.0069999999999999,6.0,545.0,1,192,168,220,16,192,168,100,6
59413.0,80.0,TCP,0.003,5.0,479.0,1,192,168,220,16,192,168,100,6
59917.0,80.0,TCP,0.005,5.0,479.0,1,192,168,220,16,192,168,100,6
51357.0,3801.0,TCP,0.0,1.0,58.0,1,192,168,220,16,192,168,200,9
445.0,58844.0,TCP,0.0,1.0,70.0,0,192,168,100,5,192,168,220,16
445.0,46808.0,TCP,0.0,1.0,108.0,0,192,168,100,5,192,168,200,5
46709.0,445.0,TCP,0.003,2.0,174.0,0,192,168,220,6,192,168,100,5
58862.0,80.0,TCP,0.004,5.0,479.0,1,192,168,220,16,192,168,100,6
40239.0,445.0,TCP,0.003,2.0,174.0,0,192,168,220,10,192,168,100,5
445.0,51146.0,TCP,0.0,1.0,108.0,0,192,168,100,5,192,168,220,5
445.0,37884.0,TCP,0.0,1.0,108.0,0,192,168,100,5,192,168,220,9
33422.0,80.0,TCP,0.004,5.0,479.0,1,192,168,220,16,192,168,100,6
445.0,37191.0,TCP,0.0,1.0,70.0,0,192,168,100,5,192,168,220,7
58935.0,80.0,TCP,0.004,6.0,545.0,1,192,168,220,16,192,168,100,6
57841.0,80.0,TCP,0.006,5.0,479.0,1,192,168,220,16,192,168,100,6
59419.0,80.0,TCP,0.005,5.0,479.0,1,192,168,220,16,192,168,100,6
445.0,52321.0,TCP,0.0,1.0,108.0,0,192,168,100,5,192,168,220,14
445.0,51146.0,TCP,0.0,1.0,108.0,0,192,168,100,5,192,168,220,5
445.0,49511.0,TCP,0.0,1.0,108.0,0,192,168,100,5,192,168,220,12
445.0,46709.0,TCP,0.0,1.0,108.0,0,192,168,100,5,192,168,220,6
445.0,37884.0,TCP,0.0,1.0,108.0,0,192,168,100,5,192,168,220,9
445.0,48888.0,TCP,0.0,1.0,108.0,0,192,168,100,5,192,168,220,6
137.0,137.0,UDP,0.0,1.0,92.0,0,192,168,220,5,192,168,220,255
445.0,60689.0,TCP,0.0,1.0,108.0,0,192,168,100,5,192,168,220,13
445.0,49094.0,TCP,0.0,1.0,108.0,0,192,168,100,5,192,168,220,8
46808.0,445.0,TCP,0.003,2.0,174.0,0,192,168,200,5,192,168,100,5
51357.0,6689.0,TCP,0.0,1.0,58.0,1,192,168,220,16,192,168,200,3
60689.0,445.0,TCP,0.005,2.0,174.0,0,192,168,220,13,192,168,100,5
40239.0,445.0,TCP,0.0,1.0,66.0,0,192,168,220,10,192,168,100,5
60521.0,80.0,TCP,0.006,6.0,545.0,1,192,168,220,16,192,168,100,6
445.0,51146.0,TCP,0.0,1.0,108.0,0,192,168,100,5,192,168,220,5
445.0,48888.0,TCP,0.0,1.0,108.0,0,192,168,100,5,192,168,220,15
36928.0,80.0,TCP,0.005,5.0,479.0,1,192,168,220,16,192,168,100,6
59074.0,80.0,TCP,0.006,6.0,545.0,1,192,168,220,16,192,168,100,6
137.0,137.0,UDP,0.0,1.0,92.0,0,192,168,220,10,192,168,220,255
59260.0,80.0,TCP,0.002,5.0,479.0,1,192,168,220,16,192,168,100,6
35667.0,80.0,TCP,0.005,5.0,479.0,1,192,168,220,16,192,168,100,6
59540.0,80.0,TCP,0.004,5.0,479.0,1,192,168,220,16,192,168,100,6
52321.0,445.0,TCP,0.001,2.0,174.0,0,192,168,220,14,192,168,100,5
51146.0,445.0,TCP,0.003,2.0,174.0,0,192,168,220,5,192,168,100,5
51357.0,2001.0,TCP,0.0,1.0,58.0,1,192,168,220,16,192,168,200,5
445.0,37191.0,TCP,0.0,1.0,108.0,0,192,168,100,5,192,168,220,7
51357.0,49999.0,TCP,0.0,1.0,58.0,1,192,168,220,16,192,168,200,5
59056.0,80.0,TCP,0.006,5.0,479.0,1,192,168,220,16,192,168,100,6
137.0,137.0,UDP,0.0,1.0,92.0,0,192,168,220,8,192,168,220,255
445.0,49094.0,TCP,0.0,1.0,108.0,0,192,168,100,5,192,168,220,8
52321.0,445.0,TCP,0.004,2.0,174.0,0,192,168,220,14,192,168,100,5
59668.0,80.0,TCP,0.006,5.0,479.0,1,192,168,220,16,192,168,100,6
56852.0,80.0,TCP,0.005,5.0,479.0,1,192,168,220,16,192,168,100,6
34743.0,445.0,TCP,0.004,2.0,174.0,0,192,168,220,11,192,168,100,5
445.0,34743.0,TCP,0.0,1.0,108.0,0,192,168,100,5,192,168,220,11
57839.0,80.0,TCP,0.004,5.0,479.0,1,192,168,220,16,192,168,100,6
34743.0,445.0,TCP,0.002,2.0,174.0,0,192,168,220,11,192,168,100,5
43145.0,445.0,TCP,0.003,2.0,174.0,0,192,168,220,4,192,168,100,5
51357.0,3493.0,TCP,0.0,1.0,58.0,1,192,168,220,16,192,168,200,4
445.0,46709.0,TCP,0.0,1.0,108.0,0,192,168,100,5,192,168,220,6
58844.0,445.0,TCP,0.003,2.0,174.0,0,192,168,220,16,192,168,100,5
51358.0,1034.0,TCP,0.0,1.0,58.0,1,192,168,220,16,192,168,200,9
445.0,43145.0,TCP,0.0,1.0,108.0,0,192,168,100,5,192,168,220,4
60689.0,445.0,TCP,0.003,2.0,174.0,0,192,168,220,13,192,168,100,5
445.0,46709.0,TCP,0.0,1.0,108.0,0,192,168,100,5,192,168,220,6
58901.0,80.0,TCP,0.006,5.0,479.0,1,192,168,220,16,192,168,100,6
59435.0,80.0,TCP,0.005,5.0,479.0,1,192,168,220,16,192,168,100,6
35293.0,80.0,TCP,0.003,5.0,479.0,1,192,168,220,16,192,168,100,6
445.0,40239.0,TCP,0.0,1.0,108.0,0,192,168,100,5,192,168,220,10
445.0,49094.0,TCP,0.0,1.0,108.0,0,192,168,100,5,192,168,220,8
60420.0,80.0,TCP,0.005,6.0,545.0,1,192,168,220,16,192,168,100,6
445.0,49094.0,TCP,0.0,1.0,108.0,0,192,168,100,5,192,168,220,8
34743.0,445.0,TCP,0.0,1.0,66.0,0,192,168,220,11,192,168,100,5
40239.0,445.0,TCP,0.003,2.0,174.0,0,192,168,220,10,192,168,100,5
445.0,34743.0,TCP,0.0,1.0,108.0,0,192,168,100,5,192,168,220,11
35803.0,80.0,TCP,0.004,5.0,479.0,1,192,168,220,16,192,168,100,6
445.0,46709.0,TCP,0.0,1.0,108.0,0,192,168,100,5,192,168,220,6
36184.0,80.0,TCP,0.008,5.0,479.0,1,192,168,220,16,192,168,100,6
51146.0,445.0,TCP,0.002,2.0,174.0,0,192,168,220,5,192,168,100,5
51357.0,7200.0,TCP,0.0,1.0,58.0,1,192,168,220,16,192,168,200,1
37884.0,445.0,TCP,0.002,2.0,174.0,0,192,168,220,9,192,168,100,5
58844.0,445.0,TCP,0.0,1.0,66.0,0,192,168,220,16,192,168,100,5
445.0,51146.0,TCP,0.0,1.0,108.0,0,192,168,100,5,192,168,220,5
51477.0,25.0,TCP,0.0,1.0,58.0,1,192,168,220,16,192,168,200,3
445.0,37884.0,TCP,0.0,1.0,108.0,0,192,168,100,5,192,168,220,9
37221.0,80.0,TCP,0.006,5.0,479.0,1,192,168,220,16,192,168,100,6
46808.0,445.0,TCP,0.003,2.0,174.0,0,192,168,200,5,192,168,100,5
445.0,49511.0,TCP,0.0,1.0,108.0,0,192,168,100,5,192,168,220,12
52321.0,445.0,TCP,0.0,1.0,66.0,0,192,168,220,14,192,168,100,5
57915.0,80.0,TCP,0.004,5.0,479.0,1,192,168,220,16,192,168,100,6
35994.0,80.0,TCP,0.004,5.0,479.0,1,192,168,220,16,192,168,100,6
445.0,51146.0,TCP,0.0,1.0,108.0,0,192,168,100,5,192,168,220,5
445.0,46709.0,TCP,0.0,1.0,108.0,0,192,168,100,5,192,168,220,6
58844.0,445.0,TCP,0.003,2.0,174.0,0,192,168,220,16,192,168,100,5
58106.0,80.0,TCP,0.005,5.0,479.0,1,192,168,220,16,192,168,100,6
58676.0,80.0,TCP,0.004,5.0,479.0,1,192,168,220,16,192,168,100,6
34306.0,80.0,TCP,0.003,6.0,545.0,1,192,168,220,16,192,168,100,6
57844.0,80.0,TCP,0.002,5.0,479.0,1,192,168,220,16,192,168,100,6
51421.0,25.0,TCP,0.0,1.0,58.0,1,192,168,220,16,192,168,200,5
445.0,60689.0,TCP,0.0,1.0,108.0,0,192,168,100,5,192,168,220,13
445.0,43145.0,TCP,0.0,1.0,108.0,0,192,168,100,5,192,168,220,4
58844.0,445.0,TCP,0.004,2.0,174.0,0,192,168,220,16,192,168,100,5
137.0,137.0,UDP,0.0,1.0,92.0,0,192,168,220,13,192,168,220,255
46709.0,445.0,TCP,0.003,2.0,174.0,0,192,168,220,6,192,168,100,5
59139.0,80.0,TCP,0.004,5.0,479.0,1,192,168,220,16,192,168,100,6
49094.0,445.0,TCP,0.003,2.0,174.0,0,192,168,220,8,192,168,100,5
58435.0,80.0,TCP,0.003,6.0,545.0,1,192,168,220,16,192,168,100,6
445.0,52321.0,TCP,0.0,1.0,108.0,0,192,168,100,5,192,168,220,14
43145.0,445.0,TCP,0.002,2.0,174.0,0,192,168,220,4,192,168,100,5
33104.0,80.0,TCP,0.004,6.0,545.0,1,192,168,220,16,192,168,100,6
34743.0,445.0,TCP,0.086,11.0,1406.0,0,192,168,220,11,192,168,100,5
445.0,40239.0,TCP,0.0,1.0,70.0,0,192,168,100,5,192,168,220,10
445.0,37191.0,TCP,0.0,1.0,108.0,0,192,168,100,5,192,168,220,7
57818.0,80.0,TCP,0.006,5.0,479.0,1,192,168,220,16,192,168,100,6
48888.0,445.0,TCP,0.004,2.0,174.0,0,192,168,220,15,192,168,100,5
59536.0,80.0,TCP,0.003,5.0,479.0,1,192,168,220,16,192,168,100,6
34855.0,80.0,TCP,0.0069999999999999,5.0,479.0,1,192,168,220,16,192,168,100,6
445.0,51146.0,TCP,0.0,1.0,108.0,0,192,168,100,5,192,168,220,5
51357.0,51357.0,TCP,0.0,1.0,58.0,1,192,168,220,16,192,168,200,3
46709.0,445.0,TCP,0.006,2.0,174.0,0,192,168,220,6,192,168,100,5
445.0,40239.0,TCP,0.0,1.0,108.0,0,192,168,100,5,192,168,220,10
34184.0,80.0,TCP,0.003,5.0,479.0,1,192,168,220,16,192,168,100,6
445.0,40239.0,TCP,0.0,1.0,108.0,0,192,168,100,5,192,168,220,10
445.0,49094.0,TCP,0.0,1.0,108.0,0,192,168,100,5,192,168,220,8
58844.0,445.0,TCP,0.005,2.0,174.0,0,192,168,220,16,192,168,100,5
46709.0,445.0,TCP,0.004,2.0,174.0,0,192,168,220,6,192,168,100,5
56766.0,80.0,TCP,0.002,5.0,479.0,1,192,168,220,16,192,168,100,6
35355.0,80.0,TCP,0.003,6.0,545.0,1,192,168,220,16,192,168,100,6
445.0,34743.0,TCP,0.0,1.0,108.0,0,192,168,100,5,192,168,220,11
43183.0,445.0,TCP,0.004,2.0,174.0,0,192,168,200,4,192,168,100,5
58704.0,80.0,TCP,0.003,5.0,479.0,1,192,168,220,16,192,168,100,6
137.0,137.0,UDP,0.0,1.0,92.0,0,192,168,220,12,192,168,220,255
60400.0,80.0,TCP,0.004,5.0,479.0,1,192,168,220,16,192,168,100,6
51357.0,8180.0,TCP,0.0,1.0,58.0,1,192,168,220,16,192,168,200,8
58923.0,80.0,TCP,0.005,5.0,479.0,1,192,168,220,16,192,168,100,6
46755.0,80.0,TCP,0.0,1.0,58.0,1,192,168,220,16,192,168,210,4
445.0,46709.0,TCP,0.0,1.0,108.0,0,192,168,100,5,192,168,220,6
445.0,40239.0,TCP,0.0,1.0,108.0,0,192,168,100,5,192,168,220,10
58920.0,80.0,TCP,0.003,5.0,479.0,1,192,168,220,16,192,168,100,6
58410.0,80.0,TCP,0.002,5.0,479.0,1,192,168,220,16,192,168,100,6
57907.0,80.0,TCP,0.006,6.0,545.0,1,192,168,220,16,192,168,100,6
445.0,34743.0,TCP,0.0,1.0,108.0,0,192,168,100,5,192,168,220,11
445.0,37191.0,TCP,0.0,1.0,108.0,0,192,168,100,5,192,168,220,7
57295.0,80.0,TCP,0.005,5.0,479.0,1,192,168,220,16,192,168,100,6
43145.0,445.0,TCP,0.002,2.0,174.0,0,192,168,220,4,192,168,100,5
60561.0,80.0,TCP,0.005,5.0,479.0,1,192,168,220,16,192,168,100,6
445.0,34743.0,TCP,0.0,1.0,108.0,0,192,168,100,5,192,168,220,11
33771.0,80.0,TCP,0.004,6.0,545.0,1,192,168,220,16,192,168,100,6
34576.0,80.0,TCP,0.006,6.0,545.0,1,192,168,220,16,192,168,100,6
445.0,49511.0,TCP,0.0,1.0,70.0,0,192,168,100,5,192,168,220,12
58397.0,80.0,TCP,0.005,5.0,479.0,1,192,168,220,16,192,168,100,6
445.0,49094.0,TCP,0.0,1.0,108.0,0,192,168,100,5,192,168,220,8
60321.0,80.0,TCP,0.005,5.0,479.0,1,192,168,220,16,192,168,100,6
56472.0,80.0,TCP,0.004,5.0,479.0,1,192,168,220,16,192,168,100,6
37191.0,445.0,TCP,0.005,2.0,174.0,0,192,168,220,7,192,168,100,5
59623.0,80.0,TCP,0.004,5.0,479.0,1,192,168,220,16,192,168,100,6
445.0,37884.0,TCP,0.0,1.0,108.0,0,192,168,100,5,192,168,220,9
33475.0,80.0,TCP,0.003,6.0,545.0,1,192,168,220,16,192,168,100,6
137.0,137.0,UDP,0.0,1.0,92.0,0,192,168,220,10,192,168,220,255
445.0,60689.0,TCP,0.0,1.0,108.0,0,192,168,100,5,192,168,220,13
445.0,51146.0,TCP,0.0,1.0,108.0,0,192,168,100,5,192,168,220,5
43145.0,445.0,TCP,0.001,2.0,174.0,0,192,168,220,4,192,168,100,5
445.0,43145.0,TCP,0.0,1.0,108.0,0,192,168,100,5,192,168,220,4
52321.0,445.0,TCP,0.003,2.0,174.0,0,192,168,220,14,192,168,100,5
51357.0,5802.0,TCP,0.0,1.0,58.0,1,192,168,220,16,192,168,200,8
43183.0,445.0,TCP,0.004,2.0,174.0,0,192,168,200,4,192,168,100,5
52321.0,445.0,TCP,0.003,2.0,174.0,0,192,168,220,14,192,168,100,5
445.0,49094.0,TCP,0.0,1.0,108.0,0,192,168,100,5,192,168,220,8
445.0,52321.0,TCP,0.0,1.0,70.0,0,192,168,100,5,192,168,220,14
445.0,48888.0,TCP,0.0,1.0,108.0,0,192,168,100,5,192,168,220,15
445.0,40239.0,TCP,0.0,1.0,108.0,0,192,168,100,5,192,168,220,10
57317.0,80.0,TCP,0.003,5.0,479.0,1,192,168,220,16,192,168,100,6
57728.0,80.0,TCP,0.004,5.0,479.0,1,192,168,220,16,192,168,100,6
445.0,43145.0,TCP,0.0,1.0,108.0,0,192,168,100,5,192,168,220,4
445.0,58844.0,TCP,0.0,1.0,70.0,0,192,168,100,5,192,168,220,16
51357.0,1283.0,TCP,0.0,1.0,58.0,1,192,168,220,16,192,168,200,2
49511.0,445.0,TCP,0.003,2.0,174.0,0,192,168,220,12,192,168,100,5
34743.0,445.0,TCP,0.003,2.0,174.0,0,192,168,220,11,192,168,100,5
56214.0,80.0,TCP,0.002,5.0,479.0,1,192,168,220,16,192,168,100,6
445.0,37884.0,TCP,0.0,1.0,108.0,0,192,168,100,5,192,168,220,9
51357.0,49001.0,TCP,0.0,1.0,58.0,1,192,168,220,16,192,168,200,2
57741.0,80.0,TCP,0.004,5.0,479.0,1,192,168,220,16,192,168,100,6
445.0,37884.0,TCP,0.0,1.0,108.0,0,192,168,100,5,192,168,220,9
34743.0,445.0,TCP,0.004,2.0,174.0,0,192,168,220,11,192,168,100,5
445.0,46709.0,TCP,0.0,1.0,108.0,0,192,168,100,5,192,168,220,6
57767.0,80.0,TCP,0.001,5.0,479.0,1,192,168,220,16,192,168,100,6
40239.0,445.0,TCP,0.004,2.0,174.0,0,192,168,220,10,192,168,100,5
43183.0,445.0,TCP,0.002,2.0,174.0,0,192,168,200,4,192,168,100,5
48888.0,445.0,TCP,0.004,2.0,174.0,0,192,168,220,15,192,168,100,5
60039.0,80.0,TCP,0.01,5.0,479.0,1,192,168,220,16,192,168,100,6
445.0,49094.0,TCP,0.0,1.0,108.0,0,192,168,100,5,192,168,220,8
60379.0,80.0,TCP,0.004,5.0,479.0,1,192,168,220,16,192,168,100,6
43145.0,445.0,TCP,0.006,2.0,174.0,0,192,168,220,4,192,168,100,5
58424.0,80.0,TCP,0.002,5.0,479.0,1,192,168,220,16,192,168,100,6
445.0,40239.0,TCP,0.0,1.0,108.0,0,192,168,100,5,192,168,220,10
51146.0,445.0,TCP,0.0,1.0,66.0,0,192,168,220,5,192,168,100,5
59957.0,80.0,TCP,0.003,5.0,479.0,1,192,168,220,16,192,168,100,6
33492.0,80.0,TCP,0.004,5.0,479.0,1,192,168,220,16,192,168,100,6
138.0,138.0,UDP,0.0,1.0,262.0,0,192,168,220,13,192,168,220,255
57316.0,80.0,TCP,0.005,5.0,479.0,1,192,168,220,16,192,168,100,6
48888.0,445.0,TCP,0.0,1.0,66.0,0,192,168,220,15,192,168,100,5
445.0,52321.0,TCP,0.0,1.0,108.0,0,192,168,100,5,192,168,220,14
57808.0,80.0,TCP,0.004,5.0,479.0,1,192,168,220,16,192,168,100,6
445.0,46709.0,TCP,0.0,1.0,108.0,0,192,168,100,5,192,168,220,6
445.0,37884.0,TCP,0.0,1.0,108.0,0,192,168,100,5,192,168,220,9
58844.0,445.0,TCP,0.003,2.0,174.0,0,192,168,220,16,192,168,100,5
43183.0,445.0,TCP,0.003,2.0,174.0,0,192,168,200,4,192,168,100,5
445.0,49094.0,TCP,0.0,1.0,108.0,0,192,168,100,5,192,168,220,8
55714.0,80.0,TCP,0.005,5.0,479.0,1,192,168,220,16,192,168,100,6
49094.0,445.0,TCP,0.005,2.0,174.0,0,192,168,220,8,192,168,100,5
59372.0,80.0,TCP,0.004,5.0,479.0,1,192,168,220,16,192,168,100,6
59718.0,80.0,TCP,0.004,6.0,545.0,1,192,168,220,16,192,168,100,6
60078.0,80.0,TCP,0.004,5.0,479.0,1,192,168,220,16,192,168,100,6
445.0,43183.0,TCP,0.0,1.0,108.0,0,192,168,100,5,192,168,200,4
58600.0,80.0,TCP,0.004,6.0,545.0,1,192,168,220,16,192,168,100,6
445.0,52321.0,TCP,0.0,1.0,108.0,0,192,168,100,5,192,168,220,14
52321.0,445.0,TCP,0.002,2.0,174.0,0,192,168,220,14,192,168,100,5
445.0,43145.0,TCP,0.0,1.0,108.0,0,192,168,100,5,192,168,220,4
37191.0,445.0,TCP,0.005,2.0,174.0,0,192,168,220,7,192,168,100,5
445.0,37884.0,TCP,0.0,1.0,108.0,0,192,168,100,5,192,168,220,9
49094.0,445.0,TCP,0.004,2.0,174.0,0,192,168,220,8,192,168,100,5
445.0,51146.0,TCP,0.0,1.0,70.0,0,192,168,100,5,192,168,220,5
56906.0,80.0,TCP,0.004,5.0,479.0,1,192,168,220,16,192,168,100,6
445.0,49511.0,TCP,0.0,1.0,108.0,0,192,168,100,5,192,168,220,12
445.0,37884.0,TCP,0.0,1.0,108.0,0,192,168,100,5,192,168,220,9
60689.0,445.0,TCP,0.002,2.0,174.0,0,192,168,220,13,192,168,100,5
445.0,60689.0,TCP,0.0,1.0,108.0,0,192,168,100,5,192,168,220,13
445.0,49094.0,TCP,0.0,1.0,108.0,0,192,168,100,5,192,168,220,8
51357.0,1054.0,TCP,0.0,1.0,58.0,1,192,168,220,16,192,168,200,2
445.0,46808.0,TCP,0.0,1.0,108.0,0,192,168,100,5,192,168,200,5
35292.0,80.0,TCP,0.004,5.0,479.0,1,192,168,220,16,192,168,100,6
59136.0,80.0,TCP,0.005,5.0,479.0,1,192,168,220,16,192,168,100,6
445.0,37884.0,TCP,0.0,1.0,108.0,0,192,168,100,5,192,168,220,9
56314.0,80.0,TCP,0.002,6.0,545.0,1,192,168,220,16,192,168,100,6
60760.0,80.0,TCP,0.006,6.0,545.0,1,192,168,220,16,192,168,100,6
60286.0,80.0,TCP,0.003,6.0,545.0,1,192,168,220,16,192,168,100,6
138.0,138.0,UDP,0.0,1.0,243.0,0,192,168,200,9,192,168,200,255
137.0,137.0,UDP,0.0,1.0,92.0,0,192,168,220,6,192,168,220,255
37191.0,445.0,TCP,0.004,2.0,174.0,0,192,168,220,7,192,168,100,5
51146.0,445.0,TCP,0.002,2.0,174.0,0,192,168,220,5,192,168,100,5
49511.0,445.0,TCP,0.002,2.0,174.0,0,192,168,220,12,192,168,100,5
37191.0,445.0,TCP,0.003,2.0,174.0,0,192,168,220,7,192,168,100,5
445.0,51146.0,TCP,0.0,1.0,108.0,0,192,168,100,5,192,168,220,5
60973.0,80.0,TCP,0.0069999999999999,6.0,545.0,1,192,168,220,16,192,168,100,6
55727.0,80.0,TCP,0.004,5.0,479.0,1,192,168,220,16,192,168,100,6
58235.0,80.0,TCP,0.006,5.0,479.0,1,192,168,220,16,192,168,100,6
48888.0,445.0,TCP,0.003,2.0,174.0,1,192,168,220,15,192,168,100,5
55705.0,80.0,TCP,0.003,5.0,479.0,1,192,168,220,16,192,168,100,6
60726.0,80.0,TCP,0.006,6.0,545.0,1,192,168,220,16,192,168,100,6
51432.0,25.0,TCP,0.0,1.0,58.0,1,192,168,220,16,192,168,200,2
33793.0,80.0,TCP,0.005,6.0,545.0,1,192,168,220,16,192,168,100,6
445.0,52321.0,TCP,0.0,1.0,108.0,0,192,168,100,5,192,168,220,14
51357.0,3389.0,TCP,0.0,1.0,58.0,1,192,168,220,16,192,168,200,9
36123.0,80.0,TCP,0.003,5.0,479.0,1,192,168,220,16,192,168,100,6
56929.0,80.0,TCP,0.004,6.0,545.0,1,192,168,220,16,192,168,100,6
48888.0,445.0,TCP,0.003,2.0,174.0,0,192,168,220,15,192,168,100,5
137.0,137.0,UDP,0.0,1.0,92.0,0,192,168,220,7,192,168,220,255
58844.0,445.0,TCP,0.005,2.0,174.0,0,192,168,220,16,192,168,100,5
137.0,137.0,UDP,0.0,1.0,92.0,0,192,168,220,5,192,168,220,255
445.0,60689.0,TCP,0.0,1.0,108.0,0,192,168,100,5,192,168,220,13
43183.0,445.0,TCP,0.001,2.0,174.0,0,192,168,200,4,192,168,100,5
33184.0,80.0,TCP,0.003,5.0,479.0,1,192,168,220,16,192,168,100,6
51357.0,543.0,TCP,0.0,1.0,58.0,1,192,168,220,16,192,168,200,9
445.0,52321.0,TCP,0.0,1.0,108.0,0,192,168,100,5,192,168,220,14
34743.0,445.0,TCP,0.002,2.0,174.0,0,192,168,220,11,192,168,100,5
445.0,34743.0,TCP,0.0,1.0,108.0,0,192,168,100,5,192,168,220,11
445.0,48888.0,TCP,0.0,1.0,108.0,0,192,168,100,5,192,168,220,15
445.0,60689.0,TCP,0.0,1.0,108.0,0,192,168,100,5,192,168,220,13
60264.0,80.0,TCP,0.002,5.0,479.0,1,192,168,220,16,192,168,100,6
57029.0,80.0,TCP,0.006,6.0,545.0,1,192,168,220,16,192,168,100,6
37884.0,445.0,TCP,0.003,2.0,174.0,0,192,168,220,9,192,168,100,5
34743.0,445.0,TCP,0.005,2.0,174.0,0,192,168,220,11,192,168,100,5
55723.0,80.0,TCP,0.006,5.0,479.0,1,192,168,220,16,192,168,100,6
40239.0,445.0,TCP,0.002,2.0,174.0,0,192,168,220,10,192,168,100,5
59413.0,80.0,TCP,0.004,5.0,479.0,1,192,168,220,16,192,168,100,6
34743.0,445.0,TCP,0.0,1.0,66.0,0,192,168,220,11,192,168,100,5
58321.0,80.0,TCP,0.002,5.0,479.0,1,192,168,220,16,192,168,100,6
35999.0,80.0,TCP,0.004,5.0,479.0,1,192,168,220,16,192,168,100,6
445.0,52321.0,TCP,0.0,1.0,108.0,0,192,168,100,5,192,168,220,14
33689.0,80.0,TCP,0.004,5.0,479.0,1,192,168,220,16,192,168,100,6
36016.0,80.0,TCP,0.006,5.0,479.0,1,192,168,220,16,192,168,100,6
445.0,49511.0,TCP,0.0,1.0,108.0,0,192,168,100,5,192,168,220,12
49511.0,445.0,TCP,0.003,2.0,174.0,0,192,168,220,12,192,168,100,5
445.0,40239.0,TCP,0.0,1.0,108.0,0,192,168,100,5,192,168,220,10
43183.0,445.0,TCP,0.003,2.0,174.0,0,192,168,200,4,192,168,100,5
58692.0,80.0,TCP,0.002,5.0,479.0,1,192,168,220,16,192,168,100,6
58855.0,80.0,TCP,0.004,6.0,545.0,1,192,168,220,16,192,168,100,6
137.0,137.0,UDP,0.0,1.0,92.0,0,192,168,220,13,192,168,220,255
445.0,46709.0,TCP,0.0,1.0,108.0,0,192,168,100,5,192,168,220,6
40239.0,445.0,TCP,0.001,2.0,174.0,0,192,168,220,10,192,168,100,5
49511.0,445.0,TCP,0.004,2.0,174.0,0,192,168,220,12,192,168,100,5
60889.0,80.0,TCP,0.003,5.0,479.0,1,192,168,220,16,192,168,100,6
58870.0,80.0,TCP,0.005,6.0,545.0,1,192,168,220,16,192,168,100,6
36488.0,80.0,TCP,0.003,5.0,479.0,1,192,168,220,16,192,168,100,6
137.0,137.0,UDP,0.0,1.0,92.0,0,192,168,220,8,192,168,220,255
445.0,52321.0,TCP,0.0,1.0,108.0,0,192,168,100,5,192,168,220,14
58455.0,80.0,TCP,0.006,5.0,479.0,1,192,168,220,16,192,168,100,6
34302.0,80.0,TCP,0.005,5.0,479.0,1,192,168,220,16,192,168,100,6
59836.0,80.0,TCP,0.003,5.0,479.0,1,192,168,220,16,192,168,100,6
59922.0,80.0,TCP,0.006,5.0,479.0,1,192,168,220,16,192,168,100,6
138.0,138.0,UDP,0.0,1.0,262.0,0,192,168,220,10,192,168,220,255
33762.0,80.0,TCP,0.003,5.0,479.0,1,192,168,220,16,192,168,100,6
55296.0,80.0,TCP,0.003,6.0,545.0,1,192,168,220,16,192,168,100,6
445.0,60689.0,TCP,0.0,1.0,108.0,0,192,168,100,5,192,168,220,13
33184.0,80.0,TCP,0.005,6.0,545.0,1,192,168,220,16,192,168,100,6
445.0,46709.0,TCP,0.0,1.0,108.0,0,192,168,100,5,192,168,220,6
445.0,49511.0,TCP,0.0,1.0,108.0,0,192,168,100,5,192,168,220,12
34083.0,80.0,TCP,0.004,5.0,479.0,1,192,168,220,16,192,168,100,6
57925.0,80.0,TCP,0.004,5.0,479.0,1,192,168,220,16,192,168,100,6
34199.0,80.0,TCP,0.004,5.0,479.0,1,192,168,220,16,192,168,100,6
36901.0,80.0,TCP,0.003,6.0,545.0,1,192,168,220,16,192,168,100,6
445.0,51146.0,TCP,0.0,1.0,108.0,0,192,168,100,5,192,168,220,5
51146.0,445.0,TCP,0.005,2.0,174.0,0,192,168,220,5,192,168,100,5
58757.0,80.0,TCP,0.004,5.0,479.0,1,192,168,220,16,192,168,100,6
445.0,43145.0,TCP,0.0,1.0,108.0,0,192,168,100,5,192,168,220,4
57944.0,80.0,TCP,0.002,5.0,479.0,1,192,168,220,16,192,168,100,6
35065.0,80.0,TCP,0.003,5.0,479.0,1,192,168,220,16,192,168,100,6
51357.0,3306.0,TCP,0.0,1.0,58.0,1,192,168,220,16,192,168,200,5
445.0,46808.0,TCP,0.0,1.0,108.0,0,192,168,100,5,192,168,200,5
46755.0,5961.0,TCP,0.0,1.0,58.0,1,192,168,220,16,192,168,210,4
445.0,40239.0,TCP,0.0,1.0,108.0,0,192,168,100,5,192,168,220,10
58882.0,80.0,TCP,0.003,6.0,545.0,1,192,168,220,16,192,168,100,6
51146.0,445.0,TCP,0.003,2.0,174.0,0,192,168,220,5,192,168,100,5
60293.0,80.0,TCP,0.004,5.0,479.0,1,192,168,220,16,192,168,100,6
51394.0,25.0,TCP,0.0,1.0,58.0,1,192,168,220,16,192,168,200,5
37884.0,445.0,TCP,0.003,2.0,174.0,0,192,168,220,9,192,168,100,5
43145.0,445.0,TCP,0.003,2.0,174.0,0,192,168,220,4,192,168,100,5
445.0,49511.0,TCP,0.0,1.0,108.0,0,192,168,100,5,192,168,220,12
80.0,62791.0,TCP,0.0,1.0,66.0,0,192,168,100,6,192,168,220,14
445.0,49511.0,TCP,0.0,1.0,108.0,0,192,168,100,5,192,168,220,12
60867.0,80.0,TCP,0.005,5.0,479.0,1,192,168,220,16,192,168,100,6
137.0,137.0,UDP,0.0,1.0,92.0,0,192,168,220,4,192,168,220,255
46808.0,445.0,TCP,0.003,2.0,174.0,0,192,168,200,5,192,168,100,5
445.0,37191.0,TCP,0.0,1.0,108.0,0,192,168,100,5,192,168,220,7
43145.0,445.0,TCP,0.004,2.0,174.0,0,192,168,220,4,192,168,100,5
37191.0,445.0,TCP,0.0,1.0,66.0,1,192,168,220,16,192,168,100,5
37884.0,445.0,TCP,0.0,1.0,66.0,0,192,168,220,9,192,168,100,5
445.0,48888.0,TCP,0.0,1.0,108.0,0,192,168,100,5,192,168,220,15
60480.0,80.0,TCP,0.004,5.0,479.0,1,192,168,220,16,192,168,100,6
58025.0,80.0,TCP,0.004,6.0,545.0,1,192,168,220,16,192,168,100,6
40239.0,445.0,TCP,0.002,2.0,174.0,0,192,168,220,10,192,168,100,5
51357.0,783.0,TCP,0.0,1.0,58.0,1,192,168,220,16,192,168,200,2
58844.0,445.0,TCP,0.0,1.0,66.0,0,192,168,220,16,192,168,100,5
57664.0,80.0,TCP,0.002,5.0,479.0,1,192,168,220,16,192,168,100,6
445.0,46808.0,TCP,0.0,1.0,108.0,0,192,168,100,5,192,168,200,5
51357.0,522.0,TCP,0.0,1.0,58.0,1,192,168,220,16,192,168,200,1
445.0,37191.0,TCP,0.0,1.0,108.0,0,192,168,100,5,192,168,220,7
445.0,49511.0,TCP,0.0,1.0,108.0,0,192,168,100,5,192,168,220,12
49511.0,445.0,TCP,0.004,2.0,174.0,0,192,168,220,12,192,168,100,5
60689.0,445.0,TCP,0.003,2.0,174.0,0,192,168,220,13,192,168,100,5
52321.0,445.0,TCP,0.004,2.0,174.0,0,192,168,220,14,192,168,100,5
57773.0,80.0,TCP,0.002,5.0,479.0,1,192,168,220,16,192,168,100,6
35964.0,80.0,TCP,0.005,6.0,545.0,1,192,168,220,16,192,168,100,6
445.0,46709.0,TCP,0.0,1.0,108.0,0,192,168,100,5,192,168,220,6
60725.0,80.0,TCP,0.003,6.0,545.0,1,192,168,220,16,192,168,100,6
57573.0,80.0,TCP,0.004,6.0,545.0,1,192,168,220,16,192,168,100,6
43183.0,445.0,TCP,0.004,2.0,174.0,0,192,168,200,4,192,168,100,5
445.0,58844.0,TCP,0.0,1.0,70.0,0,192,168,100,5,192,168,220,16
445.0,43183.0,TCP,0.0,1.0,108.0,0,192,168,100,5,192,168,200,4
40239.0,445.0,TCP,0.003,2.0,174.0,0,192,168,220,10,192,168,100,5
33496.0,80.0,TCP,0.003,5.0,479.0,1,192,168,220,16,192,168,100,6
37884.0,445.0,TCP,0.003,2.0,174.0,0,192,168,220,9,192,168,100,5
60665.0,80.0,TCP,0.004,6.0,545.0,1,192,168,220,16,192,168,100,6
59098.0,80.0,TCP,0.005,5.0,479.0,1,192,168,220,16,192,168,100,6
58844.0,445.0,TCP,0.004,2.0,174.0,0,192,168,220,16,192,168,100,5
52321.0,445.0,TCP,0.004,2.0,174.0,0,192,168,220,14,192,168,100,5
445.0,58844.0,TCP,0.0,1.0,108.0,0,192,168,100,5,192,168,220,16
445.0,58844.0,TCP,0.0,1.0,108.0,0,192,168,220,16,192,168,220,16
60499.0,80.0,TCP,0.006,5.0,479.0,1,192,168,220,16,192,168,100,6
58844.0,445.0,TCP,0.002,2.0,174.0,0,192,168,220,16,192,168,100,5
445.0,37884.0,TCP,0.0,1.0,108.0,0,192,168,100,5,192,168,220,9
445.0,49094.0,TCP,0.0,1.0,108.0,0,192,168,100,5,192,168,220,8
35335.0,80.0,TCP,0.005,5.0,479.0,1,192,168,220,16,192,168,100,6
58999.0,80.0,TCP,0.003,5.0,479.0,1,192,168,220,16,192,168,100,6
58621.0,80.0,TCP,0.005,5.0,479.0,1,192,168,220,16,192,168,100,6
137.0,137.0,UDP,0.0,1.0,92.0,0,192,168,220,5,192,168,220,6
34743.0,445.0,TCP,0.0,1.0,66.0,0,192,168,220,11,192,168,100,5
37884.0,445.0,TCP,0.002,2.0,174.0,0,192,168,220,9,192,168,100,5
57529.0,80.0,TCP,0.003,5.0,479.0,1,192,168,220,16,192,168,100,6
43145.0,445.0,TCP,0.003,2.0,174.0,0,192,168,220,4,192,168,100,5
445.0,34743.0,TCP,0.0,1.0,108.0,0,192,168,100,5,192,168,220,11
46808.0,445.0,TCP,0.004,2.0,174.0,0,192,168,200,5,192,168,100,5
48888.0,445.0,TCP,0.004,2.0,174.0,0,192,168,220,15,192,168,100,5
48888.0,445.0,TCP,0.004,2.0,174.0,0,192,168,220,15,192,168,100,5
60989.0,80.0,TCP,0.006,5.0,479.0,1,192,168,220,16,192,168,100,6
445.0,46709.0,TCP,0.0,1.0,108.0,0,192,168,100,5,192,168,220,6
445.0,49094.0,TCP,0.0,1.0,108.0,0,192,168,100,5,192,168,220,8
445.0,37191.0,TCP,0.0,1.0,108.0,0,192,168,100,5,192,168,220,7
51358.0,9500.0,TCP,0.0,1.0,58.0,1,192,168,220,16,192,168,200,9
57625.0,80.0,TCP,0.004,6.0,545.0,1,192,168,220,16,192,168,100,6
445.0,51146.0,TCP,0.0,1.0,108.0,0,192,168,100,5,192,168,220,5
60689.0,445.0,TCP,0.004,2.0,174.0,0,192,168,220,13,192,168,100,5
37191.0,445.0,TCP,0.002,2.0,174.0,0,192,168,220,7,192,168,100,5
445.0,49511.0,TCP,0.0,1.0,108.0,0,192,168,100,5,192,168,220,12
32876.0,80.0,TCP,0.006,5.0,479.0,1,192,168,220,16,192,168,100,6
445.0,49511.0,TCP,0.0,1.0,108.0,0,192,168,100,5,192,168,220,12
40239.0,445.0,TCP,0.004,2.0,174.0,0,192,168,220,10,192,168,100,5
36151.0,80.0,TCP,0.005,6.0,545.0,1,192,168,220,16,192,168,100,6
51357.0,20.0,TCP,0.0,1.0,58.0,1,192,168,220,16,192,168,200,3
55480.0,80.0,TCP,0.003,6.0,545.0,1,192,168,220,16,192,168,100,6
445.0,43183.0,TCP,0.0,1.0,108.0,0,192,168,100,5,192,168,200,4
445.0,37191.0,TCP,0.0,1.0,108.0,0,192,168,100,5,192,168,220,7
51436.0,25.0,TCP,0.0,1.0,58.0,1,192,168,220,16,192,168,200,5
59861.0,80.0,TCP,0.006,5.0,479.0,1,192,168,220,16,192,168,100,6
138.0,138.0,UDP,0.0,1.0,262.0,0,192,168,220,15,192,168,220,255
43145.0,80.0,TCP,0.003,5.0,479.0,1,192,168,220,16,192,168,100,6
60883.0,80.0,TCP,0.006,5.0,479.0,1,192,168,220,16,192,168,100,6
445.0,37884.0,TCP,0.0,1.0,108.0,0,192,168,100,5,192,168,220,9
445.0,37884.0,TCP,0.0,1.0,108.0,0,192,168,100,5,192,168,220,9
37884.0,445.0,TCP,0.004,2.0,174.0,0,192,168,220,9,192,168,100,5
445.0,34743.0,TCP,0.0,1.0,108.0,0,192,168,100,5,192,168,220,11
59845.0,80.0,TCP,0.001,5.0,479.0,1,192,168,220,16,192,168,100,6
445.0,60689.0,TCP,0.0,1.0,108.0,0,192,168,100,5,192,168,220,13
445.0,37191.0,TCP,0.0,1.0,70.0,0,192,168,100,5,192,168,220,7
57668.0,80.0,TCP,0.0069999999999999,5.0,479.0,1,192,168,220,16,192,168,100,6
57841.0,80.0,TCP,0.005,6.0,545.0,1,192,168,220,16,192,168,100,6
43145.0,445.0,TCP,0.002,2.0,174.0,0,192,168,220,4,192,168,100,5
49511.0,445.0,TCP,0.004,2.0,174.0,0,192,168,220,12,192,168,100,5
55685.0,80.0,TCP,0.006,6.0,545.0,1,192,168,220,16,192,168,100,6
37191.0,445.0,TCP,0.002,2.0,174.0,0,192,168,220,7,192,168,100,5
57875.0,80.0,TCP,0.006,5.0,479.0,1,192,168,220,16,192,168,100,6
60540.0,80.0,TCP,0.005,5.0,479.0,1,192,168,220,16,192,168,100,6
51357.0,32783.0,TCP,0.0,1.0,58.0,1,192,168,220,16,192,168,200,9
445.0,37191.0,TCP,0.0,1.0,108.0,0,192,168,100,5,192,168,220,7
445.0,37191.0,TCP,0.0,1.0,108.0,0,192,168,100,5,192,168,220,7
59146.0,80.0,TCP,0.004,5.0,479.0,1,192,168,220,16,192,168,100,6
445.0,46808.0,TCP,0.0,1.0,108.0,0,192,168,100,5,192,168,200,5
60689.0,445.0,TCP,0.002,2.0,174.0,0,192,168,220,13,192,168,100,5
445.0,37191.0,TCP,0.0,1.0,108.0,0,192,168,100,5,192,168,220,7
445.0,46709.0,TCP,0.0,1.0,108.0,0,192,168,100,5,192,168,220,6
60737.0,80.0,TCP,0.004,6.0,545.0,1,192,168,220,16,192,168,100,6
445.0,58844.0,TCP,0.0,1.0,108.0,0,192,168,100,5,192,168,220,16
445.0,34743.0,TCP,0.0,1.0,108.0,0,192,168,100,5,192,168,220,11
445.0,58844.0,TCP,0.0,1.0,108.0,0,192,168,100,5,192,168,220,16
35308.0,80.0,TCP,0.004,5.0,479.0,1,192,168,220,16,192,168,100,6
58237.0,80.0,TCP,0.005,5.0,479.0,1,192,168,220,16,192,168,100,6
138.0,138.0,UDP,0.0,1.0,262.0,0,192,168,220,13,192,168,220,255
43183.0,445.0,TCP,0.003,2.0,174.0,0,192,168,200,4,192,168,100,5
445.0,46709.0,TCP,0.0,1.0,108.0,0,192,168,100,5,192,168,220,6
52321.0,445.0,TCP,0.002,2.0,174.0,0,192,168,220,14,192,168,100,5
46808.0,445.0,TCP,0.002,2.0,174.0,0,192,168,200,5,192,168,100,5
137.0,137.0,UDP,0.0,1.0,92.0,0,192,168,220,6,192,168,220,255
138.0,138.0,UDP,0.0,1.0,262.0,0,192,168,200,9,192,168,200,255
137.0,137.0,UDP,0.0,1.0,92.0,0,192,168,220,7,192,168,220,255
59453.0,80.0,TCP,0.005,5.0,479.0,1,192,168,220,16,192,168,100,6
445.0,60689.0,TCP,0.0,1.0,108.0,0,192,168,100,5,192,168,220,13
57591.0,80.0,TCP,0.004,5.0,479.0,1,192,168,220,16,192,168,100,6
51146.0,445.0,TCP,0.0,1.0,66.0,0,192,168,220,5,192,168,100,5
445.0,40239.0,TCP,0.0,1.0,108.0,0,192,168,100,5,192,168,220,10
59099.0,80.0,TCP,0.006,5.0,479.0,1,192,168,220,16,192,168,100,6
43145.0,445.0,TCP,0.004,2.0,174.0,0,192,168,220,4,192,168,100,5
33677.0,80.0,TCP,0.004,6.0,545.0,1,192,168,220,16,192,168,100,6
37191.0,445.0,TCP,0.002,2.0,174.0,0,192,168,220,7,192,168,100,5
445.0,52321.0,TCP,0.0,1.0,70.0,0,192,168,100,5,192,168,220,14
138.0,138.0,UDP,0.0,1.0,262.0,0,192,168,220,14,192,168,220,255
60540.0,80.0,TCP,0.0069999999999999,6.0,545.0,1,192,168,220,16,192,168,100,6
445.0,46709.0,TCP,0.0,1.0,108.0,0,192,168,100,5,192,168,220,6
59877.0,80.0,TCP,0.006,5.0,479.0,1,192,168,220,16,192,168,100,6
59308.0,80.0,TCP,0.004,5.0,479.0,1,192,168,220,16,192,168,100,6
59087.0,80.0,TCP,0.004,5.0,479.0,1,192,168,220,16,192,168,100,6
57862.0,80.0,TCP,0.002,6.0,545.0,1,192,168,220,16,192,168,100,6
43183.0,445.0,TCP,0.004,2.0,174.0,0,192,168,200,4,192,168,100,5
46709.0,445.0,TCP,0.002,2.0,174.0,0,192,168,220,6,192,168,100,5
445.0,46709.0,TCP,0.0,1.0,108.0,0,192,168,100,5,192,168,220,6
445.0,46709.0,TCP,0.0,1.0,70.0,0,192,168,100,5,192,168,220,6
52321.0,445.0,TCP,0.004,2.0,174.0,0,192,168,220,14,192,168,100,5
46709.0,445.0,TCP,0.002,2.0,174.0,0,192,168,220,6,192,168,100,5
445.0,37884.0,TCP,0.0,1.0,108.0,1,192,168,100,5,192,168,220,9
57832.0,80.0,TCP,0.003,5.0,479.0,1,192,168,220,16,192,168,100,6
138.0,138.0,UDP,0.0,1.0,262.0,0,192,168,200,4,192,168,200,255
445.0,43145.0,TCP,0.0,1.0,108.0,0,192,168,100,5,192,168,220,4
60313.0,80.0,TCP,0.004,6.0,545.0,1,192,168,220,16,192,168,100,6
34196.0,80.0,TCP,0.003,5.0,479.0,1,192,168,220,16,192,168,100,6
52321.0,445.0,TCP,0.0,1.0,66.0,0,192,168,220,14,192,168,100,5
445.0,37884.0,TCP,0.0,1.0,108.0,0,192,168,100,5,192,168,220,9
59976.0,80.0,TCP,0.002,6.0,545.0,1,192,168,220,16,192,168,100,6
445.0,43145.0,TCP,0.0,1.0,108.0,0,192,168,100,5,192,168,220,3
57320.0,80.0,TCP,0.003,5.0,479.0,1,192,168,220,16,192,168,100,6
36166.0,80.0,TCP,0.004,5.0,479.0,1,192,168,220,16,192,168,100,6
445.0,49511.0,TCP,0.0,1.0,108.0,0,192,168,100,5,192,168,220,12
55824.0,80.0,TCP,0.004,5.0,479.0,1,192,168,220,16,192,168,100,6
60768.0,80.0,TCP,0.006,5.0,479.0,1,192,168,220,16,192,168,100,6
51438.0,25.0,TCP,0.0,1.0,58.0,1,192,168,220,16,192,168,200,8
34743.0,445.0,TCP,0.004,2.0,174.0,0,192,168,220,11,192,168,100,5
445.0,48888.0,TCP,0.0,1.0,108.0,0,192,168,100,5,192,168,220,15
57825.0,80.0,TCP,0.005,5.0,479.0,1,192,168,220,16,192,168,100,6
445.0,37884.0,TCP,0.0,1.0,108.0,0,192,168,100,5,192,168,220,9
55844.0,80.0,TCP,0.006,5.0,479.0,1,192,168,220,16,192,168,100,6
445.0,37884.0,TCP,0.0,1.0,108.0,0,192,168,100,5,192,168,220,9
445.0,51146.0,TCP,0.0,1.0,108.0,0,192,168,100,5,192,168,220,5
51357.0,1099.0,TCP,0.0,1.0,58.0,1,192,168,220,16,192,168,200,8
58844.0,445.0,TCP,0.003,2.0,174.0,0,192,168,220,16,192,168,100,5
445.0,60689.0,TCP,0.0,1.0,108.0,0,192,168,100,5,192,168,220,13
57749.0,80.0,TCP,0.004,6.0,545.0,1,192,168,220,16,192,168,100,6
49511.0,445.0,TCP,0.005,2.0,174.0,0,192,168,220,12,192,168,100,5
57945.0,80.0,TCP,0.005,5.0,479.0,1,192,168,220,16,192,168,100,6
445.0,40239.0,TCP,0.0,1.0,108.0,0,192,168,100,5,192,168,220,10
58247.0,80.0,TCP,0.005,5.0,479.0,1,192,168,220,16,192,168,100,6
46709.0,445.0,TCP,0.003,2.0,174.0,0,192,168,220,6,192,168,100,5
36931.0,80.0,TCP,0.006,5.0,479.0,1,192,168,220,16,192,168,100,6
52321.0,445.0,TCP,0.0,1.0,66.0,0,192,168,220,14,192,168,100,5
445.0,52321.0,TCP,0.0,1.0,108.0,0,192,168,100,5,192,168,220,14
46808.0,445.0,TCP,0.0,1.0,66.0,0,192,168,200,5,192,168,100,5
445.0,49094.0,TCP,0.0,1.0,108.0,0,192,168,100,5,192,168,220,8
58844.0,445.0,TCP,0.002,2.0,174.0,0,192,168,220,16,192,168,100,5
37191.0,445.0,TCP,0.002,2.0,174.0,0,192,168,220,7,192,168,100,5
59694.0,80.0,TCP,0.003,5.0,479.0,1,192,168,220,16,192,168,100,6
51357.0,5811.0,TCP,0.0,1.0,58.0,1,192,168,220,16,192,168,200,2
445.0,34743.0,TCP,0.0,1.0,70.0,0,192,168,100,5,192,168,220,11
445.0,60689.0,TCP,0.0,1.0,108.0,0,192,168,100,5,192,168,220,13
60641.0,80.0,TCP,0.003,5.0,479.0,1,192,168,220,16,192,168,100,6
51358.0,1287.0,TCP,0.0,1.0,58.0,1,192,168,220,16,192,168,200,8
51146.0,445.0,TCP,0.003,2.0,174.0,0,192,168,220,5,192,168,100,5
445.0,52321.0,TCP,0.0,1.0,108.0,0,192,168,100,5,192,168,220,14
445.0,52321.0,TCP,0.0,1.0,108.0,0,192,168,100,5,192,168,220,14
57268.0,80.0,TCP,0.005,5.0,479.0,1,192,168,220,16,192,168,100,6
43145.0,445.0,TCP,0.004,2.0,174.0,0,192,168,220,4,192,168,100,5
445.0,43183.0,TCP,0.0,1.0,108.0,0,192,168,100,5,192,168,200,4
445.0,49511.0,TCP,0.0,1.0,108.0,0,192,168,100,5,192,168,220,12
34897.0,80.0,TCP,0.003,5.0,479.0,1,192,168,220,16,192,168,100,6
445.0,46808.0,TCP,0.0,1.0,108.0,0,192,168,100,5,192,168,200,5
55821.0,80.0,TCP,0.006,6.0,545.0,1,192,168,220,16,192,168,100,6
51358.0,1053.0,TCP,0.0,1.0,58.0,1,192,168,220,16,192,168,200,9
445.0,46709.0,TCP,0.0,1.0,108.0,0,192,168,100,5,192,168,220,6
48888.0,445.0,TCP,0.002,2.0,174.0,0,192,168,220,15,192,168,100,5
55480.0,80.0,TCP,0.004,5.0,479.0,1,192,168,220,16,192,168,100,6
46808.0,445.0,TCP,0.0,1.0,66.0,0,192,168,200,5,192,168,100,5
445.0,46808.0,TCP,0.0,1.0,108.0,0,192,168,100,5,192,168,200,5
137.0,137.0,UDP,0.0,1.0,92.0,0,192,168,220,15,192,168,220,255
445.0,49511.0,TCP,0.0,1.0,108.0,0,192,168,100,5,192,168,220,12
57625.0,80.0,TCP,0.003,5.0,479.0,1,192,168,220,16,192,168,100,6
51146.0,445.0,TCP,0.002,2.0,174.0,0,192,168,220,5,192,168,100,5
59899.0,80.0,TCP,0.006,6.0,545.0,1,192,168,220,16,192,168,100,6
40239.0,445.0,TCP,0.0,2.0,174.0,0,192,168,220,10,192,168,100,5
60182.0,80.0,TCP,0.004,6.0,545.0,1,192,168,220,16,192,168,100,6
36828.0,80.0,TCP,0.003,5.0,479.0,1,192,168,220,16,192,168,100,6
445.0,48888.0,TCP,0.0,1.0,108.0,0,192,168,100,5,192,168,220,15
51493.0,25.0,TCP,0.0,1.0,58.0,1,192,168,220,16,192,168,200,5
34013.0,80.0,TCP,0.003,6.0,545.0,1,192,168,220,16,192,168,100,6
445.0,43145.0,TCP,0.0,1.0,108.0,0,192,168,100,5,192,168,220,4
445.0,37884.0,TCP,0.0,1.0,70.0,0,192,168,100,5,192,168,220,9
40239.0,445.0,TCP,0.005,2.0,174.0,0,192,168,220,10,192,168,100,5
445.0,37191.0,TCP,0.0,1.0,108.0,0,192,168,100,5,192,168,220,7
57905.0,80.0,TCP,0.005,6.0,545.0,1,192,168,220,16,192,168,100,6
60709.0,80.0,TCP,0.003,5.0,479.0,1,192,168,220,16,192,168,100,6
445.0,51146.0,TCP,0.0,1.0,108.0,0,192,168,100,5,192,168,220,5
445.0,43145.0,TCP,0.0,1.0,108.0,0,192,168,100,5,192,168,220,4
56787.0,80.0,TCP,0.004,6.0,545.0,1,192,168,220,16,192,168,100,6
445.0,43145.0,TCP,0.0,1.0,108.0,0,192,168,100,5,192,168,220,9
60896.0,80.0,TCP,0.003,5.0,479.0,1,192,168,220,16,192,168,100,6
60701.0,80.0,TCP,0.003,5.0,479.0,1,192,168,220,16,192,168,100,6
52321.0,445.0,TCP,0.002,2.0,174.0,0,192,168,220,14,192,168,100,5
34743.0,445.0,TCP,0.002,2.0,174.0,0,192,168,220,11,192,168,100,5
445.0,48888.0,TCP,0.0,1.0,108.0,0,192,168,100,5,192,168,220,15
60689.0,445.0,TCP,0.003,2.0,174.0,0,192,168,220,13,192,168,100,5
43183.0,445.0,TCP,0.004,2.0,174.0,0,192,168,200,4,192,168,100,5
43183.0,445.0,TCP,0.002,2.0,174.0,0,192,168,200,4,192,168,100,5
51358.0,32773.0,TCP,0.0,1.0,58.0,1,192,168,220,16,192,168,200,8
49511.0,445.0,TCP,0.004,2.0,174.0,0,192,168,220,12,192,168,100,5
52321.0,445.0,TCP,0.004,2.0,174.0,0,192,168,220,14,192,168,100,5
58087.0,80.0,TCP,0.005,5.0,479.0,1,192,168,220,16,192,168,100,6
43145.0,445.0,TCP,0.005,2.0,174.0,0,192,168,220,4,192,168,100,5
59074.0,80.0,TCP,0.006,6.0,545.0,1,192,168,220,16,192,168,100,6
59136.0,80.0,TCP,0.005,6.0,545.0,1,192,168,220,16,192,168,100,6
445.0,48888.0,TCP,0.0,1.0,108.0,0,192,168,100,5,192,168,220,15
32786.0,80.0,TCP,0.0069999999999999,6.0,545.0,1,192,168,220,16,192,168,100,6
58691.0,80.0,TCP,0.003,5.0,479.0,1,192,168,220,16,192,168,100,6
445.0,49511.0,TCP,0.0,1.0,108.0,0,192,168,100,5,192,168,220,12
56330.0,80.0,TCP,0.006,5.0,479.0,1,192,168,220,16,192,168,100,6
137.0,137.0,UDP,0.0,1.0,92.0,1,192,168,220,16,192,168,220,255
445.0,46709.0,TCP,0.0,1.0,70.0,0,192,168,100,5,192,168,220,6
51146.0,445.0,TCP,0.004,2.0,174.0,0,192,168,220,5,192,168,100,5
35288.0,80.0,TCP,0.006,5.0,479.0,1,192,168,220,16,192,168,100,6
48888.0,445.0,TCP,0.001,2.0,174.0,0,192,168,220,15,192,168,100,5
59218.0,80.0,TCP,0.0069999999999999,5.0,479.0,1,192,168,220,16,192,168,100,6
445.0,43145.0,TCP,0.0,1.0,108.0,0,192,168,100,5,192,168,220,4
46808.0,445.0,TCP,0.0,1.0,66.0,0,192,168,200,5,192,168,100,5
59519.0,80.0,TCP,0.006,5.0,479.0,1,192,168,220,16,192,168,100,6
445.0,49511.0,TCP,0.0,1.0,108.0,0,192,168,100,5,192,168,220,12
33144.0,80.0,TCP,0.004,6.0,545.0,1,192,168,220,16,192,168,100,6
59689.0,445.0,TCP,0.002,2.0,174.0,0,192,168,220,6,192,168,100,5
60689.0,445.0,TCP,0.005,2.0,174.0,0,192,168,220,13,192,168,100,5
59876.0,80.0,TCP,0.003,6.0,545.0,1,192,168,220,16,192,168,100,6
43145.0,445.0,TCP,0.004,2.0,174.0,0,192,168,220,4,192,168,100,5
445.0,34743.0,TCP,0.0,1.0,108.0,0,192,168,100,5,192,168,220,11
37191.0,445.0,TCP,0.004,2.0,174.0,0,192,168,220,7,192,168,100,5
57716.0,80.0,TCP,0.005,5.0,479.0,1,192,168,220,16,192,168,100,6
37283.0,80.0,TCP,0.005,5.0,479.0,1,192,168,220,16,192,168,100,6
52321.0,445.0,TCP,0.001,2.0,174.0,0,192,168,220,14,192,168,100,5
49094.0,445.0,TCP,0.003,2.0,174.0,0,192,168,220,8,192,168,100,5
58844.0,445.0,TCP,0.004,2.0,174.0,0,192,168,220,16,192,168,100,5
445.0,51146.0,TCP,0.0,1.0,108.0,0,192,168,100,5,192,168,220,5
445.0,43145.0,TCP,0.0,1.0,108.0,0,192,168,100,5,192,168,220,4
445.0,43183.0,TCP,0.0,1.0,108.0,0,192,168,100,5,192,168,200,4
55296.0,80.0,TCP,0.004,6.0,545.0,1,192,168,220,16,192,168,100,6
60791.0,80.0,TCP,0.004,6.0,545.0,1,192,168,220,16,192,168,100,6
43145.0,445.0,TCP,0.003,2.0,174.0,0,192,168,220,4,192,168,100,5
445.0,49094.0,TCP,0.0,1.0,108.0,0,192,168,100,5,192,168,220,8
51357.0,548.0,TCP,0.0,1.0,58.0,1,192,168,220,16,192,168,200,8
445.0,43183.0,TCP,0.0,1.0,108.0,0,192,168,100,5,192,168,200,4
34743.0,445.0,TCP,0.003,2.0,174.0,0,192,168,220,11,192,168,100,5
445.0,37191.0,TCP,0.0,1.0,108.0,0,192,168,100,5,192,168,220,7
36774.0,80.0,TCP,0.005,5.0,479.0,1,192,168,220,16,192,168,100,6
60458.0,80.0,TCP,0.004,5.0,479.0,1,192,168,220,16,192,168,100,6
58405.0,80.0,TCP,0.005,5.0,479.0,1,192,168,220,16,192,168,100,6
58675.0,80.0,TCP,0.003,6.0,545.0,1,192,168,220,16,192,168,100,6
445.0,58844.0,TCP,0.0,1.0,108.0,0,192,168,100,5,192,168,220,16
445.0,49511.0,TCP,0.0,1.0,108.0,0,192,168,100,5,192,168,220,12
52321.0,445.0,TCP,0.004,2.0,174.0,0,192,168,220,14,192,168,100,5
59754.0,80.0,TCP,0.004,6.0,545.0,1,192,168,220,16,192,168,100,6
35386.0,80.0,TCP,0.006,5.0,479.0,1,192,168,220,16,192,168,100,6
445.0,58844.0,TCP,0.0,1.0,108.0,0,192,168,100,5,192,168,220,16
59524.0,80.0,TCP,0.004,5.0,479.0,1,192,168,220,16,192,168,100,6
445.0,43145.0,TCP,0.0,1.0,108.0,0,192,168,100,5,192,168,220,4
445.0,37191.0,TCP,0.0,1.0,108.0,0,192,168,100,5,192,168,220,7
46709.0,445.0,TCP,0.004,2.0,174.0,0,192,168,220,6,192,168,100,5
58231.0,80.0,TCP,0.005,6.0,545.0,1,192,168,220,16,192,168,100,6
36664.0,80.0,TCP,0.004,5.0,479.0,1,192,168,220,16,192,168,100,6
37001.0,80.0,TCP,0.004,5.0,479.0,1,192,168,220,16,192,168,100,6
35060.0,80.0,TCP,0.005,5.0,479.0,1,192,168,220,16,192,168,100,6
57590.0,80.0,TCP,0.006,6.0,545.0,1,192,168,220,16,192,168,100,6
46709.0,445.0,TCP,0.003,2.0,174.0,0,192,168,220,6,192,168,100,5
51357.0,46725.0,TCP,0.0,1.0,58.0,1,192,168,220,16,192,168,200,1
34576.0,80.0,TCP,0.006,5.0,479.0,1,192,168,220,16,192,168,100,6
51357.0,5825.0,TCP,0.0,1.0,58.0,1,192,168,220,16,192,168,200,8
60750.0,80.0,TCP,0.002,6.0,545.0,1,192,168,220,16,192,168,100,6
445.0,58844.0,TCP,0.0,1.0,108.0,0,192,168,100,5,192,168,220,16
49094.0,445.0,TCP,0.004,2.0,174.0,0,192,168,220,8,192,168,100,5
59106.0,80.0,TCP,0.006,5.0,479.0,1,192,168,220,16,192,168,100,6
137.0,137.0,UDP,0.0,1.0,92.0,0,192,168,220,4,192,168,220,255
33729.0,80.0,TCP,0.004,6.0,545.0,1,192,168,220,16,192,168,100,6
46808.0,445.0,TCP,0.0,1.0,66.0,0,192,168,200,5,192,168,100,5
43145.0,445.0,TCP,0.002,2.0,174.0,0,192,168,220,4,192,168,100,5
51358.0,1839.0,TCP,0.0,1.0,58.0,1,192,168,220,16,192,168,200,9
57968.0,80.0,TCP,0.004,6.0,545.0,1,192,168,220,16,192,168,100,6
46709.0,445.0,TCP,0.001,2.0,174.0,0,192,168,220,6,192,168,100,5
445.0,49511.0,TCP,0.0,1.0,108.0,0,192,168,100,5,192,168,220,12
445.0,51146.0,TCP,0.0,1.0,108.0,0,192,168,100,5,192,168,220,5
445.0,43183.0,TCP,0.0,1.0,108.0,0,192,168,100,5,192,168,200,4
445.0,60689.0,TCP,0.0,1.0,108.0,0,192,168,100,5,192,168,220,13
445.0,37191.0,TCP,0.0,1.0,108.0,0,192,168,100,5,192,168,220,7
57020.0,80.0,TCP,0.005,5.0,479.0,1,192,168,220,16,192,168,100,6
49094.0,445.0,TCP,0.005,2.0,174.0,0,192,168,220,8,192,168,100,5
445.0,51146.0,TCP,0.0,1.0,108.0,0,192,168,100,5,192,168,220,5
56927.0,80.0,TCP,0.005,5.0,479.0,1,192,168,220,16,192,168,100,6
51358.0,1233.0,TCP,0.0,1.0,58.0,1,192,168,220,16,192,168,200,9
445.0,40239.0,TCP,0.0,1.0,108.0,0,192,168,100,5,192,168,220,10
445.0,48888.0,TCP,0.0,1.0,108.0,0,192,168,100,5,192,168,220,15
445.0,51146.0,TCP,0.0,1.0,108.0,0,192,168,100,5,192,168,220,5
59143.0,80.0,TCP,0.004,5.0,479.0,1,192,168,220,16,192,168,100,6
445.0,48888.0,TCP,0.0,1.0,108.0,1,192,168,100,5,192,168,220,15
59780.0,80.0,TCP,0.005,5.0,479.0,1,192,168,220,16,192,168,100,6
445.0,37884.0,TCP,0.0,1.0,108.0,0,192,168,100,5,192,168,220,9
445.0,51146.0,TCP,0.0,1.0,108.0,0,192,168,100,5,192,168,220,5
58470.0,80.0,TCP,0.004,5.0,479.0,1,192,168,220,16,192,168,100,6
58333.0,80.0,TCP,0.004,5.0,479.0,1,192,168,220,16,192,168,100,6
59071.0,80.0,TCP,0.003,5.0,479.0,1,192,168,220,16,192,168,100,6
51357.0,514.0,TCP,0.0,1.0,58.0,1,192,168,220,16,192,168,200,5
58005.0,80.0,TCP,0.003,5.0,479.0,1,192,168,220,16,192,168,100,6
46709.0,445.0,TCP,0.003,2.0,174.0,0,192,168,220,6,192,168,100,5
56928.0,80.0,TCP,0.006,5.0,479.0,1,192,168,220,16,192,168,100,6
49094.0,445.0,TCP,0.004,2.0,174.0,0,192,168,220,8,192,168,100,5
445.0,34743.0,TCP,0.0,1.0,108.0,0,192,168,100,5,192,168,220,11
60767.0,80.0,TCP,0.004,5.0,479.0,1,192,168,220,16,192,168,100,6
52321.0,445.0,TCP,0.005,2.0,174.0,0,192,168,220,14,192,168,100,5
445.0,46709.0,TCP,0.0,1.0,108.0,0,192,168,100,5,192,168,220,6
59691.0,80.0,TCP,0.006,6.0,545.0,1,192,168,220,16,192,168,100,6
137.0,137.0,UDP,0.0,1.0,92.0,0,192,168,100,5,192,168,100,255
35308.0,80.0,TCP,0.004,5.0,479.0,1,192,168,220,16,192,168,100,6
59919.0,80.0,TCP,0.006,6.0,545.0,1,192,168,220,16,192,168,100,6
36241.0,80.0,TCP,0.003,5.0,479.0,1,192,168,220,16,192,168,100,6
138.0,138.0,UDP,0.002,2.0,514.0,0,192,168,200,3,192,168,200,255
34183.0,80.0,TCP,0.004,5.0,479.0,1,192,168,220,16,192,168,100,6
445.0,43145.0,TCP,0.0,1.0,108.0,0,192,168,100,5,192,168,220,4
49094.0,80.0,TCP,0.005,2.0,140.0,0,192,168,220,8,192,168,100,6
445.0,43145.0,TCP,0.0,1.0,108.0,0,192,168,100,5,192,168,220,4
49511.0,445.0,TCP,0.004,2.0,174.0,0,192,168,220,12,192,168,100,5
445.0,51146.0,TCP,0.0,1.0,70.0,0,192,168,100,5,192,168,220,5
58190.0,80.0,TCP,0.006,5.0,479.0,1,192,168,220,16,192,168,100,6
58622.0,80.0,TCP,0.004,6.0,545.0,1,192,168,220,16,192,168,100,6
56775.0,80.0,TCP,0.003,6.0,545.0,1,192,168,220,16,192,168,100,6
49511.0,445.0,TCP,0.004,2.0,174.0,0,192,168,220,12,192,168,100,5
60552.0,80.0,TCP,0.0069999999999999,5.0,479.0,1,192,168,220,16,192,168,100,6
60689.0,445.0,TCP,0.004,2.0,174.0,0,192,168,220,13,192,168,100,5
58844.0,80.0,TCP,0.004,6.0,545.0,1,192,168,220,16,192,168,100,6
60689.0,445.0,TCP,0.005,2.0,174.0,0,192,168,220,13,192,168,100,5
445.0,37884.0,TCP,0.0,1.0,108.0,0,192,168,100,5,192,168,220,9
137.0,137.0,UDP,0.0,1.0,92.0,0,192,168,220,8,192,168,220,255
445.0,46808.0,TCP,0.0,1.0,108.0,0,192,168,100,5,192,168,200,5
43183.0,445.0,TCP,0.005,2.0,174.0,0,192,168,200,4,192,168,100,5
445.0,34743.0,TCP,0.0,1.0,108.0,0,192,168,100,5,192,168,220,11
58827.0,80.0,TCP,0.004,5.0,479.0,1,192,168,220,16,192,168,100,6
43183.0,445.0,TCP,0.0,1.0,66.0,0,192,168,200,4,192,168,100,5
43183.0,445.0,TCP,0.0,1.0,66.0,0,192,168,200,4,192,168,100,5
59715.0,80.0,TCP,0.003,5.0,479.0,1,192,168,220,16,192,168,100,6
43145.0,445.0,TCP,0.0,1.0,66.0,0,192,168,220,4,192,168,100,5
60771.0,80.0,TCP,0.003,6.0,545.0,1,192,168,220,16,192,168,100,6
445.0,46808.0,TCP,0.0,1.0,108.0,0,192,168,100,5,192,168,200,5
56621.0,80.0,TCP,0.003,6.0,545.0,1,192,168,220,16,192,168,100,6
60689.0,445.0,TCP,0.005,2.0,174.0,0,192,168,220,13,192,168,100,5
137.0,137.0,UDP,0.0,1.0,92.0,0,192,168,200,4,192,168,200,255
49511.0,445.0,TCP,0.003,2.0,174.0,0,192,168,220,12,192,168,100,5
445.0,51146.0,TCP,0.0,1.0,108.0,0,192,168,100,5,192,168,220,5
445.0,37884.0,TCP,0.0,1.0,108.0,0,192,168,100,5,192,168,220,9
57579.0,80.0,TCP,0.004,6.0,545.0,1,192,168,220,16,192,168,100,6
46808.0,445.0,TCP,0.0,1.0,66.0,0,192,168,200,5,192,168,100,5
57708.0,80.0,TCP,0.006,6.0,545.0,1,192,168,220,16,192,168,100,6
52321.0,445.0,TCP,0.002,2.0,174.0,0,192,168,220,14,192,168,100,5
445.0,37884.0,TCP,0.0,1.0,108.0,0,192,168,100,5,192,168,220,9
51146.0,445.0,TCP,0.004,2.0,174.0,0,192,168,220,5,192,168,100,5
40239.0,445.0,TCP,0.003,2.0,174.0,0,192,168,220,10,192,168,100,5
445.0,34743.0,TCP,0.0,1.0,108.0,0,192,168,100,5,192,168,220,11
445.0,58844.0,TCP,0.0,1.0,108.0,0,192,168,100,5,192,168,220,16
60411.0,80.0,TCP,0.003,6.0,545.0,1,192,168,220,16,192,168,100,6
60593.0,80.0,TCP,0.001,5.0,479.0,1,192,168,220,16,192,168,100,6
58521.0,80.0,TCP,0.006,6.0,545.0,1,192,168,220,16,192,168,100,6
58445.0,80.0,TCP,0.004,5.0,479.0,1,192,168,220,16,192,168,100,6
58604.0,80.0,TCP,0.005,5.0,479.0,1,192,168,220,16,192,168,100,6
48888.0,445.0,TCP,0.002,2.0,174.0,0,192,168,220,15,192,168,100,5
58100.0,80.0,TCP,0.005,6.0,545.0,1,192,168,220,16,192,168,100,6
58991.0,80.0,TCP,0.004,5.0,479.0,1,192,168,220,16,192,168,100,6
49094.0,445.0,TCP,0.0,1.0,66.0,0,192,168,220,8,192,168,100,5
0.0,8.0,ICMP,0.0,1.0,42.0,1,192,168,220,16,192,168,211,215
445.0,60689.0,TCP,0.0,1.0,108.0,0,192,168,100,5,192,168,220,13
37884.0,445.0,TCP,0.003,2.0,174.0,0,192,168,220,9,192,168,100,5
37884.0,445.0,TCP,0.0,1.0,66.0,0,192,168,220,9,192,168,100,5
37884.0,445.0,TCP,0.003,2.0,174.0,0,192,168,220,9,192,168,100,5
445.0,46709.0,TCP,0.0,1.0,108.0,0,192,168,100,5,192,168,220,6
60028.0,80.0,TCP,0.004,6.0,545.0,1,192,168,220,16,192,168,100,6
43145.0,445.0,TCP,0.004,2.0,174.0,0,192,168,220,4,192,168,100,5
35076.0,80.0,TCP,0.006,5.0,479.0,1,192,168,220,16,192,168,100,6
445.0,46709.0,TCP,0.11,2.0,178.0,0,192,168,100,5,192,168,220,6
445.0,52321.0,TCP,0.0,1.0,108.0,0,192,168,100,5,192,168,220,14
35201.0,80.0,TCP,0.005,5.0,479.0,1,192,168,220,16,192,168,100,6
49094.0,445.0,TCP,0.005,2.0,174.0,0,192,168,220,8,192,168,100,5
46808.0,445.0,TCP,0.002,2.0,174.0,0,192,168,200,5,192,168,100,5
58407.0,80.0,TCP,0.004,5.0,479.0,1,192,168,220,16,192,168,100,6
57264.0,80.0,TCP,0.003,5.0,479.0,1,192,168,220,16,192,168,100,6
34606.0,80.0,TCP,0.004,5.0,479.0,1,192,168,220,16,192,168,100,6
51357.0,5443.0,TCP,0.0,1.0,58.0,1,192,168,220,16,192,168,200,2
48888.0,445.0,TCP,0.0,1.0,66.0,0,192,168,220,15,192,168,100,5
445.0,48888.0,TCP,0.0,1.0,108.0,0,192,168,100,5,192,168,220,15
60334.0,80.0,TCP,0.006,6.0,545.0,1,192,168,220,16,192,168,100,6
57728.0,80.0,TCP,0.004,6.0,545.0,1,192,168,220,16,192,168,100,6
51357.0,1117.0,TCP,0.0,1.0,58.0,1,192,168,220,16,192,168,200,9
445.0,46709.0,TCP,0.0,1.0,108.0,0,192,168,100,5,192,168,220,6
33138.0,80.0,TCP,0.004,5.0,479.0,1,192,168,220,16,192,168,100,6
58085.0,80.0,TCP,0.005,5.0,479.0,1,192,168,220,16,192,168,100,6
51146.0,445.0,TCP,0.003,2.0,174.0,0,192,168,220,5,192,168,100,5
60747.0,80.0,TCP,0.003,6.0,545.0,1,192,168,220,16,192,168,100,6
137.0,137.0,UDP,0.0,1.0,92.0,0,192,168,220,14,192,168,220,255
34743.0,445.0,TCP,0.002,2.0,174.0,0,192,168,220,11,192,168,100,5
445.0,51146.0,TCP,0.0,1.0,108.0,0,192,168,100,5,192,168,220,5
52321.0,445.0,TCP,0.005,2.0,174.0,0,192,168,220,14,192,168,100,5
59427.0,80.0,TCP,0.004,5.0,479.0,1,192,168,220,16,192,168,100,6
58490.0,80.0,TCP,0.006,5.0,479.0,1,192,168,220,16,192,168,100,6
49094.0,445.0,TCP,0.005,2.0,174.0,0,192,168,220,8,192,168,100,5
445.0,48888.0,TCP,0.0,1.0,108.0,0,192,168,100,5,192,168,220,15
40239.0,445.0,TCP,0.002,2.0,174.0,0,192,168,220,10,192,168,100,5
59934.0,80.0,TCP,0.004,5.0,479.0,1,192,168,220,16,192,168,100,6
137.0,137.0,UDP,0.0,1.0,92.0,0,192,168,220,5,192,168,220,255
445.0,46709.0,TCP,0.0,1.0,108.0,0,192,168,100,5,192,168,220,6
40239.0,445.0,TCP,0.0,1.0,66.0,0,192,168,220,10,192,168,100,5
445.0,49511.0,TCP,0.0,1.0,108.0,0,192,168,100,5,192,168,220,12
445.0,43145.0,TCP,0.0,1.0,108.0,0,192,168,100,5,192,168,220,4
55527.0,80.0,TCP,0.005,6.0,545.0,1,192,168,220,16,192,168,100,6
445.0,58844.0,TCP,0.0,1.0,108.0,0,192,168,100,5,192,168,220,16
445.0,52321.0,TCP,0.0,1.0,108.0,0,192,168,100,5,192,168,220,14
445.0,48888.0,TCP,0.0,1.0,108.0,0,192,168,100,5,192,168,220,15
37884.0,445.0,TCP,0.004,2.0,174.0,0,192,168,220,9,192,168,100,5
445.0,48888.0,TCP,0.0,1.0,108.0,0,192,168,100,5,192,168,220,15
57951.0,80.0,TCP,0.006,5.0,479.0,1,192,168,220,16,192,168,100,6
43145.0,445.0,TCP,0.004,2.0,174.0,0,192,168,220,4,192,168,100,5
43183.0,445.0,TCP,0.0,1.0,66.0,0,192,168,200,4,192,168,100,5
58307.0,80.0,TCP,0.005,6.0,545.0,1,192,168,220,16,192,168,100,6
445.0,37191.0,TCP,0.0,1.0,108.0,0,192,168,100,5,192,168,220,7
40239.0,445.0,TCP,0.002,2.0,174.0,0,192,168,220,10,192,168,100,5
137.0,137.0,UDP,0.0,1.0,92.0,0,192,168,220,13,192,168,220,255
137.0,137.0,UDP,0.0,1.0,92.0,0,192,168,220,4,192,168,220,255
33680.0,80.0,TCP,0.005,5.0,479.0,1,192,168,220,16,192,168,100,6
57866.0,80.0,TCP,0.002,5.0,479.0,1,192,168,220,16,192,168,100,6
36745.0,80.0,TCP,0.005,5.0,479.0,1,192,168,220,16,192,168,100,6
445.0,58844.0,TCP,0.0,1.0,108.0,0,192,168,100,5,192,168,220,16
52321.0,445.0,TCP,0.004,2.0,174.0,0,192,168,220,14,192,168,100,5
445.0,52321.0,TCP,0.0,1.0,108.0,0,192,168,100,5,192,168,220,14
35609.0,80.0,TCP,0.006,5.0,479.0,1,192,168,220,16,192,168,100,6
445.0,60689.0,TCP,0.0,1.0,108.0,0,192,168,100,5,192,168,220,13
33431.0,80.0,TCP,0.002,5.0,479.0,1,192,168,220,16,192,168,100,6
445.0,46709.0,TCP,0.0,1.0,108.0,0,192,168,100,5,192,168,220,6
445.0,37884.0,TCP,0.0,1.0,108.0,0,192,168,100,5,192,168,220,9
57733.0,80.0,TCP,0.005,6.0,545.0,1,192,168,220,16,192,168,100,6
56666.0,80.0,TCP,0.004,5.0,479.0,1,192,168,220,16,192,168,100,6
51146.0,445.0,TCP,0.005,2.0,174.0,0,192,168,220,5,192,168,100,5
59953.0,80.0,TCP,0.003,6.0,545.0,1,192,168,220,16,192,168,100,6
445.0,43183.0,TCP,0.0,1.0,108.0,0,192,168,100,5,192,168,200,4
46709.0,445.0,TCP,0.001,2.0,174.0,0,192,168,220,6,192,168,100,5
51357.0,1782.0,TCP,0.0,1.0,58.0,1,192,168,220,16,192,168,200,5
52321.0,445.0,TCP,0.002,2.0,174.0,0,192,168,220,14,192,168,100,5
445.0,40239.0,TCP,0.0,1.0,108.0,0,192,168,100,5,192,168,220,10
56306.0,80.0,TCP,0.003,6.0,545.0,1,192,168,220,16,192,168,100,6
445.0,34743.0,TCP,0.0,1.0,108.0,0,192,168,100,5,192,168,220,11
58844.0,445.0,TCP,0.004,2.0,174.0,0,192,168,220,16,192,168,100,5
445.0,46709.0,TCP,0.0,1.0,70.0,0,192,168,100,5,192,168,220,6
48888.0,445.0,TCP,0.002,2.0,174.0,0,192,168,220,15,192,168,100,5
138.0,138.0,UDP,0.0,2.0,511.0,0,192,168,220,5,192,168,220,255
36682.0,80.0,TCP,0.003,5.0,479.0,1,192,168,220,16,192,168,100,6
34303.0,80.0,TCP,0.006,6.0,545.0,1,192,168,220,16,192,168,100,6
5.0,80.0,TCP,0.004,5.0,479.0,1,192,168,220,16,192,168,100,6
59053.0,80.0,TCP,0.0069999999999999,5.0,479.0,1,192,168,220,16,192,168,100,6
51357.0,9102.0,TCP,0.0,1.0,58.0,1,192,168,220,16,192,168,200,1
58458.0,80.0,TCP,0.003,5.0,479.0,1,192,168,220,16,192,168,100,6
80.0,80.0,TCP,0.0,1.0,66.0,0,192,168,100,6,192,168,220,7
35557.0,80.0,TCP,0.004,5.0,479.0,1,192,168,220,16,192,168,100,6
37191.0,445.0,TCP,0.002,2.0,174.0,0,192,168,220,7,192,168,100,5
59267.0,80.0,TCP,0.005,5.0,479.0,1,192,168,220,16,192,168,100,6
35206.0,80.0,TCP,0.006,5.0,479.0,1,192,168,220,16,192,168,100,6
137.0,137.0,UDP,0.0,1.0,92.0,0,192,168,220,10,192,168,220,255
137.0,137.0,UDP,0.0,1.0,92.0,0,192,168,100,4,192,168,100,255
51357.0,6190.0,TCP,0.0,1.0,58.0,1,192,168,220,16,192,168,200,2
43183.0,445.0,TCP,0.005,2.0,174.0,0,192,168,200,4,192,168,100,5
60689.0,445.0,TCP,0.004,2.0,174.0,0,192,168,220,13,192,168,100,5
51357.0,1063.0,TCP,0.0,1.0,58.0,1,192,168,220,16,192,168,200,5
51146.0,445.0,TCP,0.003,2.0,174.0,0,192,168,220,5,192,168,100,5
137.0,137.0,UDP,0.0,1.0,92.0,0,192,168,220,10,192,168,220,255
48888.0,445.0,TCP,0.005,2.0,174.0,0,192,168,220,15,192,168,100,5
51357.0,605.0,TCP,0.0,1.0,58.0,1,192,168,220,16,192,168,200,9
34745.0,80.0,TCP,0.004,5.0,479.0,1,192,168,220,16,192,168,100,6
51357.0,1036.0,TCP,0.003,1.0,58.0,1,192,168,220,16,192,168,200,1
445.0,49094.0,TCP,0.0,1.0,108.0,0,192,168,100,5,192,168,220,8
49094.0,445.0,TCP,0.004,2.0,174.0,0,192,168,220,8,192,168,100,5
43145.0,445.0,TCP,0.004,2.0,174.0,0,192,168,220,4,192,168,100,5
137.0,137.0,UDP,0.0,1.0,92.0,0,192,168,200,4,192,168,200,255
49094.0,445.0,TCP,0.004,2.0,174.0,0,192,168,220,8,192,168,100,5
60250.0,80.0,TCP,0.003,5.0,479.0,1,192,168,220,16,192,168,100,6
57731.0,80.0,TCP,0.006,6.0,545.0,1,192,168,220,16,192,168,100,6
57729.0,80.0,TCP,0.003,5.0,479.0,1,192,168,220,16,192,168,100,6
34743.0,445.0,TCP,0.005,2.0,174.0,0,192,168,220,11,192,168,100,5
445.0,46709.0,TCP,0.0,1.0,108.0,0,192,168,100,5,192,168,220,6
59118.0,80.0,TCP,0.005,5.0,479.0,1,192,168,220,16,192,168,100,6
445.0,51146.0,TCP,0.0,1.0,108.0,0,192,168,100,5,192,168,220,5
49094.0,445.0,TCP,0.005,2.0,174.0,0,192,168,220,8,192,168,100,5
37191.0,445.0,TCP,0.002,2.0,174.0,0,192,168,220,7,192,168,100,5
137.0,137.0,UDP,0.0,1.0,92.0,0,192,168,220,9,192,168,220,255
51358.0,6580.0,TCP,0.0,1.0,58.0,1,192,168,220,16,192,168,200,9
58998.0,80.0,TCP,0.002,5.0,479.0,1,192,168,220,16,192,168,100,6
58844.0,445.0,TCP,0.002,2.0,174.0,0,192,168,220,16,192,168,100,5
36129.0,80.0,TCP,0.005,5.0,479.0,1,192,168,220,16,192,168,100,6
59210.0,80.0,TCP,0.004,5.0,479.0,1,192,168,220,16,192,168,100,6
35999.0,80.0,TCP,0.006,5.0,479.0,1,192,168,220,16,192,168,100,6
59415.0,80.0,TCP,0.0069999999999999,6.0,545.0,1,192,168,220,16,192,168,100,6
35233.0,80.0,TCP,0.003,5.0,479.0,1,192,168,220,16,192,168,100,6
59061.0,80.0,TCP,0.003,5.0,479.0,1,192,168,220,16,192,168,100,6
445.0,34743.0,TCP,0.0,1.0,108.0,0,192,168,100,5,192,168,220,11
57730.0,80.0,TCP,0.005,5.0,479.0,1,192,168,220,16,192,168,100,6
57530.0,80.0,TCP,0.003,5.0,479.0,1,192,168,220,16,192,168,100,6
137.0,137.0,UDP,0.0,1.0,92.0,0,192,168,220,5,192,168,220,255
48888.0,445.0,TCP,0.005,2.0,174.0,0,192,168,220,15,192,168,100,5
56853.0,80.0,TCP,0.006,6.0,545.0,1,192,168,220,16,192,168,100,6
49511.0,445.0,TCP,0.002,2.0,174.0,0,192,168,220,12,192,168,100,5
58844.0,445.0,TCP,0.0,1.0,66.0,0,192,168,220,16,192,168,100,5
445.0,49511.0,TCP,0.0,1.0,108.0,0,192,168,100,5,192,168,220,12
445.0,48888.0,TCP,0.0,1.0,70.0,0,192,168,100,5,192,168,220,15
49094.0,445.0,TCP,0.005,2.0,174.0,0,192,168,220,8,192,168,100,5
138.0,138.0,UDP,0.0,1.0,262.0,0,192,168,220,9,192,168,220,255
445.0,37191.0,TCP,0.0,1.0,108.0,0,192,168,100,5,192,168,220,7
51358.0,509.0,TCP,0.0,1.0,58.0,1,192,168,220,16,192,168,200,8
445.0,49094.0,TCP,0.0,1.0,108.0,0,192,168,100,5,192,168,220,8
58936.0,80.0,TCP,0.004,5.0,479.0,1,192,168,220,16,192,168,100,6
35308.0,80.0,TCP,0.004,6.0,545.0,1,192,168,220,16,192,168,100,6
60274.0,80.0,TCP,0.006,5.0,479.0,1,192,168,220,16,192,168,100,6
56904.0,80.0,TCP,0.003,5.0,479.0,1,192,168,220,16,192,168,100,6
32869.0,587.0,TCP,0.062,14.0,1100000.0,0,192,168,220,5,192,168,100,4
137.0,137.0,UDP,0.0,1.0,92.0,0,192,168,220,10,192,168,220,255
35805.0,80.0,TCP,0.006,6.0,545.0,1,192,168,220,16,192,168,100,6
51357.0,6567.0,TCP,0.0,1.0,58.0,1,192,168,220,16,192,168,200,5
445.0,34743.0,TCP,0.0,1.0,108.0,0,192,168,100,5,192,168,220,11
35193.0,80.0,TCP,0.006,5.0,479.0,1,192,168,220,16,192,168,100,6
55793.0,80.0,TCP,0.002,5.0,479.0,1,192,168,220,16,192,168,100,6
445.0,37884.0,TCP,0.0,1.0,108.0,0,192,168,100,5,192,168,220,9
34573.0,80.0,TCP,0.003,5.0,479.0,1,192,168,220,16,192,168,100,6
34743.0,445.0,TCP,0.004,2.0,174.0,0,192,168,220,11,192,168,100,5
445.0,40239.0,TCP,0.0,1.0,108.0,0,192,168,100,5,192,168,220,10
32955.0,80.0,TCP,0.003,5.0,479.0,1,192,168,220,16,192,168,100,6
445.0,46808.0,TCP,0.0,1.0,108.0,0,192,168,100,5,192,168,200,5
137.0,137.0,UDP,0.0,1.0,92.0,0,192,168,100,4,192,168,100,255
34743.0,445.0,TCP,0.0,1.0,66.0,0,192,168,220,11,192,168,100,5
445.0,48888.0,TCP,0.0,1.0,108.0,0,192,168,100,5,192,168,220,15
138.0,138.0,UDP,0.0,1.0,262.0,0,192,168,220,10,192,168,220,255
58844.0,445.0,TCP,0.001,2.0,174.0,0,192,168,220,16,192,168,100,5
49511.0,445.0,TCP,0.0,1.0,66.0,0,192,168,220,12,192,168,100,5
60536.0,80.0,TCP,0.006,5.0,479.0,1,192,168,220,16,192,168,100,6
445.0,48888.0,TCP,0.0,1.0,108.0,0,192,168,100,5,192,168,220,15
55938.0,80.0,TCP,0.003,5.0,479.0,1,192,168,220,16,192,168,100,6
58874.0,80.0,TCP,0.006,6.0,545.0,1,192,168,220,16,192,168,100,6
43145.0,445.0,TCP,0.005,2.0,174.0,0,192,168,220,4,192,168,100,5
59139.0,80.0,TCP,0.004,5.0,479.0,1,192,168,220,16,192,168,100,6
58670.0,80.0,TCP,0.006,5.0,479.0,1,192,168,220,16,192,168,100,6
445.0,60689.0,TCP,0.0,1.0,108.0,0,192,168,100,5,192,168,220,13
33579.0,80.0,TCP,0.003,6.0,545.0,1,192,168,220,16,192,168,100,6
57777.0,80.0,TCP,0.0069999999999999,6.0,545.0,1,192,168,220,16,192,168,100,6
49094.0,445.0,TCP,0.004,2.0,174.0,0,192,168,220,8,192,168,100,5
57865.0,80.0,TCP,0.005,5.0,479.0,1,192,168,220,16,192,168,100,6
46808.0,445.0,TCP,0.005,2.0,174.0,0,192,168,200,5,192,168,100,5
445.0,51146.0,TCP,0.0,1.0,108.0,0,192,168,100,5,192,168,220,5
59208.0,80.0,TCP,0.0069999999999999,5.0,479.0,1,192,168,220,16,192,168,100,6
43145.0,445.0,TCP,0.0,1.0,66.0,0,192,168,220,4,192,168,100,5
60575.0,80.0,TCP,0.004,6.0,545.0,1,192,168,220,16,192,168,100,6
59673.0,80.0,TCP,0.004,5.0,479.0,1,192,168,220,16,192,168,100,6
34240.0,80.0,TCP,0.005,5.0,479.0,1,192,168,220,16,192,168,100,6
445.0,34743.0,TCP,0.0,1.0,108.0,0,192,168,100,5,192,168,220,11
60689.0,445.0,TCP,0.003,2.0,174.0,0,192,168,220,13,192,168,100,5
56136.0,80.0,TCP,0.003,5.0,479.0,1,192,168,220,16,192,168,100,6
57569.0,80.0,TCP,0.005,6.0,545.0,1,192,168,220,16,192,168,100,6
37129.0,80.0,TCP,0.004,5.0,479.0,1,192,168,220,16,192,168,100,6
40239.0,445.0,TCP,0.004,2.0,174.0,0,192,168,220,10,192,168,100,5
445.0,58844.0,TCP,0.0,1.0,108.0,0,192,168,100,5,192,168,220,16
59823.0,80.0,TCP,0.004,5.0,479.0,1,192,168,220,16,192,168,100,6
51146.0,445.0,TCP,0.004,2.0,174.0,0,192,168,220,5,192,168,100,5
34279.0,80.0,TCP,0.006,5.0,479.0,1,192,168,220,16,192,168,100,6
60079.0,80.0,TCP,0.006,5.0,479.0,1,192,168,220,16,192,168,100,6
51357.0,1098.0,TCP,0.0,1.0,58.0,1,192,168,220,16,192,168,200,2
445.0,40239.0,TCP,0.0,1.0,108.0,0,192,168,100,5,192,168,220,10
445.0,48888.0,TCP,0.0,1.0,108.0,0,192,168,100,5,192,168,220,15
58937.0,80.0,TCP,0.004,5.0,479.0,1,192,168,220,16,192,168,100,6
445.0,46709.0,TCP,0.0,1.0,108.0,0,192,168,100,5,192,168,220,6
445.0,51146.0,TCP,0.0,1.0,108.0,0,192,168,100,5,192,168,220,5
37001.0,80.0,TCP,0.006,5.0,479.0,1,192,168,220,16,192,168,100,6
445.0,37191.0,TCP,0.0,1.0,108.0,0,192,168,100,5,192,168,220,7
60842.0,80.0,TCP,0.003,5.0,479.0,1,192,168,220,16,192,168,100,6
52321.0,445.0,TCP,0.002,2.0,174.0,0,192,168,220,14,192,168,100,5
33636.0,80.0,TCP,0.003,5.0,479.0,1,192,168,220,16,192,168,100,6
51357.0,668.0,TCP,0.0,1.0,58.0,1,192,168,220,16,192,168,200,1
58844.0,445.0,TCP,0.002,2.0,174.0,0,192,168,220,16,192,168,100,5
445.0,60689.0,TCP,0.0,1.0,108.0,0,192,168,100,5,192,168,220,13
52321.0,445.0,TCP,0.004,2.0,174.0,0,192,168,220,14,192,168,100,5
37884.0,445.0,TCP,0.0,2.0,174.0,0,192,168,220,9,192,168,100,5
37884.0,445.0,TCP,0.003,2.0,174.0,0,192,168,220,9,192,168,100,5
32956.0,80.0,TCP,0.003,5.0,479.0,1,192,168,220,16,192,168,100,6
56241.0,80.0,TCP,0.002,5.0,479.0,1,192,168,220,16,192,168,100,6
58844.0,445.0,TCP,0.004,2.0,174.0,0,192,168,220,16,192,168,100,5
137.0,137.0,UDP,0.0,1.0,92.0,0,192,168,220,10,192,168,220,255
34743.0,445.0,TCP,0.004,2.0,174.0,0,192,168,220,11,192,168,100,5
138.0,138.0,UDP,0.0,1.0,262.0,0,192,168,220,14,192,168,220,255
37191.0,80.0,TCP,0.006,5.0,479.0,1,192,168,220,16,192,168,100,5
35240.0,80.0,TCP,0.004,5.0,479.0,1,192,168,220,16,192,168,100,6
137.0,137.0,UDP,0.0,1.0,92.0,0,192,168,220,4,192,168,220,255
445.0,60689.0,TCP,0.0,1.0,108.0,0,192,168,100,5,192,168,220,13
43145.0,445.0,TCP,0.005,2.0,174.0,0,192,168,220,4,192,168,100,5
58443.0,80.0,TCP,0.003,5.0,479.0,1,192,168,220,16,192,168,100,6
58626.0,80.0,TCP,0.004,5.0,479.0,1,192,168,220,16,192,168,100,6
52321.0,445.0,TCP,0.003,2.0,174.0,0,192,168,220,14,192,168,100,5
445.0,52321.0,TCP,0.0,1.0,58.0,0,192,168,100,5,192,168,220,14
49511.0,445.0,TCP,0.004,2.0,174.0,0,192,168,220,12,192,168,100,5
59841.0,80.0,TCP,0.004,5.0,479.0,1,192,168,220,16,192,168,100,6
445.0,37191.0,TCP,0.0,1.0,108.0,0,192,168,100,5,192,168,220,7
35157.0,80.0,TCP,0.004,5.0,479.0,1,192,168,220,16,192,168,100,6
445.0,43145.0,TCP,0.0,1.0,108.0,0,192,168,100,5,192,168,220,4
445.0,34743.0,TCP,0.0,1.0,70.0,0,192,168,100,5,192,168,220,11
445.0,60689.0,TCP,0.0,1.0,108.0,0,192,168,100,5,192,168,220,13
59680.0,80.0,TCP,0.002,6.0,545.0,1,192,168,220,16,192,168,100,6
34591.0,80.0,TCP,0.006,5.0,479.0,1,192,168,220,16,192,168,100,6
58676.0,80.0,TCP,0.003,5.0,479.0,1,192,168,220,16,192,168,100,6
137.0,137.0,UDP,0.0,1.0,92.0,0,192,168,220,14,192,168,220,255
51357.0,25.0,TCP,0.0,1.0,58.0,1,192,168,220,16,192,168,200,1
58844.0,445.0,TCP,0.004,2.0,174.0,0,192,168,220,16,192,168,100,5
49094.0,445.0,TCP,0.003,2.0,174.0,0,192,168,220,8,192,168,100,5
59992.0,80.0,TCP,0.004,5.0,479.0,1,192,168,220,16,192,168,100,6
58866.0,80.0,TCP,0.004,6.0,545.0,1,192,168,220,16,192,168,100,6
52321.0,445.0,TCP,0.0,2.0,511.0,1,192,168,220,14,192,168,100,5
36003.0,80.0,TCP,0.004,5.0,479.0,1,192,168,220,16,192,168,100,6
445.0,51146.0,TCP,0.0,1.0,108.0,0,192,168,100,5,192,168,220,5
57843.0,80.0,TCP,0.006,5.0,479.0,1,192,168,220,16,192,168,100,6
37191.0,445.0,TCP,0.002,2.0,174.0,0,192,168,220,7,192,168,100,5
35269.0,80.0,TCP,0.006,6.0,545.0,1,192,168,220,16,192,168,100,6
60689.0,445.0,TCP,0.004,2.0,174.0,0,192,168,220,13,192,168,100,5
35288.0,80.0,TCP,0.002,5.0,479.0,1,192,168,220,16,192,168,100,6
46709.0,445.0,TCP,0.0,1.0,66.0,0,192,168,220,6,192,168,100,5
59317.0,80.0,TCP,0.003,6.0,545.0,1,192,168,220,16,192,168,100,6
445.0,43145.0,TCP,0.0,1.0,108.0,0,192,168,100,5,192,168,220,4
33104.0,80.0,TCP,0.004,6.0,545.0,1,192,168,220,16,192,168,100,6
56877.0,80.0,TCP,0.005,6.0,545.0,1,192,168,220,16,192,168,100,6
59038.0,80.0,TCP,0.002,5.0,479.0,1,192,168,220,16,192,168,100,6
60429.0,80.0,TCP,0.0069999999999999,6.0,545.0,1,192,168,220,16,192,168,100,6
137.0,137.0,UDP,0.0,1.0,92.0,0,192,168,220,10,192,168,220,255
137.0,137.0,UDP,0.0,1.0,92.0,0,192,168,220,15,192,168,220,255
445.0,49511.0,TCP,0.0,1.0,108.0,0,192,168,100,5,192,168,220,12
445.0,40239.0,TCP,0.0,1.0,108.0,0,192,168,100,5,192,168,220,10
43145.0,445.0,TCP,0.0,1.0,66.0,0,192,168,220,4,192,168,100,5
46709.0,445.0,TCP,0.003,2.0,174.0,0,192,168,220,6,192,168,100,5
445.0,49094.0,TCP,0.0,1.0,108.0,0,192,168,100,5,192,168,220,8
37191.0,445.0,TCP,0.005,2.0,174.0,0,192,168,220,7,192,168,100,5
445.0,49094.0,TCP,0.0,1.0,108.0,0,192,168,100,5,192,168,220,8
137.0,137.0,UDP,0.0,1.0,92.0,0,192,168,220,15,192,168,220,255
60416.0,80.0,TCP,0.004,5.0,479.0,1,192,168,220,16,192,168,100,6
51357.0,1095.0,TCP,0.0,1.0,58.0,1,192,168,220,16,192,168,200,1
46709.0,445.0,TCP,0.0,1.0,66.0,0,192,168,220,6,192,168,100,5
59948.0,80.0,TCP,0.006,5.0,479.0,1,192,168,220,16,192,168,100,6
445.0,34743.0,TCP,0.0,1.0,108.0,0,192,168,100,5,192,168,220,11
445.0,48888.0,TCP,0.0,1.0,108.0,0,192,168,100,5,192,168,220,15
56440.0,80.0,TCP,0.003,5.0,479.0,1,192,168,220,16,192,168,100,6
57822.0,80.0,TCP,0.006,5.0,479.0,1,192,168,220,16,192,168,100,6
59016.0,80.0,TCP,0.003,5.0,479.0,1,192,168,220,16,192,168,100,6
51357.0,25.0,TCP,0.0,1.0,58.0,1,192,168,220,16,192,168,200,5
52321.0,445.0,TCP,0.004,2.0,174.0,0,192,168,220,14,192,168,100,5
49511.0,445.0,TCP,0.003,2.0,174.0,0,192,168,220,12,192,168,100,5
48888.0,445.0,TCP,0.002,2.0,174.0,0,192,168,220,15,192,168,100,5
35841.0,80.0,TCP,0.004,6.0,545.0,1,192,168,220,16,192,168,100,6
445.0,60689.0,TCP,0.0,1.0,108.0,0,192,168,100,5,192,168,220,13
51357.0,6666.0,TCP,0.0,1.0,58.0,1,192,168,220,16,192,168,200,5
445.0,49511.0,TCP,0.0,1.0,108.0,0,192,168,100,5,192,168,220,12
58844.0,445.0,TCP,0.0,1.0,66.0,0,192,168,220,16,192,168,100,5
60774.0,80.0,TCP,0.005,5.0,479.0,1,192,168,220,16,192,168,100,6
58931.0,80.0,TCP,0.006,6.0,545.0,1,192,168,220,16,192,168,100,6
59013.0,80.0,TCP,0.005,5.0,479.0,1,192,168,220,16,192,168,100,6
51146.0,445.0,TCP,0.004,2.0,174.0,0,192,168,220,5,192,168,100,5
36505.0,80.0,TCP,0.006,5.0,479.0,1,192,168,220,16,192,168,100,6
445.0,46808.0,TCP,0.0,1.0,108.0,0,192,168,100,5,192,168,200,5
445.0,51146.0,TCP,0.0,1.0,108.0,0,192,168,100,5,192,168,220,5
59172.0,80.0,TCP,0.006,6.0,545.0,1,192,168,220,16,192,168,100,6
37884.0,445.0,TCP,0.002,2.0,174.0,0,192,168,220,9,192,168,100,5
59955.0,80.0,TCP,0.004,5.0,479.0,1,192,168,220,16,192,168,100,6
51358.0,6689.0,TCP,0.0,1.0,58.0,1,192,168,220,16,192,168,200,9
56959.0,80.0,TCP,0.006,6.0,545.0,1,192,168,220,16,192,168,100,6
137.0,137.0,UDP,0.0,1.0,92.0,0,192,168,220,14,192,168,220,255
58844.0,445.0,TCP,0.004,2.0,174.0,0,192,168,220,16,192,168,100,5
35071.0,80.0,TCP,0.002,5.0,479.0,1,192,168,220,16,192,168,100,6
34469.0,80.0,TCP,0.003,5.0,479.0,1,192,168,220,16,192,168,100,6
36998.0,80.0,TCP,0.005,5.0,479.0,1,192,168,220,16,192,168,100,6
57832.0,80.0,TCP,0.005,5.0,479.0,1,192,168,220,16,192,168,100,6
587.0,80.0,TCP,0.005,5.0,479.0,1,192,168,220,16,192,168,100,6
35805.0,80.0,TCP,0.006,5.0,479.0,1,192,168,220,16,192,168,100,6
60114.0,80.0,TCP,0.006,6.0,545.0,1,192,168,220,16,192,168,100,6
46709.0,445.0,TCP,0.0,1.0,66.0,0,192,168,220,6,192,168,100,5
445.0,48888.0,TCP,0.0,1.0,108.0,0,192,168,100,5,192,168,220,15
445.0,52321.0,TCP,0.0,1.0,108.0,0,192,168,100,5,192,168,220,14
34590.0,80.0,TCP,0.006,6.0,545.0,1,192,168,220,16,192,168,100,6
138.0,138.0,UDP,0.0,1.0,262.0,0,192,168,200,5,192,168,200,255
36595.0,80.0,TCP,0.004,5.0,479.0,1,192,168,220,16,192,168,100,6
445.0,37191.0,TCP,0.0,1.0,108.0,0,192,168,100,5,192,168,220,7
43145.0,445.0,TCP,0.002,2.0,174.0,0,192,168,220,4,192,168,100,5
57725.0,80.0,TCP,0.005,5.0,479.0,1,192,168,220,16,192,168,100,6
445.0,43183.0,TCP,0.0,1.0,108.0,0,192,168,100,5,192,168,200,4
43145.0,445.0,TCP,0.001,2.0,174.0,0,192,168,220,4,192,168,100,5
57310.0,80.0,TCP,0.005,5.0,479.0,1,192,168,220,16,192,168,100,6
56803.0,80.0,TCP,0.005,5.0,479.0,1,192,168,220,16,192,168,100,6
36072.0,80.0,TCP,0.006,6.0,545.0,1,192,168,220,16,192,168,100,6
60689.0,445.0,TCP,0.0,1.0,66.0,0,192,168,220,13,192,168,100,5
57592.0,80.0,TCP,0.006,6.0,545.0,1,192,168,220,16,192,168,100,6
46709.0,445.0,TCP,0.0,1.0,66.0,0,192,168,220,6,192,168,100,5
57599.0,80.0,TCP,0.003,5.0,479.0,1,192,168,220,16,192,168,100,6
51357.0,1301.0,TCP,0.0,1.0,58.0,1,192,168,220,16,192,168,200,1
445.0,49094.0,TCP,0.0,1.0,108.0,0,192,168,100,5,192,168,220,8
58844.0,445.0,TCP,0.004,2.0,174.0,0,192,168,220,16,192,168,100,5
51357.0,1461.0,TCP,0.0,1.0,58.0,1,192,168,220,16,192,168,200,5
445.0,49511.0,TCP,0.0,1.0,108.0,0,192,168,100,5,192,168,220,12
445.0,40239.0,TCP,0.0,1.0,108.0,0,192,168,100,5,192,168,220,10
52321.0,445.0,TCP,0.003,2.0,174.0,0,192,168,220,14,192,168,100,5
59526.0,80.0,TCP,0.004,6.0,545.0,1,192,168,220,16,192,168,100,6
58101.0,80.0,TCP,0.003,5.0,479.0,1,192,168,220,16,192,168,100,6
59043.0,80.0,TCP,0.006,5.0,479.0,1,192,168,220,16,192,168,100,6
59978.0,80.0,TCP,0.006,5.0,479.0,1,192,168,220,16,192,168,100,6
57855.0,80.0,TCP,0.003,5.0,479.0,1,192,168,220,16,192,168,100,6
35935.0,80.0,TCP,0.006,5.0,479.0,1,192,168,220,16,192,168,100,6
55948.0,80.0,TCP,0.002,5.0,479.0,1,192,168,220,16,192,168,100,6
445.0,43145.0,TCP,0.0,1.0,108.0,0,192,168,100,5,192,168,220,4
445.0,49511.0,TCP,0.0,1.0,108.0,0,192,168,100,5,192,168,220,12
57952.0,80.0,TCP,0.004,5.0,479.0,1,192,168,220,16,192,168,100,6
48888.0,445.0,TCP,0.003,2.0,174.0,0,192,168,220,15,192,168,100,5
37884.0,445.0,TCP,0.0,1.0,66.0,0,192,168,220,9,192,168,100,5
445.0,46709.0,TCP,0.0,1.0,108.0,0,192,168,100,5,192,168,220,6
51357.0,3389.0,TCP,0.0,1.0,58.0,1,192,168,220,16,192,168,200,1
37195.0,80.0,TCP,0.005,5.0,479.0,1,192,168,220,16,192,168,100,6
58669.0,80.0,TCP,0.006,5.0,479.0,1,192,168,220,16,192,168,100,6
445.0,48888.0,TCP,0.0,1.0,108.0,0,192,168,100,5,192,168,220,15
36820.0,80.0,TCP,0.003,5.0,479.0,1,192,168,220,16,192,168,100,6
445.0,37191.0,TCP,0.0,1.0,108.0,0,192,168,100,5,192,168,220,7
137.0,137.0,UDP,0.0,1.0,92.0,0,192,168,220,15,192,168,220,255
37884.0,445.0,TCP,0.0,1.0,66.0,0,192,168,220,9,192,168,100,5
58034.0,80.0,TCP,0.004,5.0,479.0,1,192,168,220,16,192,168,100,6
60722.0,80.0,TCP,0.002,5.0,479.0,1,192,168,220,16,192,168,100,6
37191.0,445.0,TCP,0.002,2.0,174.0,0,192,168,220,7,192,168,100,5
56126.0,80.0,TCP,0.003,5.0,479.0,1,192,168,220,16,192,168,100,6
49094.0,445.0,TCP,0.004,2.0,174.0,0,192,168,220,8,192,168,100,5
445.0,58844.0,TCP,0.0,1.0,108.0,0,192,168,100,5,192,168,220,16
137.0,137.0,UDP,0.0,1.0,92.0,0,192,168,220,15,192,168,220,255
56145.0,80.0,TCP,0.003,5.0,479.0,1,192,168,220,16,192,168,100,6
58489.0,80.0,TCP,0.006,5.0,479.0,1,192,168,220,16,192,168,100,6
51357.0,25.0,TCP,0.0,1.0,58.0,1,192,168,220,16,192,168,200,3
48888.0,445.0,TCP,0.004,2.0,174.0,0,192,168,220,15,192,168,100,5
58060.0,80.0,TCP,0.005,5.0,479.0,1,192,168,220,16,192,168,100,6
60582.0,80.0,TCP,0.005,5.0,479.0,1,192,168,220,16,192,168,100,6
58930.0,80.0,TCP,0.006,5.0,479.0,1,192,168,220,16,192,168,100,6
59024.0,80.0,TCP,0.004,5.0,479.0,1,192,168,220,16,192,168,100,6
445.0,34743.0,TCP,0.0,1.0,108.0,0,192,168,100,5,192,168,220,11
48888.0,445.0,TCP,0.004,2.0,174.0,0,192,168,220,15,192,168,100,5
36982.0,80.0,TCP,0.006,5.0,479.0,1,192,168,220,16,192,168,100,6
35533.0,80.0,TCP,0.005,5.0,479.0,1,192,168,220,16,192,168,100,6
445.0,37884.0,TCP,0.0,1.0,108.0,0,192,168,100,5,192,168,220,9
445.0,43183.0,TCP,0.0,1.0,108.0,0,192,168,100,5,192,168,200,4
445.0,58844.0,TCP,0.0,1.0,108.0,0,192,168,100,5,192,168,220,16
445.0,60689.0,TCP,0.0,1.0,108.0,0,192,168,100,5,192,168,220,13
51357.0,8001.0,TCP,0.0,1.0,58.0,1,192,168,220,16,192,168,200,3
60268.0,80.0,TCP,0.003,6.0,545.0,1,192,168,220,16,192,168,100,6
138.0,138.0,UDP,0.0,1.0,262.0,0,192,168,220,6,192,168,220,255
59983.0,80.0,TCP,0.005,5.0,479.0,1,192,168,220,16,192,168,100,6
60529.0,80.0,TCP,0.006,5.0,479.0,1,192,168,220,16,192,168,100,6
445.0,46709.0,TCP,0.0,1.0,108.0,0,192,168,100,5,192,168,220,6
137.0,137.0,UDP,0.0,1.0,92.0,0,192,168,220,8,192,168,220,255
445.0,46808.0,TCP,0.0,1.0,70.0,0,192,168,100,5,192,168,200,5
445.0,49094.0,TCP,0.0,1.0,108.0,0,192,168,100,5,192,168,220,8
59516.0,80.0,TCP,0.004,5.0,479.0,1,192,168,220,16,192,168,100,6
57721.0,80.0,TCP,0.004,6.0,545.0,1,192,168,220,16,192,168,100,6
60018.0,80.0,TCP,0.005,5.0,479.0,1,192,168,220,16,192,168,100,6
445.0,49511.0,TCP,0.0,1.0,108.0,0,192,168,100,5,192,168,220,12
445.0,34743.0,TCP,0.0,1.0,70.0,0,192,168,100,5,192,168,220,11
445.0,49511.0,TCP,0.0,1.0,108.0,0,192,168,100,5,192,168,220,12
57264.0,80.0,TCP,0.004,5.0,479.0,1,192,168,220,16,192,168,100,6
445.0,49511.0,TCP,0.0,1.0,108.0,0,192,168,100,5,192,168,220,12
35854.0,80.0,TCP,0.003,5.0,479.0,1,192,168,220,16,192,168,100,6
445.0,52321.0,TCP,0.0,1.0,108.0,0,192,168,100,5,192,168,220,14
445.0,49094.0,TCP,0.0,1.0,108.0,0,192,168,100,5,192,168,220,8
34075.0,80.0,TCP,0.004,5.0,479.0,1,192,168,220,16,192,168,100,6
445.0,40239.0,TCP,0.0,1.0,108.0,0,192,168,100,5,192,168,220,10
43183.0,445.0,TCP,0.005,2.0,174.0,0,192,168,200,4,192,168,100,5
445.0,51146.0,TCP,0.0,1.0,108.0,0,192,168,100,5,192,168,220,5
445.0,37191.0,TCP,0.0,1.0,108.0,0,192,168,100,5,192,168,220,7
57768.0,80.0,TCP,0.005,5.0,479.0,1,192,168,220,16,192,168,100,6
137.0,137.0,UDP,0.0,1.0,92.0,0,192,168,200,5,192,168,200,255
34743.0,445.0,TCP,0.004,2.0,174.0,0,192,168,220,11,192,168,100,5
445.0,60689.0,TCP,0.0,1.0,108.0,0,192,168,100,5,192,168,220,13
58940.0,80.0,TCP,0.002,5.0,479.0,1,192,168,220,16,192,168,100,6
43183.0,445.0,TCP,0.003,2.0,174.0,0,192,168,200,4,192,168,100,5
51357.0,1796.0,TCP,0.0,1.0,58.0,1,192,168,220,16,192,168,200,3
445.0,37191.0,TCP,0.0,1.0,108.0,0,192,168,100,5,192,168,220,7
32901.0,80.0,TCP,0.005,5.0,479.0,1,192,168,220,16,192,168,100,6
57828.0,80.0,TCP,0.004,6.0,545.0,1,192,168,220,16,192,168,100,6
52321.0,445.0,TCP,0.0,1.0,66.0,0,192,168,220,14,192,168,100,5
33069.0,80.0,TCP,0.0069999999999999,5.0,479.0,1,192,168,220,16,192,168,100,6
43145.0,445.0,TCP,0.005,2.0,174.0,0,192,168,220,4,192,168,100,5
51358.0,52848.0,TCP,0.0,1.0,58.0,1,192,168,220,16,192,168,200,8
445.0,37191.0,TCP,0.0,1.0,108.0,0,192,168,100,5,192,168,220,7
51357.0,1028.0,TCP,0.0,1.0,58.0,1,192,168,220,16,192,168,200,5
137.0,137.0,UDP,0.0,1.0,92.0,0,192,168,220,10,192,168,220,255
137.0,137.0,UDP,0.0,1.0,92.0,0,192,168,220,14,192,168,220,255
57839.0,80.0,TCP,0.003,5.0,479.0,1,192,168,220,16,192,168,100,6
138.0,138.0,UDP,0.0,1.0,262.0,0,192,168,220,14,192,168,220,255
58331.0,80.0,TCP,0.003,5.0,479.0,1,192,168,220,16,192,168,100,6
445.0,51146.0,TCP,0.0,1.0,108.0,0,192,168,100,5,192,168,220,5
138.0,138.0,UDP,0.0,1.0,262.0,0,192,168,220,14,192,168,220,255
34728.0,80.0,TCP,0.005,5.0,479.0,1,192,168,220,16,192,168,100,6
59307.0,80.0,TCP,0.002,5.0,479.0,1,192,168,220,16,192,168,100,6
37191.0,445.0,TCP,0.003,2.0,174.0,0,192,168,220,7,192,168,100,5
51357.0,1029.0,TCP,0.0,1.0,58.0,1,192,168,220,16,192,168,200,2
46756.0,3827.0,TCP,0.0,1.0,58.0,1,192,168,220,16,192,168,210,5
445.0,43145.0,TCP,0.0,1.0,108.0,0,192,168,100,5,192,168,220,4
51358.0,531.0,TCP,0.0,1.0,58.0,1,192,168,220,16,192,168,200,9
55749.0,80.0,TCP,0.005,6.0,545.0,1,192,168,220,16,192,168,100,6
445.0,37191.0,TCP,0.0,1.0,108.0,0,192,168,100,5,192,168,220,7
445.0,46709.0,TCP,0.0,1.0,108.0,0,192,168,100,5,192,168,220,6
445.0,37191.0,TCP,0.0,1.0,108.0,0,192,168,100,5,192,168,220,7
58964.0,80.0,TCP,0.003,5.0,479.0,1,192,168,220,16,192,168,100,6
445.0,43145.0,TCP,0.0,1.0,108.0,0,192,168,100,5,192,168,220,4
57848.0,80.0,TCP,0.004,5.0,479.0,1,192,168,220,16,192,168,100,6
36184.0,80.0,TCP,0.002,5.0,479.0,1,192,168,220,16,192,168,100,6
51357.0,5801.0,TCP,0.0,1.0,58.0,1,192,168,220,16,192,168,200,3
35335.0,80.0,TCP,0.006,6.0,545.0,1,192,168,220,16,192,168,100,6
57725.0,80.0,TCP,0.004,5.0,479.0,1,192,168,220,16,192,168,100,6
445.0,37191.0,TCP,0.0,1.0,108.0,0,192,168,100,5,192,168,220,7
59450.0,80.0,TCP,0.006,5.0,479.0,1,192,168,220,16,192,168,100,6
445.0,43183.0,TCP,0.0,1.0,108.0,0,192,168,100,5,192,168,200,4
34011.0,80.0,TCP,0.005,5.0,479.0,1,192,168,220,16,192,168,100,6
59071.0,80.0,TCP,0.003,5.0,479.0,1,192,168,220,16,192,168,100,6
445.0,37191.0,TCP,0.0,1.0,108.0,0,192,168,100,5,192,168,220,7
52321.0,445.0,TCP,0.003,2.0,174.0,0,192,168,220,14,192,168,100,5
59013.0,80.0,TCP,0.003,5.0,479.0,1,192,168,220,16,192,168,100,6
60061.0,80.0,TCP,0.004,5.0,479.0,1,192,168,220,16,192,168,100,6
58937.0,80.0,TCP,0.006,5.0,479.0,1,192,168,220,16,192,168,100,6
58679.0,80.0,TCP,0.006,5.0,479.0,1,192,168,220,16,192,168,100,6
58646.0,80.0,TCP,0.004,5.0,479.0,1,192,168,220,16,192,168,100,6
445.0,51146.0,TCP,0.0,1.0,108.0,0,192,168,100,5,192,168,220,5
57850.0,80.0,TCP,0.006,6.0,545.0,1,192,168,220,16,192,168,100,6
37809.0,80.0,TCP,0.005,5.0,479.0,1,192,168,220,16,192,168,100,6
445.0,46808.0,TCP,0.0,1.0,108.0,0,192,168,100,5,192,168,200,5
445.0,40239.0,TCP,0.0,1.0,108.0,0,192,168,100,5,192,168,220,10
59975.0,80.0,TCP,0.003,6.0,545.0,1,192,168,220,16,192,168,100,6
137.0,137.0,UDP,0.0,1.0,92.0,0,192,168,220,12,192,168,220,255
36137.0,80.0,TCP,0.004,5.0,479.0,1,192,168,220,16,192,168,100,6
51357.0,5952.0,TCP,0.0,1.0,58.0,1,192,168,220,16,192,168,200,3
59260.0,80.0,TCP,0.004,5.0,479.0,1,192,168,220,16,192,168,100,6
49094.0,445.0,TCP,0.005,2.0,174.0,0,192,168,220,8,192,168,100,5
51358.0,1045.0,TCP,0.0,1.0,58.0,1,192,168,220,16,192,168,200,8
34743.0,445.0,TCP,0.003,2.0,174.0,0,192,168,220,11,192,168,100,5
33658.0,80.0,TCP,0.0069999999999999,5.0,479.0,1,192,168,220,16,192,168,100,6
58420.0,80.0,TCP,0.005,5.0,479.0,1,192,168,220,16,192,168,100,6
59050.0,80.0,TCP,0.004,5.0,479.0,1,192,168,220,16,192,168,100,6
49511.0,445.0,TCP,0.005,2.0,174.0,0,192,168,220,12,192,168,100,5
445.0,49094.0,TCP,0.0,1.0,108.0,0,192,168,100,5,192,168,220,8
58844.0,445.0,TCP,0.0,1.0,66.0,0,192,168,220,16,192,168,100,5
60629.0,80.0,TCP,0.003,6.0,545.0,1,192,168,220,16,192,168,100,6
52321.0,445.0,TCP,0.003,2.0,174.0,0,192,168,220,14,192,168,100,5
445.0,60689.0,TCP,0.0,1.0,108.0,0,192,168,100,5,192,168,220,13
56013.0,80.0,TCP,0.004,5.0,479.0,1,192,168,220,16,192,168,100,6
445.0,46709.0,TCP,0.0,1.0,108.0,0,192,168,100,5,192,168,220,6
49511.0,445.0,TCP,0.003,2.0,174.0,0,192,168,220,12,192,168,100,5
59255.0,80.0,TCP,0.003,5.0,479.0,1,192,168,220,16,192,168,100,6
138.0,138.0,UDP,0.0,1.0,262.0,0,192,168,220,7,192,168,220,255
445.0,43183.0,TCP,0.0,1.0,108.0,0,192,168,100,5,192,168,200,4
51357.0,10004.0,TCP,0.0,1.0,58.0,1,192,168,220,16,192,168,200,8
37503.0,80.0,TCP,0.003,5.0,479.0,1,192,168,220,16,192,168,100,6
51459.0,25.0,TCP,0.0,1.0,58.0,1,192,168,220,16,192,168,200,5
445.0,43183.0,TCP,0.0,1.0,108.0,0,192,168,100,5,192,168,200,4
137.0,137.0,UDP,0.0,1.0,92.0,0,192,168,220,4,192,168,220,255
445.0,49511.0,TCP,0.0,1.0,108.0,0,192,168,100,5,192,168,220,12
57928.0,80.0,TCP,0.004,6.0,545.0,1,192,168,220,16,192,168,100,6
445.0,49094.0,TCP,0.0,1.0,70.0,0,192,168,100,5,192,168,220,8
37191.0,445.0,TCP,0.001,2.0,174.0,0,192,168,220,7,192,168,100,5
58844.0,445.0,TCP,0.004,2.0,174.0,0,192,168,220,16,192,168,100,5
445.0,58844.0,TCP,0.0,1.0,70.0,0,192,168,100,5,192,168,220,16
445.0,37884.0,TCP,0.0,1.0,108.0,0,192,168,100,5,192,168,220,9
43145.0,445.0,TCP,0.0,1.0,66.0,0,192,168,220,4,192,168,100,5
57825.0,80.0,TCP,0.004,6.0,545.0,1,192,168,220,16,192,168,100,6
57731.0,80.0,TCP,0.005,5.0,479.0,1,192,168,220,16,192,168,100,6
445.0,37884.0,TCP,0.0,1.0,108.0,0,192,168,100,5,192,168,220,9
58844.0,445.0,TCP,0.003,2.0,174.0,0,192,168,220,16,192,168,100,5
46755.0,1035.0,TCP,0.0,1.0,58.0,1,192,168,220,16,192,168,210,5
37884.0,445.0,TCP,0.003,2.0,174.0,0,192,168,220,9,192,168,100,5
138.0,138.0,UDP,0.0,1.0,262.0,0,192,168,100,3,192,168,100,255
58844.0,445.0,TCP,0.002,2.0,174.0,0,192,168,220,16,192,168,100,5
37294.0,80.0,TCP,0.006,5.0,479.0,1,192,168,220,16,192,168,100,6
60522.0,80.0,TCP,0.005,5.0,479.0,1,192,168,220,16,192,168,100,6
43145.0,445.0,TCP,0.002,2.0,174.0,0,192,168,220,4,192,168,100,5
40239.0,445.0,TCP,0.0,1.0,66.0,0,192,168,220,10,192,168,100,5
445.0,43145.0,TCP,0.0,1.0,108.0,0,192,168,100,5,192,168,220,4
36084.0,80.0,TCP,0.004,5.0,479.0,1,192,168,220,16,192,168,100,6
137.0,137.0,UDP,0.0,1.0,92.0,0,192,168,220,13,192,168,220,255
59053.0,80.0,TCP,0.006,5.0,479.0,1,192,168,220,16,192,168,100,6
445.0,37884.0,TCP,0.0,1.0,108.0,0,192,168,100,5,192,168,220,9
43145.0,445.0,TCP,0.006,2.0,174.0,0,192,168,220,4,192,168,100,5
60264.0,80.0,TCP,0.006,5.0,479.0,1,192,168,220,16,192,168,100,6
51146.0,445.0,TCP,0.005,2.0,174.0,0,192,168,220,5,192,168,100,5
138.0,138.0,UDP,0.0,1.0,262.0,0,192,168,220,3,192,168,220,255
34743.0,445.0,TCP,0.001,2.0,174.0,0,192,168,220,11,192,168,100,5
137.0,137.0,UDP,0.0,1.0,92.0,0,192,168,220,10,192,168,220,255
43145.0,445.0,TCP,0.004,2.0,174.0,0,192,168,220,4,192,168,100,5
57729.0,80.0,TCP,0.004,5.0,479.0,1,192,168,220,16,192,168,100,6
138.0,138.0,UDP,0.0,1.0,262.0,0,192,168,220,8,192,168,220,255
60622.0,80.0,TCP,0.006,6.0,545.0,1,192,168,220,16,192,168,100,6
46808.0,445.0,TCP,0.005,2.0,174.0,0,192,168,200,5,192,168,100,5
58040.0,80.0,TCP,0.004,5.0,479.0,1,192,168,220,16,192,168,100,6
58223.0,80.0,TCP,0.005,5.0,479.0,1,192,168,220,16,192,168,100,6
51357.0,2971.0,TCP,0.0,1.0,58.0,1,192,168,220,16,192,168,200,1
37884.0,445.0,TCP,0.004,2.0,174.0,0,192,168,220,9,192,168,100,5
51357.0,7007.0,TCP,0.0,1.0,58.0,1,192,168,220,16,192,168,200,8
34743.0,445.0,TCP,0.004,2.0,174.0,0,192,168,220,11,192,168,100,5
445.0,37191.0,TCP,0.0,1.0,108.0,0,192,168,100,5,192,168,220,7
60516.0,80.0,TCP,0.002,5.0,479.0,1,192,168,220,16,192,168,100,6
34743.0,445.0,TCP,0.001,2.0,174.0,0,192,168,220,11,192,168,100,5
80.0,80.0,TCP,0.0,1.0,66.0,0,192,168,220,15,192,168,100,6
445.0,37191.0,TCP,0.0,1.0,108.0,0,192,168,100,5,192,168,220,7
445.0,60689.0,TCP,0.0,9.0,486.0,0,192,168,100,5,192,168,220,13
46808.0,445.0,TCP,0.001,2.0,174.0,0,192,168,200,5,192,168,100,5
445.0,37884.0,TCP,0.0,1.0,108.0,0,192,168,100,5,192,168,220,9
52321.0,445.0,TCP,0.0,2.0,174.0,0,192,168,220,14,192,168,100,5
52321.0,445.0,TCP,0.002,2.0,174.0,0,192,168,220,14,192,168,100,5
60619.0,80.0,TCP,0.006,5.0,479.0,1,192,168,220,16,192,168,100,6
57975.0,80.0,TCP,0.004,5.0,479.0,1,192,168,220,16,192,168,100,6
587.0,53931.0,TCP,0.11,11.0,2112.0,0,192,168,100,4,192,168,210,4
445.0,37191.0,TCP,0.0,1.0,108.0,0,192,168,100,5,192,168,220,7
37191.0,445.0,TCP,0.004,2.0,174.0,0,192,168,220,7,192,168,100,5
43183.0,445.0,TCP,0.0,1.0,66.0,0,192,168,200,4,192,168,100,5
57421.0,80.0,TCP,0.005,5.0,479.0,1,192,168,220,16,192,168,100,6
36824.0,80.0,TCP,0.004,5.0,479.0,1,192,168,220,16,192,168,100,6
51357.0,8383.0,TCP,0.0,1.0,58.0,1,192,168,220,16,192,168,200,1
60689.0,445.0,TCP,0.0,1.0,66.0,0,192,168,220,13,192,168,100,5
57829.0,80.0,TCP,0.005,6.0,545.0,1,192,168,220,16,192,168,100,6
51357.0,1029.0,TCP,0.0,1.0,58.0,1,192,168,220,16,192,168,200,3
46756.0,4.0,TCP,0.0,1.0,58.0,1,192,168,220,16,192,168,210,4
33088.0,80.0,TCP,0.004,5.0,479.0,1,192,168,220,16,192,168,100,6
35346.0,80.0,TCP,0.006,5.0,479.0,1,192,168,220,16,192,168,100,6
43183.0,445.0,TCP,0.002,2.0,174.0,0,192,168,200,4,192,168,100,5
58844.0,445.0,TCP,0.002,2.0,174.0,0,192,168,220,16,192,168,100,5
59836.0,80.0,TCP,0.004,6.0,545.0,1,192,168,220,16,192,168,100,6
58844.0,445.0,TCP,0.002,2.0,174.0,0,192,168,220,16,192,168,100,5
56805.0,80.0,TCP,0.002,5.0,479.0,1,192,168,220,16,192,168,100,6
57953.0,80.0,TCP,0.001,5.0,479.0,1,192,168,220,16,192,168,100,6
445.0,40239.0,TCP,0.0,1.0,108.0,0,192,168,100,5,192,168,220,10
57680.0,80.0,TCP,0.004,6.0,545.0,1,192,168,220,16,192,168,100,6
55922.0,80.0,TCP,0.005,5.0,479.0,1,192,168,220,16,192,168,100,6
46709.0,445.0,TCP,0.003,2.0,174.0,0,192,168,220,6,192,168,100,5
445.0,51146.0,TCP,0.0,1.0,108.0,0,192,168,100,5,192,168,220,5
34743.0,445.0,TCP,0.004,2.0,174.0,0,192,168,220,11,192,168,100,5
34743.0,445.0,TCP,0.005,2.0,174.0,0,192,168,220,11,192,168,100,5
445.0,58844.0,TCP,0.0,1.0,108.0,0,192,168,100,5,192,168,220,16
58626.0,80.0,TCP,0.004,5.0,479.0,1,192,168,220,16,192,168,100,6
52321.0,445.0,TCP,0.001,2.0,174.0,0,192,168,220,14,192,168,100,5
37884.0,445.0,TCP,0.0,1.0,66.0,0,192,168,220,9,192,168,100,5
59404.0,80.0,TCP,0.003,5.0,479.0,1,192,168,220,16,192,168,100,6
37283.0,80.0,TCP,0.003,5.0,479.0,1,192,168,220,16,192,168,100,6
48888.0,445.0,TCP,0.0,1.0,66.0,0,192,168,220,15,192,168,100,5
49511.0,445.0,TCP,0.004,2.0,174.0,0,192,168,220,12,192,168,100,5
33582.0,80.0,TCP,0.005,5.0,479.0,1,192,168,220,16,192,168,100,6
59426.0,80.0,TCP,0.004,6.0,545.0,1,192,168,220,16,192,168,100,6
58693.0,80.0,TCP,0.005,5.0,479.0,1,192,168,220,16,192,168,100,6
51358.0,8300.0,TCP,0.0,1.0,58.0,1,192,168,220,16,192,168,200,8
33016.0,80.0,TCP,0.005,5.0,479.0,1,192,168,220,16,192,168,100,6
55245.0,80.0,TCP,0.005,5.0,479.0,1,192,168,220,16,192,168,100,6
49282.0,56828.0,TCP,0.0139999999999999,8.0,522.0,0,192,168,100,4,192,168,210,5
137.0,137.0,UDP,0.0,1.0,92.0,0,192,168,200,4,192,168,200,255
48888.0,445.0,TCP,0.001,2.0,174.0,0,192,168,220,15,192,168,100,5
43183.0,445.0,TCP,0.0,1.0,66.0,0,192,168,200,4,192,168,100,5
445.0,40239.0,TCP,0.0,1.0,108.0,0,192,168,100,5,192,168,220,10
138.0,138.0,UDP,0.0,1.0,262.0,0,192,168,200,5,192,168,200,255
43145.0,445.0,TCP,0.004,2.0,174.0,0,192,168,220,4,192,168,100,5
445.0,46808.0,TCP,0.0,1.0,108.0,0,192,168,100,5,192,168,200,5
138.0,138.0,UDP,0.0,1.0,262.0,0,192,168,220,6,192,168,220,255
590732.0,80.0,TCP,0.005,5.0,479.0,1,192,168,220,16,192,168,100,6
60608.0,80.0,TCP,0.005,6.0,545.0,1,192,168,220,16,192,168,100,6
445.0,34743.0,TCP,0.0,1.0,108.0,0,192,168,100,5,192,168,220,11
58312.0,80.0,TCP,0.006,5.0,479.0,1,192,168,220,16,192,168,100,6
51357.0,54337.0,TCP,0.0,1.0,58.0,1,192,168,220,16,192,168,200,4
137.0,137.0,UDP,0.0,1.0,92.0,0,192,168,220,12,192,168,220,255
35352.0,80.0,TCP,0.005,5.0,479.0,1,192,168,220,16,192,168,100,6
445.0,43145.0,TCP,0.0,1.0,70.0,0,192,168,100,5,192,168,220,4
46709.0,445.0,TCP,0.005,2.0,174.0,0,192,168,220,6,192,168,100,5
49094.0,445.0,TCP,0.002,2.0,174.0,0,192,168,220,8,192,168,100,5
138.0,138.0,UDP,0.0,1.0,262.0,0,192,168,220,4,192,168,220,255
33873.0,80.0,TCP,0.006,5.0,479.0,1,192,168,220,16,192,168,100,6
57828.0,80.0,TCP,0.004,5.0,479.0,1,192,168,220,16,192,168,100,6
51357.0,1088.0,TCP,0.0,1.0,58.0,1,192,168,220,16,192,168,200,9
445.0,49094.0,TCP,0.0,1.0,108.0,0,192,168,100,5,192,168,220,8
445.0,48888.0,TCP,0.0,1.0,108.0,0,192,168,100,5,192,168,220,15
46709.0,445.0,TCP,0.001,2.0,174.0,0,192,168,220,6,192,168,100,5
37191.0,445.0,TCP,0.002,2.0,174.0,0,192,168,220,7,192,168,100,5
60901.0,80.0,TCP,0.005,5.0,479.0,1,192,168,220,16,192,168,100,6
57959.0,80.0,TCP,0.004,5.0,479.0,1,192,168,220,16,192,168,100,6
46755.0,111.0,TCP,0.0,1.0,58.0,1,192,168,220,16,192,168,210,5
46808.0,445.0,TCP,0.002,2.0,174.0,0,192,168,200,5,192,168,100,5
33886.0,80.0,TCP,0.002,5.0,479.0,1,192,168,220,16,192,168,100,6
51357.0,1801.0,TCP,0.0,1.0,58.0,1,192,168,220,16,192,168,200,1
37191.0,445.0,TCP,0.002,2.0,174.0,0,192,168,220,7,192,168,100,5
37884.0,445.0,TCP,0.003,2.0,174.0,0,192,168,220,9,192,168,100,5
51424.0,25.0,TCP,0.0,1.0,58.0,1,192,168,220,16,192,168,200,1
445.0,46709.0,TCP,0.0,1.0,108.0,0,192,168,100,5,192,168,220,6
55614.0,80.0,TCP,0.005,5.0,479.0,1,192,168,220,16,192,168,100,6
445.0,43145.0,TCP,0.0,1.0,108.0,0,192,168,100,5,192,168,220,4
37191.0,445.0,TCP,0.003,2.0,174.0,0,192,168,220,7,192,168,100,5
33029.0,80.0,TCP,0.004,5.0,479.0,1,192,168,220,16,192,168,100,6
60734.0,80.0,TCP,0.005,5.0,479.0,1,192,168,220,16,192,168,100,6
59219.0,80.0,TCP,0.005,5.0,479.0,1,192,168,220,16,192,168,100,6
445.0,60689.0,TCP,0.0,1.0,108.0,0,192,168,100,5,192,168,220,13
445.0,51146.0,TCP,0.0,2.0,140.0,0,192,168,100,5,192,168,220,5
445.0,49094.0,TCP,0.0,1.0,108.0,0,192,168,100,5,192,168,220,8
52321.0,445.0,TCP,0.003,2.0,174.0,0,192,168,220,14,192,168,100,5
445.0,37191.0,TCP,0.0,1.0,108.0,0,192,168,100,5,192,168,220,7
59535.0,80.0,TCP,0.001,6.0,545.0,0,192,168,220,16,192,168,100,6
52321.0,445.0,TCP,0.002,2.0,174.0,0,192,168,220,14,192,168,100,5
33808.0,80.0,TCP,0.004,5.0,479.0,1,192,168,220,16,192,168,100,6
445.0,43183.0,TCP,0.0,1.0,108.0,0,192,168,100,5,192,168,200,4
445.0,60689.0,TCP,0.0,1.0,108.0,0,192,168,100,5,192,168,220,13
37884.0,445.0,TCP,0.001,2.0,174.0,0,192,168,220,9,192,168,100,5
58570.0,80.0,TCP,0.002,5.0,479.0,1,192,168,220,16,192,168,100,6
52321.0,445.0,TCP,0.0,1.0,66.0,0,192,168,220,14,192,168,100,5
60531.0,80.0,TCP,0.002,5.0,479.0,1,192,168,220,16,192,168,100,6
33159.0,80.0,TCP,0.003,5.0,479.0,1,192,168,220,16,192,168,100,6
59925.0,80.0,TCP,0.005,5.0,479.0,1,192,168,220,16,192,168,100,6
37191.0,445.0,TCP,0.005,2.0,174.0,0,192,168,220,7,192,168,100,5
138.0,138.0,UDP,0.0,1.0,262.0,0,192,168,220,6,192,168,220,255
445.0,37884.0,TCP,0.0,1.0,108.0,0,192,168,100,5,192,168,220,9
57832.0,80.0,TCP,0.003,6.0,545.0,1,192,168,220,16,192,168,100,6
60529.0,80.0,TCP,0.004,6.0,545.0,1,192,168,220,16,192,168,100,6
445.0,48888.0,TCP,0.0,1.0,108.0,0,192,168,100,5,192,168,220,15
445.0,60689.0,TCP,0.0,1.0,108.0,0,192,168,100,5,192,168,220,13
59100.0,80.0,TCP,0.003,6.0,545.0,1,192,168,220,16,192,168,100,6
37884.0,445.0,TCP,0.005,2.0,174.0,0,192,168,220,9,192,168,100,5
445.0,52321.0,TCP,0.0,1.0,70.0,0,192,168,100,5,192,168,220,14
445.0,49094.0,TCP,0.0,1.0,108.0,0,192,168,100,5,192,168,220,8
48888.0,445.0,TCP,0.0,1.0,66.0,0,192,168,220,15,192,168,100,5
137.0,137.0,UDP,0.0,1.0,92.0,0,192,168,220,5,192,168,220,255
59855.0,80.0,TCP,0.005,6.0,545.0,1,192,168,220,16,192,168,100,6
445.0,40239.0,TCP,0.0,1.0,108.0,0,192,168,100,5,192,168,220,10
445.0,49511.0,TCP,0.0,1.0,108.0,0,192,168,100,5,192,168,220,12
59107.0,80.0,TCP,0.0069999999999999,6.0,545.0,1,192,168,220,16,192,168,100,6
137.0,137.0,UDP,0.0,1.0,92.0,0,192,168,220,15,192,168,220,255
46808.0,445.0,TCP,0.002,2.0,174.0,0,192,168,200,5,192,168,100,5
58754.0,80.0,TCP,0.004,5.0,479.0,1,192,168,220,16,192,168,100,6
445.0,49511.0,TCP,0.0,1.0,108.0,0,192,168,100,4,192,168,220,12
445.0,51146.0,TCP,0.0,1.0,108.0,0,192,168,100,5,192,168,220,5
46709.0,445.0,TCP,0.005,2.0,174.0,0,192,168,220,6,192,168,100,5
51357.0,2301.0,TCP,0.0,1.0,58.0,1,192,168,220,16,192,168,200,3
51357.0,8651.0,TCP,0.0,1.0,58.0,1,192,168,220,16,192,168,200,1
51357.0,1301.0,TCP,0.0,1.0,58.0,1,192,168,220,16,192,168,200,8
58353.0,80.0,TCP,0.002,5.0,479.0,1,192,168,220,16,192,168,100,6
445.0,37191.0,TCP,0.0,1.0,70.0,0,192,168,100,5,192,168,220,7
445.0,34743.0,TCP,0.0,1.0,108.0,0,192,168,100,5,192,168,220,11
445.0,40239.0,TCP,0.0,1.0,108.0,0,192,168,100,5,192,168,220,10
58533.0,80.0,TCP,0.003,5.0,479.0,1,192,168,220,16,192,168,100,6
40239.0,445.0,TCP,0.004,2.0,174.0,0,192,168,220,10,192,168,100,5
35146.0,80.0,TCP,0.006,6.0,545.0,1,192,168,220,16,192,168,100,6
58545.0,80.0,TCP,0.006,5.0,479.0,1,192,168,220,16,192,168,100,6
445.0,48888.0,TCP,0.0,1.0,108.0,0,192,168,100,5,192,168,220,15
43183.0,445.0,TCP,0.003,2.0,174.0,0,192,168,200,4,192,168,100,5
59972.0,80.0,TCP,0.006,6.0,545.0,1,192,168,220,16,192,168,100,6
137.0,137.0,UDP,0.0,1.0,92.0,0,192,168,200,4,192,168,200,255
58970.0,80.0,TCP,0.003,5.0,479.0,1,192,168,220,16,192,168,100,6
57973.0,80.0,TCP,0.004,5.0,479.0,1,192,168,220,16,192,168,100,6
43145.0,445.0,TCP,0.001,2.0,174.0,0,192,168,220,4,192,168,100,5
58864.0,80.0,TCP,0.005,5.0,479.0,1,192,168,220,16,192,168,100,6
56785.0,80.0,TCP,0.005,5.0,479.0,1,192,168,220,16,192,168,100,6
51357.0,2191.0,TCP,0.0,1.0,58.0,1,192,168,220,16,192,168,200,1
445.0,46709.0,TCP,0.0,1.0,108.0,0,192,168,100,5,192,168,220,6
51146.0,445.0,TCP,0.002,2.0,174.0,0,192,168,220,5,192,168,100,5
60689.0,445.0,TCP,0.0,2.0,174.0,0,192,168,220,13,192,168,100,5
445.0,43145.0,TCP,0.0,1.0,108.0,0,192,168,100,5,192,168,220,4
37884.0,445.0,TCP,0.002,2.0,174.0,0,192,168,220,9,192,168,100,5
58864.0,80.0,TCP,0.005,6.0,545.0,1,192,168,220,16,192,168,100,6
58836.0,80.0,TCP,0.005,5.0,479.0,1,192,168,220,16,192,168,100,6
51146.0,445.0,TCP,0.004,2.0,174.0,0,192,168,220,5,192,168,100,5
51358.0,9001.0,TCP,0.0,1.0,58.0,1,192,168,220,16,192,168,200,9
56350.0,80.0,TCP,0.005,5.0,479.0,1,192,168,220,16,192,168,100,6
49094.0,445.0,TCP,0.004,2.0,174.0,0,192,168,220,8,192,168,100,5
445.0,43145.0,TCP,0.0,1.0,108.0,0,192,168,100,5,192,168,220,4
51357.0,2043.0,TCP,0.0,1.0,58.0,1,192,168,220,16,192,168,200,2
58708.0,80.0,TCP,0.003,5.0,479.0,1,192,168,220,16,192,168,100,6
37191.0,445.0,TCP,0.004,2.0,174.0,0,192,168,220,7,192,168,100,5
445.0,37191.0,TCP,0.0,1.0,108.0,0,192,168,100,5,192,168,220,7
51358.0,8084.0,TCP,0.0,1.0,58.0,1,192,168,220,16,192,168,200,8
60499.0,80.0,TCP,0.003,6.0,545.0,1,192,168,220,16,192,168,100,6
445.0,40239.0,TCP,0.0,1.0,108.0,0,192,168,100,5,192,168,220,10
445.0,49511.0,TCP,0.0,1.0,108.0,0,192,168,100,5,192,168,220,12
445.0,46808.0,TCP,0.0,1.0,108.0,0,192,168,100,5,192,168,200,5
35386.0,80.0,TCP,0.004,5.0,479.0,1,192,168,220,16,192,168,100,6
58700.0,80.0,TCP,0.004,5.0,479.0,1,192,168,220,16,192,168,100,6
59250.0,80.0,TCP,0.003,5.0,479.0,1,192,168,220,16,192,168,100,6
58844.0,445.0,TCP,0.003,2.0,174.0,0,192,168,220,16,192,168,100,5
137.0,137.0,UDP,0.0,1.0,92.0,0,192,168,220,15,192,168,220,255
60905.0,80.0,TCP,0.003,5.0,479.0,1,192,168,220,16,192,168,100,6
57943.0,80.0,TCP,0.003,6.0,545.0,1,192,168,220,16,192,168,100,6
52321.0,445.0,TCP,0.0,1.0,66.0,0,192,168,220,14,192,168,100,5
445.0,37884.0,TCP,0.0,1.0,108.0,0,192,168,100,5,192,168,220,9
60445.0,80.0,TCP,0.004,5.0,479.0,1,192,168,220,16,192,168,100,6
51358.0,25.0,TCP,0.0,1.0,58.0,1,192,168,220,16,192,168,200,9
445.0,34743.0,TCP,0.0,1.0,108.0,0,192,168,100,5,192,168,220,11
445.0,52321.0,TCP,0.0,1.0,108.0,0,192,168,100,5,192,168,220,14
60689.0,445.0,TCP,0.003,2.0,174.0,0,192,168,220,13,192,168,100,5
59205.0,80.0,TCP,0.002,5.0,479.0,1,192,168,220,16,192,168,100,6
80.0,80.0,TCP,0.004,5.0,479.0,0,192,168,220,4,192,168,100,6
56520.0,80.0,TCP,0.004,5.0,479.0,1,192,168,220,16,192,168,100,6
445.0,37884.0,TCP,0.0,1.0,108.0,0,192,168,100,5,192,168,220,9
445.0,43145.0,TCP,0.0,1.0,108.0,0,192,168,100,5,192,168,220,4
46709.0,445.0,TCP,0.005,2.0,174.0,0,192,168,220,6,192,168,100,5
58045.0,80.0,TCP,0.003,6.0,545.0,1,192,168,220,16,192,168,100,6
51357.0,1061.0,TCP,0.0,1.0,58.0,1,192,168,220,16,192,168,200,3
445.0,43183.0,TCP,0.0,1.0,108.0,0,192,168,100,5,192,168,200,4
51357.0,8800.0,TCP,0.0,1.0,58.0,1,192,168,220,16,192,168,200,8
49511.0,445.0,TCP,0.001,2.0,174.0,0,192,168,220,12,192,168,100,5
445.0,37191.0,TCP,0.0,1.0,108.0,0,192,168,100,5,192,168,220,7
37013.0,80.0,TCP,0.005,5.0,479.0,1,192,168,220,16,192,168,100,6
34845.0,80.0,TCP,0.003,5.0,479.0,1,192,168,220,16,192,168,100,6
445.0,46808.0,TCP,0.0,1.0,108.0,0,192,168,100,5,192,168,200,5
445.0,37884.0,TCP,0.0,1.0,108.0,0,192,168,100,5,192,168,220,9
34743.0,445.0,TCP,0.003,2.0,174.0,0,192,168,220,11,192,168,100,5
445.0,34743.0,TCP,0.0,1.0,108.0,0,192,168,100,5,192,168,220,11
51357.0,32784.0,TCP,0.0,1.0,58.0,1,192,168,220,16,192,168,200,2
445.0,58844.0,TCP,0.0,1.0,108.0,0,192,168,100,5,192,168,220,16
58001.0,80.0,TCP,0.004,5.0,479.0,1,192,168,220,16,192,168,100,6
48888.0,445.0,TCP,0.004,2.0,174.0,0,192,168,220,15,192,168,100,5
40239.0,445.0,UDP,0.0,1.0,66.0,0,192,168,220,10,192,168,100,5
59329.0,80.0,TCP,0.005,5.0,479.0,1,192,168,220,16,192,168,100,6
445.0,46709.0,TCP,0.0,1.0,108.0,0,192,168,100,5,192,168,220,6
37138.0,80.0,TCP,0.005,6.0,545.0,1,192,168,220,16,192,168,100,6
35604.0,80.0,TCP,0.003,5.0,479.0,1,192,168,220,16,192,168,100,6
51357.0,6129.0,TCP,0.0,1.0,58.0,1,192,168,220,16,192,168,200,8
445.0,37191.0,TCP,0.0,1.0,108.0,0,192,168,100,5,192,168,220,7
43145.0,445.0,TCP,0.005,2.0,174.0,0,192,168,220,4,192,168,100,5
59673.0,80.0,TCP,0.004,5.0,479.0,1,192,168,220,16,192,168,100,6
445.0,52321.0,TCP,0.0,1.0,108.0,0,192,168,100,5,192,168,220,14
445.0,37884.0,TCP,0.0,1.0,108.0,0,192,168,100,5,192,168,220,9
51146.0,445.0,TCP,0.001,2.0,174.0,0,192,168,220,5,192,168,100,5
59808.0,80.0,TCP,0.004,6.0,545.0,1,192,168,220,16,192,168,100,6
51357.0,16001.0,TCP,0.0,1.0,58.0,1,192,168,220,16,192,168,200,4
445.0,48888.0,TCP,0.0,1.0,108.0,0,192,168,100,5,192,168,220,15
37191.0,445.0,TCP,0.001,2.0,174.0,0,192,168,220,7,192,168,100,5
59019.0,80.0,TCP,0.006,5.0,479.0,1,192,168,220,16,192,168,100,6
445.0,51146.0,TCP,0.0,1.0,108.0,0,192,168,100,5,192,168,220,5
445.0,49511.0,TCP,0.0,1.0,108.0,0,192,168,100,5,192,168,220,12
56907.0,80.0,TCP,0.005,5.0,479.0,1,192,168,220,16,192,168,100,6
48888.0,445.0,TCP,0.005,2.0,174.0,0,192,168,220,15,192,168,100,5
58919.0,80.0,TCP,0.004,5.0,479.0,1,192,168,220,16,192,168,100,6
445.0,34743.0,TCP,0.0,1.0,108.0,0,192,168,100,5,192,168,220,11
138.0,138.0,UDP,0.0,1.0,262.0,0,192,168,220,12,192,168,220,255
46808.0,445.0,TCP,0.002,2.0,174.0,0,192,168,200,5,192,168,100,5
57966.0,80.0,TCP,0.005,5.0,479.0,1,192,168,220,16,192,168,100,6
138.0,138.0,UDP,0.0,1.0,262.0,0,192,168,220,10,192,168,220,255
36144.0,80.0,TCP,0.003,5.0,479.0,1,192,168,220,16,192,168,100,6
57838.0,80.0,TCP,0.001,5.0,479.0,1,192,168,220,16,192,168,100,6
58676.0,80.0,TCP,0.005,5.0,479.0,1,192,168,220,16,192,168,100,6
445.0,49094.0,TCP,0.0,1.0,108.0,0,192,168,100,5,192,168,220,8
56143.0,80.0,TCP,0.005,5.0,479.0,1,192,168,220,16,192,168,100,6
445.0,40239.0,TCP,0.0,1.0,70.0,0,192,168,100,5,192,168,220,10
445.0,48888.0,TCP,0.0,1.0,108.0,0,192,168,100,5,192,168,220,15
35204.0,80.0,TCP,0.004,5.0,479.0,1,192,168,220,16,192,168,100,6
137.0,137.0,UDP,0.0,1.0,92.0,0,192,168,200,4,192,168,200,255
445.0,40239.0,TCP,0.0,1.0,108.0,0,192,168,100,5,192,168,220,10
40239.0,445.0,TCP,0.003,2.0,174.0,0,192,168,220,10,192,168,100,5
37191.0,445.0,TCP,0.002,2.0,174.0,0,192,168,220,7,192,168,100,5
57899.0,80.0,TCP,0.004,5.0,479.0,1,192,168,220,16,192,168,100,6
37884.0,445.0,TCP,0.004,2.0,174.0,0,192,168,220,9,192,168,100,5
49511.0,445.0,TCP,0.005,2.0,174.0,0,192,168,220,12,192,168,100,5
43183.0,445.0,TCP,0.004,2.0,174.0,0,192,168,200,4,192,168,100,5
46808.0,445.0,TCP,0.0,1.0,66.0,0,192,168,200,5,192,168,100,5
445.0,58844.0,TCP,0.0,1.0,108.0,0,192,168,100,5,192,168,220,16
58832.0,80.0,TCP,0.005,5.0,479.0,1,192,168,220,16,192,168,100,6
48888.0,445.0,TCP,0.0,1.0,66.0,0,192,168,220,15,192,168,100,5
445.0,34743.0,TCP,0.0,1.0,108.0,0,192,168,100,5,192,168,220,11
51146.0,445.0,TCP,0.002,2.0,174.0,0,192,168,220,5,192,168,100,5
137.0,137.0,UDP,0.0,1.0,92.0,0,192,168,100,4,192,168,100,255
445.0,40239.0,TCP,0.0,1.0,108.0,0,192,168,100,5,192,168,220,10
49511.0,445.0,TCP,0.002,2.0,174.0,0,192,168,220,12,192,168,100,5
35753.0,80.0,TCP,0.004,6.0,545.0,1,192,168,220,16,192,168,100,6
60875.0,80.0,TCP,0.006,5.0,479.0,1,192,168,220,16,192,168,100,6
138.0,138.0,UDP,0.0,1.0,262.0,0,192,168,220,6,192,168,220,255
43145.0,445.0,TCP,0.004,2.0,174.0,0,192,168,220,4,192,168,100,5
33907.0,80.0,TCP,0.004,5.0,479.0,1,192,168,220,16,192,168,100,6
137.0,137.0,UDP,0.0,1.0,92.0,0,192,168,220,16,192,168,220,255
445.0,51146.0,TCP,0.0,1.0,108.0,0,192,168,100,5,192,168,220,5
48888.0,445.0,TCP,0.002,2.0,174.0,0,192,168,220,15,192,168,100,5
59613.0,80.0,TCP,0.005,5.0,479.0,1,192,168,220,16,192,168,100,6
137.0,137.0,UDP,0.0,1.0,92.0,0,192,168,220,10,192,168,220,255
57740.0,80.0,TCP,0.005,6.0,545.0,1,192,168,220,16,192,168,100,6
445.0,46709.0,TCP,0.0,1.0,108.0,0,192,168,100,5,192,168,220,6
445.0,52321.0,TCP,0.0,1.0,108.0,0,192,168,100,5,192,168,220,14
51358.0,1074.0,TCP,0.0,1.0,58.0,1,192,168,220,16,192,168,200,8
46709.0,445.0,TCP,0.003,2.0,174.0,0,192,168,220,6,192,168,100,5
58964.0,80.0,TCP,0.004,5.0,479.0,1,192,168,220,16,192,168,100,6
43145.0,445.0,TCP,0.001,2.0,174.0,0,192,168,220,4,192,168,100,5
445.0,60689.0,TCP,0.0,1.0,108.0,0,192,168,100,5,192,168,220,13
57990.0,80.0,TCP,0.003,6.0,545.0,1,192,168,220,16,192,168,100,6
51357.0,646.0,TCP,0.0,1.0,58.0,1,192,168,220,16,192,168,200,4
445.0,40239.0,TCP,0.0,1.0,108.0,0,192,168,100,5,192,168,220,10
46756.0,3801.0,TCP,0.0,1.0,58.0,1,192,168,220,16,192,168,210,4
58844.0,445.0,TCP,0.0,1.0,66.0,0,192,168,220,16,192,168,100,5
52321.0,445.0,TCP,0.005,2.0,174.0,0,192,168,220,14,192,168,100,5
59079.0,80.0,TCP,0.004,5.0,479.0,1,192,168,220,16,192,168,100,6
51146.0,445.0,TCP,0.004,2.0,174.0,0,192,168,220,5,192,168,100,5
51358.0,8093.0,TCP,0.0,1.0,58.0,1,192,168,220,16,192,168,200,9
137.0,137.0,UDP,0.0,1.0,92.0,0,192,168,220,3,192,168,220,255
36824.0,80.0,TCP,0.004,6.0,545.0,1,192,168,220,16,192,168,100,6
34128.0,80.0,TCP,0.004,5.0,479.0,1,192,168,220,16,192,168,100,6
51357.0,901.0,TCP,0.0,1.0,58.0,1,192,168,220,16,192,168,200,2
445.0,46709.0,TCP,0.0,1.0,108.0,0,192,168,100,5,192,168,220,6
35504.0,80.0,TCP,0.003,5.0,479.0,1,192,168,220,16,192,168,100,6
51357.0,1068.0,TCP,0.0,1.0,58.0,1,192,168,220,16,192,168,200,1
60732.0,80.0,TCP,0.004,6.0,545.0,1,192,168,220,16,192,168,100,6
445.0,46808.0,TCP,0.0,1.0,108.0,0,192,168,100,5,192,168,200,5
137.0,137.0,UDP,0.0,1.0,92.0,0,192,168,220,10,192,168,220,255
445.0,43183.0,TCP,0.0,1.0,108.0,0,192,168,100,5,192,168,200,4
38184.0,80.0,TCP,0.003,2.0,140.0,0,192,168,220,6,192,168,100,6
43145.0,445.0,TCP,0.003,2.0,174.0,0,192,168,220,4,192,168,100,5
57765.0,80.0,TCP,0.006,5.0,479.0,1,192,168,220,16,192,168,100,6
49511.0,445.0,TCP,0.0,1.0,66.0,0,192,168,220,12,192,168,100,5
60689.0,445.0,TCP,0.004,2.0,174.0,0,192,168,220,13,192,168,100,5
33492.0,80.0,TCP,0.006,5.0,479.0,1,192,168,220,16,192,168,100,6
59943.0,80.0,TCP,0.005,5.0,479.0,1,192,168,220,16,192,168,100,6
445.0,49511.0,TCP,0.0,1.0,108.0,0,192,168,100,5,192,168,220,12
35271.0,80.0,TCP,0.002,5.0,479.0,1,192,168,220,16,192,168,100,6
56516.0,80.0,TCP,0.006,6.0,545.0,1,192,168,220,16,192,168,100,6
58041.0,80.0,TCP,0.004,6.0,545.0,1,192,168,220,16,192,168,100,6
60123.0,80.0,TCP,0.006,6.0,545.0,1,192,168,220,16,192,168,100,6
445.0,40239.0,TCP,0.0,1.0,108.0,0,192,168,100,5,192,168,220,10
37884.0,445.0,TCP,0.005,2.0,174.0,0,192,168,220,9,192,168,100,5
137.0,137.0,UDP,0.0,1.0,92.0,0,192,168,220,8,192,168,220,255
445.0,49511.0,TCP,0.0,1.0,108.0,0,192,168,100,5,192,168,220,12
55938.0,80.0,TCP,0.005,5.0,479.0,1,192,168,220,16,192,168,100,6
59710.0,80.0,TCP,0.005,5.0,479.0,1,192,168,220,16,192,168,100,6
445.0,49511.0,TCP,0.0,1.0,108.0,0,192,168,100,5,192,168,220,12
445.0,51146.0,TCP,0.0,1.0,108.0,0,192,168,100,5,192,168,220,5
0.0,8.0,ICMP,0.0,1.0,42.0,1,192,168,220,16,192,168,210,162
37884.0,445.0,TCP,0.002,2.0,174.0,0,192,168,220,9,192,168,100,5
587.0,46828.0,TCP,0.074,6.0,678.0,0,192,168,100,4,192,168,220,15
445.0,43183.0,TCP,0.0,1.0,108.0,0,192,168,100,5,192,168,200,4
37191.0,445.0,TCP,0.004,2.0,174.0,0,192,168,220,7,192,168,100,5
60689.0,445.0,TCP,0.004,2.0,174.0,0,192,168,220,13,192,168,100,5
445.0,43183.0,TCP,0.0,1.0,108.0,0,192,168,100,5,192,168,200,4
587.0,49160.0,TCP,0.002,3.0,570.0,0,192,168,100,5,192,168,220,4
445.0,48888.0,TCP,0.0,1.0,108.0,0,192,168,100,5,192,168,220,15
40239.0,445.0,TCP,0.004,2.0,174.0,0,192,168,220,10,192,168,100,5
46756.0,1056.0,TCP,0.0,1.0,58.0,1,192,168,220,16,192,168,210,5
445.0,49511.0,TCP,0.0,1.0,108.0,0,192,168,100,5,192,168,220,12
34138.0,80.0,TCP,0.005,5.0,479.0,1,192,168,220,16,192,168,100,6
59438.0,80.0,TCP,0.002,5.0,479.0,1,192,168,220,16,192,168,100,6
56431.0,80.0,TCP,0.006,6.0,545.0,1,192,168,220,16,192,168,100,6
52321.0,445.0,TCP,0.0069999999999999,2.0,174.0,0,192,168,220,14,192,168,100,5
445.0,43183.0,TCP,0.0,1.0,108.0,0,192,168,100,5,192,168,200,4
37191.0,445.0,TCP,0.003,2.0,174.0,0,192,168,220,7,192,168,100,5
56064.0,80.0,TCP,0.003,5.0,479.0,1,192,168,220,16,192,168,100,6
59874.0,80.0,TCP,0.005,5.0,479.0,1,192,168,220,16,192,168,100,6
51357.0,564.0,TCP,0.0,1.0,58.0,1,192,168,220,16,192,168,200,5
445.0,37884.0,TCP,0.0,1.0,108.0,0,192,168,100,5,192,168,220,9
58386.0,80.0,TCP,0.005,5.0,479.0,1,192,168,220,16,192,168,100,6
37191.0,445.0,TCP,0.001,2.0,174.0,0,192,168,220,7,192,168,100,5
51146.0,445.0,TCP,0.004,2.0,174.0,0,192,168,220,5,192,168,100,5
51358.0,1487.0,TCP,0.0,1.0,58.0,1,192,168,220,16,192,168,200,9
33166.0,80.0,TCP,0.004,6.0,545.0,1,192,168,220,16,192,168,100,6
35994.0,80.0,TCP,0.005,6.0,545.0,1,192,168,220,16,192,168,100,6
138.0,138.0,UDP,0.0,1.0,262.0,0,192,168,220,13,192,168,220,255
138.0,138.0,UDP,0.0,1.0,262.0,0,192,168,220,15,192,168,220,255
46808.0,445.0,TCP,0.002,2.0,174.0,0,192,168,200,5,192,168,100,5
35343.0,80.0,TCP,0.004,6.0,545.0,1,192,168,220,16,192,168,100,6
35228.0,80.0,TCP,0.006,5.0,479.0,1,192,168,220,16,192,168,100,6
445.0,51146.0,TCP,0.0,1.0,108.0,0,192,168,100,5,192,168,220,5
60489.0,80.0,TCP,0.004,5.0,479.0,1,192,168,220,16,192,168,100,6
58311.0,80.0,TCP,0.005,5.0,479.0,1,192,168,220,16,192,168,100,6
445.0,51146.0,TCP,0.0,1.0,108.0,0,192,168,100,5,192,168,220,5
56184.0,80.0,TCP,0.002,5.0,479.0,1,192,168,220,16,192,168,100,6
445.0,46808.0,TCP,0.0,1.0,108.0,0,192,168,100,5,192,168,200,5
445.0,49094.0,TCP,0.0,1.0,108.0,0,192,168,100,5,192,168,220,8
37884.0,445.0,TCP,0.0,1.0,66.0,0,192,168,220,9,192,168,100,5
137.0,137.0,UDP,0.0,1.0,92.0,0,192,168,220,8,192,168,220,255
55872.0,80.0,TCP,0.005,6.0,545.0,1,192,168,220,16,192,168,100,6
43183.0,445.0,TCP,0.004,2.0,174.0,0,192,168,200,4,192,168,100,5
56429.0,80.0,TCP,0.005,5.0,479.0,1,192,168,220,16,192,168,100,6
445.0,40239.0,TCP,0.0,1.0,108.0,0,192,168,100,5,192,168,220,10
56329.0,80.0,TCP,0.006,6.0,545.0,1,192,168,220,16,192,168,100,6
46808.0,445.0,TCP,0.003,2.0,174.0,0,192,168,200,5,192,168,100,5
43145.0,445.0,TCP,0.001,2.0,174.0,0,192,168,220,4,192,168,100,5
59045.0,80.0,TCP,0.003,5.0,479.0,1,192,168,220,16,192,168,100,6
55972.0,80.0,TCP,0.006,5.0,479.0,1,192,168,220,16,192,168,100,6
33684.0,80.0,TCP,0.004,5.0,479.0,1,192,168,220,16,192,168,100,6
56897.0,80.0,TCP,0.005,5.0,479.0,1,192,168,220,16,192,168,100,6
445.0,51146.0,TCP,0.0,1.0,108.0,0,192,168,100,5,192,168,220,5
46709.0,445.0,TCP,0.003,2.0,174.0,0,192,168,220,6,192,168,100,5
445.0,58844.0,TCP,0.0,1.0,108.0,0,192,168,100,5,192,168,220,16
34743.0,445.0,TCP,0.005,2.0,174.0,0,192,168,220,11,192,168,100,5
52321.0,445.0,TCP,0.002,2.0,174.0,0,192,168,220,14,192,168,100,5
445.0,48888.0,TCP,0.0,1.0,108.0,0,192,168,100,5,192,168,220,15
445.0,46808.0,TCP,0.0,1.0,108.0,0,192,168,100,5,192,168,200,5
58695.0,80.0,TCP,0.006,5.0,479.0,1,192,168,220,16,192,168,100,6
60625.0,80.0,TCP,0.003,6.0,545.0,1,192,168,220,16,192,168,100,6
60689.0,445.0,TCP,0.002,2.0,174.0,0,192,168,220,13,192,168,100,5
58644.0,80.0,TCP,0.0069999999999999,5.0,479.0,1,192,168,220,16,192,168,100,6
35116.0,80.0,TCP,0.0069999999999999,6.0,545.0,1,192,168,220,16,192,168,100,6
445.0,48888.0,TCP,0.0,1.0,108.0,0,192,168,100,5,192,168,220,15
138.0,138.0,UDP,0.0,1.0,262.0,0,192,168,220,9,192,168,220,255
59376.0,80.0,TCP,0.004,5.0,479.0,1,192,168,220,16,192,168,100,6
60689.0,445.0,TCP,0.0,1.0,66.0,0,192,168,220,13,192,168,100,5
445.0,46808.0,TCP,0.0,1.0,108.0,0,192,168,100,5,192,168,200,5
57774.0,80.0,TCP,0.002,5.0,479.0,1,192,168,220,16,192,168,100,6
60689.0,445.0,TCP,0.003,2.0,174.0,0,192,168,220,13,192,168,100,5
59301.0,80.0,TCP,0.003,5.0,479.0,1,192,168,220,16,192,168,100,6
60536.0,80.0,TCP,0.006,5.0,479.0,1,192,168,220,16,192,168,100,6
445.0,48888.0,TCP,0.0,1.0,108.0,0,192,168,100,5,192,168,220,15
40239.0,445.0,TCP,0.005,2.0,174.0,0,192,168,220,10,192,168,100,5
59977.0,80.0,TCP,0.006,5.0,479.0,1,192,168,220,16,192,168,100,6
52321.0,445.0,TCP,0.003,2.0,174.0,0,192,168,220,14,192,168,100,5
445.0,52321.0,TCP,0.0,1.0,108.0,0,192,168,100,5,192,168,220,14
43183.0,445.0,TCP,0.003,2.0,174.0,0,192,168,200,4,192,168,100,5
43145.0,445.0,TCP,0.0,1.0,66.0,0,192,168,220,4,192,168,100,5
60451.0,80.0,TCP,0.006,6.0,545.0,1,192,168,220,16,192,168,100,6
57320.0,80.0,TCP,0.005,5.0,479.0,1,192,168,220,16,192,168,100,6
55648.0,80.0,TCP,0.004,5.0,479.0,1,192,168,220,16,192,168,100,6
445.0,52321.0,TCP,0.0,1.0,108.0,0,192,168,100,5,192,168,220,14
445.0,37884.0,TCP,0.0,1.0,108.0,0,192,168,100,5,192,168,220,9
138.0,138.0,UDP,0.0,1.0,262.0,0,192,168,220,8,192,168,220,255
57824.0,80.0,TCP,0.003,5.0,479.0,1,192,168,220,16,192,168,100,6
46808.0,445.0,TCP,0.005,2.0,174.0,0,192,168,200,5,192,168,100,5
58256.0,80.0,TCP,0.006,5.0,479.0,1,192,168,220,16,192,168,100,6
59078.0,80.0,TCP,0.004,6.0,545.0,1,192,168,220,16,192,168,100,6
60371.0,80.0,TCP,0.004,6.0,545.0,1,192,168,220,16,192,168,100,6
49511.0,445.0,TCP,0.002,2.0,174.0,0,192,168,220,12,192,168,100,5
58666.0,80.0,TCP,0.002,5.0,479.0,1,192,168,220,16,192,168,100,6
34272.0,80.0,TCP,0.006,5.0,479.0,1,192,168,220,16,192,168,100,6
51357.0,1283.0,TCP,0.0,1.0,58.0,1,192,168,220,16,192,168,200,3
445.0,37191.0,TCP,0.0,1.0,108.0,0,192,168,100,5,192,168,220,7
49094.0,445.0,TCP,0.005,2.0,174.0,0,192,168,220,8,192,168,100,5
51357.0,9090.0,TCP,0.0,1.0,58.0,1,192,168,220,16,192,168,200,5
40239.0,445.0,TCP,0.002,2.0,174.0,0,192,168,220,10,192,168,100,5
5907.0,80.0,TCP,0.002,5.0,479.0,1,192,168,220,16,192,168,100,6
58537.0,80.0,TCP,0.005,6.0,545.0,1,192,168,220,16,192,168,100,6
445.0,60689.0,TCP,0.0,1.0,108.0,0,192,168,100,5,192,168,220,13
43183.0,445.0,TCP,0.002,2.0,174.0,0,192,168,200,4,192,168,100,5
137.0,137.0,UDP,0.0,1.0,92.0,0,192,168,220,15,192,168,220,255
57828.0,80.0,TCP,0.003,5.0,479.0,1,192,168,220,16,192,168,100,6
36134.0,80.0,TCP,0.004,5.0,479.0,1,192,168,220,16,192,168,100,6
57604.0,80.0,TCP,0.005,5.0,479.0,1,192,168,220,16,192,168,100,6
59254.0,80.0,TCP,0.005,5.0,479.0,1,192,168,220,16,192,168,100,6
43183.0,445.0,TCP,0.003,2.0,174.0,0,192,168,200,4,192,168,100,5
445.0,48888.0,TCP,0.0,1.0,108.0,0,192,168,100,5,192,168,220,15
58353.0,80.0,TCP,0.006,5.0,479.0,1,192,168,220,16,192,168,100,6
37105.0,80.0,TCP,0.004,5.0,479.0,1,192,168,220,16,192,168,100,6
57936.0,80.0,TCP,0.004,5.0,479.0,1,192,168,220,16,192,168,100,6
59208.0,80.0,TCP,0.005,5.0,479.0,1,192,168,220,16,192,168,100,6
48888.0,445.0,TCP,0.004,2.0,174.0,0,192,168,220,15,192,168,100,5
445.0,49094.0,TCP,0.0,1.0,108.0,0,192,168,100,5,192,168,220,8
36151.0,80.0,TCP,0.005,5.0,479.0,1,192,168,220,16,192,168,100,6
58687.0,80.0,TCP,0.004,5.0,479.0,1,192,168,220,16,192,168,100,6
58844.0,445.0,TCP,0.003,2.0,174.0,0,192,168,220,16,192,168,100,5
59215.0,80.0,TCP,0.002,5.0,479.0,1,192,168,220,16,192,168,100,6
51357.0,910.0,TCP,0.0,1.0,58.0,1,192,168,220,16,192,168,200,9
48888.0,445.0,TCP,0.006,2.0,174.0,0,192,168,220,15,192,168,100,5
60381.0,80.0,TCP,0.0,5.0,479.0,1,192,168,220,16,192,168,100,6
56116.0,80.0,TCP,0.004,5.0,479.0,1,192,168,220,16,192,168,100,6
445.0,43145.0,TCP,0.0,1.0,108.0,0,192,168,100,5,192,168,220,4
58534.0,80.0,TCP,0.003,5.0,479.0,1,192,168,220,16,192,168,100,6
52321.0,445.0,TCP,0.004,2.0,174.0,0,192,168,220,14,192,168,100,5
57999.0,80.0,TCP,0.006,5.0,479.0,1,192,168,220,16,192,168,100,6
138.0,138.0,UDP,0.001,2.0,514.0,0,192,168,200,3,192,168,200,255
445.0,58844.0,TCP,0.0,1.0,108.0,0,192,168,100,5,192,168,220,16
33422.0,80.0,TCP,0.002,6.0,545.0,1,192,168,220,16,192,168,100,6
59976.0,80.0,TCP,0.003,5.0,479.0,1,192,168,220,16,192,168,100,6
51146.0,445.0,TCP,0.0,1.0,66.0,0,192,168,220,5,192,168,100,5
43145.0,445.0,TCP,0.003,2.0,174.0,0,192,168,220,4,192,168,100,5
137.0,137.0,UDP,0.0,1.0,92.0,0,192,168,220,5,192,168,220,255
445.0,46709.0,TCP,0.0,1.0,108.0,0,192,168,100,5,192,168,220,6
51357.0,1057.0,TCP,0.0,1.0,58.0,1,192,168,220,16,192,168,200,3
59527.0,80.0,TCP,0.003,5.0,479.0,1,192,168,220,16,192,168,100,6
57567.0,80.0,TCP,0.006,6.0,545.0,1,192,168,220,16,192,168,100,6
58844.0,445.0,TCP,0.005,2.0,174.0,0,192,168,220,16,192,168,100,5
33158.0,80.0,TCP,0.005,5.0,479.0,1,192,168,220,16,192,168,100,6
51357.0,1043.0,TCP,0.0,1.0,58.0,1,192,168,220,16,192,168,200,1
59087.0,80.0,TCP,0.006,5.0,479.0,1,192,168,220,16,192,168,100,6
445.0,60689.0,TCP,0.0,1.0,108.0,0,192,168,100,5,192,168,220,13
445.0,46709.0,TCP,0.0,1.0,108.0,0,192,168,100,5,192,168,220,6
43145.0,445.0,TCP,0.002,2.0,174.0,0,192,168,220,4,192,168,100,5
58428.0,80.0,TCP,0.005,6.0,545.0,1,192,168,220,16,192,168,100,6
58521.0,80.0,TCP,0.008,6.0,545.0,1,192,168,220,16,192,168,100,6
40239.0,445.0,TCP,0.001,2.0,174.0,0,192,168,220,10,192,168,100,5
46755.0,49157.0,TCP,0.0,1.0,58.0,1,192,168,220,16,192,168,210,1
60575.0,80.0,TCP,0.006,5.0,479.0,1,192,168,220,16,192,168,100,6
58844.0,445.0,TCP,0.003,2.0,174.0,0,192,168,220,16,192,168,100,5
35528.0,80.0,TCP,0.006,5.0,479.0,1,192,168,220,16,192,168,100,6
51357.0,8443.0,TCP,0.0,1.0,58.0,1,192,168,220,16,192,168,200,5
445.0,46709.0,TCP,0.0,1.0,108.0,0,192,168,100,5,192,168,220,6
33059.0,80.0,TCP,0.006,5.0,479.0,1,192,168,220,16,192,168,100,6
58864.0,80.0,TCP,0.006,6.0,545.0,1,192,168,220,16,192,168,100,6
37191.0,445.0,TCP,0.005,2.0,174.0,0,192,168,220,7,192,168,100,5
445.0,43183.0,TCP,0.0,1.0,108.0,0,192,168,100,5,192,168,200,4
37191.0,445.0,TCP,0.004,2.0,174.0,0,192,168,220,7,192,168,100,5
137.0,137.0,UDP,0.0,1.0,92.0,0,192,168,220,4,192,168,220,255
445.0,40239.0,TCP,0.0,1.0,108.0,0,192,168,100,5,192,168,220,10
60478.0,80.0,TCP,0.005,6.0,545.0,1,192,168,220,16,192,168,100,6
57793.0,80.0,TCP,0.003,5.0,479.0,1,192,168,220,16,192,168,100,6
445.0,48888.0,TCP,0.0,1.0,108.0,0,192,168,100,5,192,168,220,15
51357.0,7.0,TCP,0.0,1.0,58.0,1,192,168,220,16,192,168,200,3
445.0,49094.0,TCP,0.0,1.0,108.0,0,192,168,100,5,192,168,220,8
445.0,48888.0,TCP,0.0,1.0,108.0,0,192,168,100,5,192,168,220,15
57766.0,80.0,TCP,0.005,5.0,479.0,1,192,168,220,16,192,168,100,6
59983.0,80.0,TCP,0.004,5.0,479.0,1,192,168,220,16,192,168,100,6
58446.0,80.0,TCP,0.004,5.0,479.0,1,192,168,220,16,192,168,100,6
43183.0,445.0,TCP,0.004,2.0,174.0,0,192,168,200,4,192,168,100,5
37884.0,445.0,TCP,0.005,2.0,174.0,0,192,168,220,9,192,168,100,5
35233.0,80.0,TCP,0.004,5.0,479.0,1,192,168,220,16,192,168,100,6
58702.0,80.0,TCP,0.006,5.0,479.0,1,192,168,220,16,192,168,100,6
59657.0,80.0,TCP,0.003,5.0,479.0,1,192,168,220,16,192,168,100,6
58844.0,445.0,TCP,0.003,2.0,174.0,0,192,168,220,16,192,168,100,5
137.0,137.0,UDP,0.0,1.0,92.0,0,192,168,220,13,192,168,220,255
138.0,138.0,UDP,0.0,1.0,262.0,0,192,168,220,7,192,168,220,255
56227.0,80.0,TCP,0.004,5.0,479.0,1,192,168,220,16,192,168,100,6
60948.0,80.0,TCP,0.006,6.0,545.0,1,192,168,220,16,192,168,100,6
51357.0,80.0,TCP,0.0,1.0,58.0,1,192,168,220,16,192,168,200,8
445.0,52321.0,TCP,0.0,1.0,108.0,0,192,168,100,5,192,168,220,14
445.0,46709.0,TCP,0.0,1.0,108.0,0,192,168,100,5,192,168,220,6
445.0,49511.0,TCP,0.0,1.0,108.0,0,192,168,100,5,192,168,220,12
445.0,43183.0,TCP,0.0,1.0,108.0,0,192,168,100,5,192,168,200,4
445.0,37884.0,TCP,0.0,1.0,108.0,0,192,168,100,5,192,168,220,9
445.0,49511.0,TCP,0.0,1.0,108.0,0,192,168,100,5,192,168,220,12
58844.0,445.0,TCP,0.003,2.0,174.0,0,192,168,220,16,192,168,100,5
51357.0,8084.0,TCP,0.0,1.0,58.0,1,192,168,220,16,192,168,200,8
58867.0,80.0,TCP,0.006,5.0,479.0,1,192,168,220,16,192,168,100,6
60417.0,80.0,TCP,0.005,6.0,545.0,1,192,168,220,16,192,168,100,6
137.0,137.0,UDP,0.0,1.0,92.0,0,192,168,220,7,192,168,220,255
445.0,48888.0,TCP,0.0,1.0,108.0,0,192,168,100,5,192,168,220,15
445.0,60689.0,TCP,0.0,1.0,108.0,0,192,168,100,5,192,168,220,13
58302.0,80.0,TCP,0.005,5.0,479.0,1,192,168,220,16,192,168,100,6
137.0,137.0,UDP,1.5,3.0,276.0,0,192,168,210,4,192,168,210,255
59480.0,80.0,TCP,0.004,5.0,479.0,1,192,168,220,16,192,168,100,6
52321.0,445.0,TCP,0.004,2.0,174.0,0,192,168,220,14,192,168,100,5
137.0,137.0,UDP,0.0,1.0,92.0,0,192,168,220,14,192,168,220,255
445.0,52321.0,TCP,0.0,1.0,108.0,0,192,168,100,5,192,168,220,14
35999.0,80.0,TCP,0.004,6.0,545.0,1,192,168,220,16,192,168,100,6
59360.0,80.0,TCP,0.005,5.0,479.0,1,192,168,220,16,192,168,100,6
34743.0,445.0,TCP,0.003,2.0,174.0,0,192,168,220,11,192,168,100,5
445.0,37191.0,TCP,0.0,1.0,108.0,0,192,168,100,5,192,168,220,7
57727.0,80.0,TCP,0.003,6.0,545.0,1,192,168,220,16,192,168,100,6
137.0,137.0,UDP,0.0,1.0,92.0,0,192,168,220,4,192,168,220,255
35683.0,80.0,TCP,0.006,5.0,479.0,1,192,168,220,16,192,168,100,6
60277.0,80.0,TCP,0.003,5.0,479.0,1,192,168,220,16,192,168,100,6
445.0,34743.0,TCP,0.0,1.0,108.0,0,192,168,100,5,192,168,220,11
36038.0,80.0,TCP,0.003,5.0,479.0,1,192,168,220,16,192,168,100,6
445.0,48888.0,TCP,0.0,1.0,108.0,0,192,168,100,5,192,168,220,15
56891.0,80.0,TCP,0.003,6.0,545.0,1,192,168,220,16,192,168,100,6
37884.0,445.0,TCP,0.001,2.0,174.0,0,192,168,220,9,192,168,100,5
445.0,51146.0,TCP,0.0,1.0,108.0,0,192,168,100,5,192,168,220,5
445.0,48888.0,TCP,0.0,1.0,108.0,0,192,168,100,5,192,168,220,15
445.0,52321.0,TCP,0.0,1.0,108.0,0,192,168,100,5,192,168,220,14
35803.0,80.0,TCP,0.006,5.0,479.0,1,192,168,220,16,192,168,100,6
445.0,51146.0,TCP,0.0,1.0,108.0,0,192,168,100,5,192,168,220,5
60638.0,80.0,TCP,0.004,5.0,479.0,1,192,168,220,16,192,168,100,6
46709.0,445.0,TCP,0.005,2.0,174.0,0,192,168,220,6,192,168,100,5
60689.0,445.0,TCP,0.005,2.0,174.0,0,192,168,220,13,192,168,100,5
58872.0,80.0,TCP,0.006,5.0,479.0,1,192,168,220,16,192,168,100,6
36951.0,80.0,TCP,0.005,5.0,479.0,1,192,168,220,16,192,168,100,6
57975.0,80.0,TCP,0.005,6.0,545.0,1,192,168,220,16,192,168,100,6
43145.0,445.0,TCP,0.003,2.0,174.0,0,192,168,220,4,192,168,100,5
60116.0,80.0,TCP,0.004,6.0,545.0,1,192,168,220,16,192,168,100,6
445.0,43183.0,TCP,0.0,1.0,108.0,0,192,168,100,5,192,168,200,4
58932.0,80.0,TCP,0.005,6.0,545.0,1,192,168,220,16,192,168,100,6
60689.0,80.0,TCP,0.004,6.0,545.0,1,192,168,220,16,192,168,100,6
445.0,46709.0,TCP,0.0,1.0,108.0,0,192,168,100,5,192,168,220,6
59323.0,80.0,TCP,0.004,5.0,479.0,1,192,168,220,16,192,168,100,6
52321.0,445.0,TCP,0.003,2.0,174.0,0,192,168,220,14,192,168,100,5
58941.0,80.0,TCP,0.003,5.0,479.0,1,192,168,220,16,192,168,100,6
51357.0,1021.0,TCP,0.0,1.0,58.0,1,192,168,220,16,192,168,200,4
58648.0,80.0,TCP,0.004,6.0,545.0,1,192,168,220,16,192,168,100,6
137.0,137.0,UDP,0.0,1.0,92.0,0,192,168,220,9,192,168,220,255
51146.0,445.0,TCP,0.004,2.0,174.0,0,192,168,220,5,192,168,100,5
51358.0,5911.0,TCP,0.0,1.0,58.0,1,192,168,220,16,192,168,200,8
445.0,58844.0,TCP,0.0,1.0,108.0,0,192,168,100,5,192,168,220,16
445.0,34743.0,TCP,0.0,1.0,108.0,0,192,168,100,5,192,168,220,11
445.0,40239.0,TCP,0.0,1.0,108.0,0,192,168,100,5,192,168,220,10
43183.0,445.0,TCP,0.003,2.0,174.0,0,192,168,200,4,192,168,100,5
445.0,49511.0,TCP,0.0,1.0,108.0,0,192,168,100,5,192,168,220,12
57763.0,80.0,TCP,0.004,6.0,545.0,1,192,168,220,16,192,168,100,6
59074.0,80.0,TCP,0.006,5.0,479.0,1,192,168,220,16,192,168,100,6
445.0,49094.0,TCP,0.0,1.0,108.0,0,192,168,100,5,192,168,220,8
36019.0,80.0,TCP,0.005,5.0,479.0,1,192,168,220,16,192,168,100,6
445.0,46709.0,TCP,0.0,1.0,108.0,0,192,168,100,5,192,168,220,6
34743.0,445.0,TCP,0.004,2.0,174.0,0,192,168,220,11,192,168,100,5
445.0,48888.0,TCP,0.0,1.0,108.0,0,192,168,100,5,192,168,220,15
445.0,40239.0,TCP,0.0,1.0,108.0,0,192,168,100,5,192,168,220,10
445.0,52321.0,TCP,0.0,1.0,108.0,0,192,168,100,5,192,168,220,14
58844.0,445.0,TCP,0.003,2.0,174.0,0,192,168,220,16,192,168,100,5
60545.0,80.0,TCP,0.006,6.0,545.0,1,192,168,220,16,192,168,100,6
57431.0,80.0,TCP,0.005,5.0,479.0,1,192,168,220,16,192,168,100,6
445.0,52321.0,TCP,0.0,1.0,108.0,0,192,168,100,5,192,168,220,14
46709.0,445.0,TCP,0.002,2.0,174.0,0,192,168,220,6,192,168,100,5
49094.0,445.0,TCP,0.003,2.0,174.0,0,192,168,220,8,192,168,100,5
51486.0,25.0,TCP,0.0,1.0,58.0,1,192,168,220,16,192,168,200,3
37191.0,445.0,TCP,0.002,2.0,174.0,0,192,168,220,7,192,168,100,5
57702.0,80.0,TCP,0.006,6.0,545.0,1,192,168,220,16,192,168,100,6
37191.0,445.0,TCP,0.0,2.0,174.0,0,192,168,220,7,192,168,100,5
37884.0,445.0,TCP,0.005,2.0,174.0,0,192,168,220,9,192,168,100,5
445.0,37884.0,TCP,0.0,1.0,108.0,0,192,168,100,5,192,168,220,9
59752.0,80.0,TCP,0.005,5.0,479.0,1,192,168,220,16,192,168,100,6
59848.0,80.0,TCP,0.005,5.0,479.0,1,192,168,220,16,192,168,100,6
52321.0,445.0,TCP,0.004,2.0,174.0,0,192,168,220,14,192,168,100,5
137.0,137.0,UDP,0.0,1.0,92.0,0,192,168,200,5,192,168,200,255
58444.0,80.0,TCP,0.005,5.0,479.0,1,192,168,220,16,192,168,100,6
51146.0,445.0,TCP,0.001,2.0,174.0,0,192,168,220,5,192,168,100,5
51357.0,1248.0,TCP,0.0,1.0,58.0,1,192,168,220,16,192,168,200,3
445.0,48888.0,TCP,0.0,1.0,108.0,0,192,168,100,5,192,168,220,15
51146.0,445.0,TCP,0.002,2.0,174.0,0,192,168,220,5,192,168,100,5
445.0,34743.0,TCP,0.0,1.0,108.0,0,192,168,100,5,192,168,220,11
59880.0,80.0,TCP,0.001,5.0,479.0,1,192,168,220,16,192,168,100,6
445.0,43183.0,TCP,0.0,1.0,108.0,0,192,168,100,5,192,168,200,4
36873.0,80.0,TCP,0.005,5.0,479.0,1,192,168,220,16,192,168,100,6
445.0,51146.0,TCP,0.0,1.0,70.0,0,192,168,100,5,192,168,220,5
60789.0,80.0,TCP,0.005,5.0,479.0,1,192,168,220,16,192,168,100,6
43183.0,445.0,TCP,0.003,2.0,174.0,0,192,168,200,4,192,168,100,5
56306.0,80.0,TCP,0.003,6.0,545.0,1,192,168,220,16,192,168,100,6
33504.0,80.0,TCP,0.005,5.0,479.0,1,192,168,220,16,192,168,100,6
60082.0,80.0,TCP,0.005,5.0,479.0,1,192,168,220,16,192,168,100,6
51357.0,8221.0,TCP,0.0,1.0,58.0,1,192,168,220,16,192,168,200,1
587.0,55296.0,TCP,0.099,6.0,616.0,0,192,168,100,4,192,168,220,6
445.0,52321.0,TCP,0.0,1.0,108.0,0,192,168,100,5,192,168,220,14
445.0,52321.0,TCP,0.0,1.0,108.0,0,192,168,100,5,192,168,220,14
58266.0,80.0,TCP,0.006,5.0,479.0,1,192,168,220,16,192,168,100,6
445.0,37884.0,TCP,0.0,1.0,108.0,0,192,168,100,5,192,168,220,9
37884.0,445.0,TCP,0.0,1.0,66.0,0,192,168,220,9,192,168,100,5
57943.0,80.0,TCP,0.004,5.0,479.0,1,192,168,220,16,192,168,100,6
56949.0,80.0,TCP,0.003,5.0,479.0,1,192,168,220,16,192,168,100,6
43183.0,445.0,TCP,0.0,1.0,66.0,0,192,168,200,4,192,168,100,5
49094.0,445.0,TCP,0.002,2.0,174.0,0,192,168,220,8,192,168,100,5
60388.0,80.0,TCP,0.006,6.0,545.0,1,192,168,220,16,192,168,100,6
43183.0,445.0,TCP,0.004,2.0,174.0,0,192,168,200,4,192,168,100,5
60366.0,80.0,TCP,0.002,5.0,479.0,1,192,168,220,16,192,168,100,6
51358.0,5915.0,TCP,0.0,1.0,58.0,1,192,168,220,16,192,168,200,9
60624.0,80.0,TCP,0.005,5.0,479.0,1,192,168,220,16,192,168,100,6
445.0,40239.0,TCP,0.0,1.0,70.0,0,192,168,100,5,192,168,220,10
57296.0,80.0,TCP,0.002,5.0,479.0,1,192,168,220,16,192,168,100,6
57803.0,80.0,TCP,0.004,5.0,479.0,1,192,168,220,16,192,168,100,6
58706.0,80.0,TCP,0.004,5.0,479.0,1,192,168,220,16,192,168,100,6
58349.0,80.0,TCP,0.006,5.0,479.0,1,192,168,220,16,192,168,100,6
0.0,8.0,ICMP,0.0,1.0,42.0,1,192,168,220,16,192,168,210,1
445.0,43183.0,TCP,0.0,1.0,70.0,0,192,168,100,5,192,168,200,4
59827.0,80.0,TCP,0.003,6.0,545.0,1,192,168,220,16,192,168,100,6
445.0,43145.0,TCP,0.0,1.0,70.0,0,192,168,100,5,192,168,220,4
445.0,49094.0,TCP,0.0,1.0,108.0,0,192,168,100,5,192,168,220,8
445.0,37191.0,TCP,0.0,1.0,108.0,0,192,168,100,5,192,168,220,7
48888.0,445.0,TCP,0.002,2.0,174.0,0,192,168,220,15,192,168,100,5
56901.0,80.0,TCP,0.002,5.0,479.0,1,192,168,220,16,192,168,100,6
51146.0,445.0,TCP,0.005,2.0,174.0,0,192,168,220,5,192,168,100,5
49094.0,445.0,TCP,0.0,1.0,66.0,0,192,168,220,8,192,168,100,5
60689.0,445.0,TCP,0.005,2.0,174.0,0,192,168,220,13,192,168,100,5
37191.0,445.0,TCP,0.004,2.0,174.0,0,192,168,220,7,192,168,100,5
60689.0,445.0,TCP,0.0,1.0,66.0,0,192,168,220,13,192,168,100,5
37073.0,80.0,TCP,0.005,5.0,479.0,1,192,168,220,16,192,168,100,6
60689.0,445.0,TCP,0.005,2.0,174.0,0,192,168,220,13,192,168,100,5
57296.0,80.0,TCP,0.004,5.0,479.0,1,192,168,220,16,192,168,100,6
445.0,37191.0,TCP,0.0,1.0,108.0,0,192,168,100,5,192,168,220,7
35277.0,80.0,TCP,0.006,5.0,479.0,1,192,168,220,16,192,168,100,6
43145.0,445.0,TCP,0.005,2.0,174.0,0,192,168,220,4,192,168,100,5
445.0,60689.0,TCP,0.0,1.0,108.0,0,192,168,100,5,192,168,220,13
445.0,49511.0,TCP,0.0,1.0,108.0,0,192,168,100,5,192,168,220,12
137.0,137.0,UDP,0.0,1.0,92.0,0,192,168,220,3,192,168,220,255
137.0,137.0,UDP,0.0,1.0,92.0,0,192,168,220,14,192,168,220,255
56769.0,80.0,TCP,0.003,5.0,479.0,1,192,168,220,16,192,168,100,6
48888.0,445.0,TCP,0.0,1.0,66.0,0,192,168,220,15,192,168,100,5
37884.0,445.0,TCP,0.002,2.0,174.0,0,192,168,220,9,192,168,100,5
137.0,137.0,UDP,0.0,1.0,92.0,0,192,168,220,10,192,168,220,255
445.0,60689.0,TCP,0.0,1.0,108.0,0,192,168,100,5,192,168,220,13
48888.0,445.0,TCP,0.003,2.0,174.0,0,192,168,220,15,192,168,100,5
445.0,37191.0,TCP,0.0,1.0,70.0,0,192,168,100,5,192,168,220,7
46709.0,445.0,TCP,0.005,2.0,174.0,0,192,168,220,6,192,168,100,5
59949.0,80.0,TCP,0.005,6.0,545.0,1,192,168,220,16,192,168,100,6
58679.0,80.0,TCP,0.004,5.0,479.0,1,192,168,220,16,192,168,100,6
58325.0,80.0,TCP,0.003,5.0,479.0,1,192,168,220,16,192,168,100,6
445.0,43145.0,TCP,0.0,1.0,108.0,0,192,168,100,5,192,168,220,4
445.0,51146.0,TCP,0.0,1.0,108.0,0,192,168,100,5,192,168,220,5
138.0,138.0,UDP,0.0,1.0,262.0,0,192,168,220,6,192,168,220,255
33143.0,80.0,TCP,0.003,5.0,479.0,1,192,168,220,16,192,168,100,6
52321.0,445.0,TCP,0.0,2.0,174.0,0,192,168,220,14,192,168,100,5
46709.0,445.0,TCP,0.002,2.0,174.0,0,192,168,220,6,192,168,100,5
445.0,46808.0,TCP,0.066,10.0,8600000.0,0,192,168,100,5,192,168,200,5
60689.0,445.0,TCP,0.003,2.0,174.0,0,192,168,220,13,192,168,100,5
35127.0,80.0,TCP,0.006,5.0,479.0,1,192,168,220,16,192,168,100,6
51358.0,4125.0,TCP,0.0,1.0,58.0,1,192,168,220,16,192,168,200,8
51357.0,1171.0,TCP,0.0,1.0,58.0,1,192,168,220,16,192,168,200,5
137.0,137.0,UDP,0.0,1.0,92.0,0,192,168,220,12,192,168,220,255
37191.0,445.0,TCP,0.004,2.0,174.0,0,192,168,220,7,192,168,100,5
51357.0,9090.0,TCP,0.0,1.0,58.0,1,192,168,220,16,192,168,200,1
445.0,46808.0,TCP,0.0,1.0,108.0,0,192,168,100,5,192,168,200,5
445.0,37191.0,TCP,0.0,1.0,108.0,0,192,168,100,5,192,168,220,7
445.0,40239.0,TCP,0.0,1.0,70.0,0,192,168,100,5,192,168,220,10
35975.0,80.0,TCP,0.002,6.0,545.0,1,192,168,220,16,192,168,100,6
445.0,37191.0,TCP,0.0,1.0,108.0,0,192,168,100,5,192,168,220,7
57865.0,80.0,TCP,0.005,5.0,479.0,1,192,168,220,16,192,168,100,6
445.0,52321.0,TCP,0.0,1.0,108.0,0,192,168,100,5,192,168,220,14
46755.0,3389.0,TCP,0.0,1.0,58.0,1,192,168,220,16,192,168,210,4
59983.0,80.0,TCP,0.005,5.0,479.0,1,192,168,220,16,192,168,100,6
445.0,49094.0,TCP,0.0,1.0,108.0,0,192,168,100,5,192,168,220,8
34743.0,445.0,TCP,0.0,1.0,66.0,0,192,168,220,11,192,168,100,5
60376.0,80.0,TCP,0.003,6.0,545.0,1,192,168,220,16,192,168,100,6
57499.0,80.0,TCP,0.006,5.0,479.0,1,192,168,220,16,192,168,100,6
37884.0,445.0,TCP,0.002,2.0,174.0,0,192,168,220,9,192,168,100,5
43183.0,445.0,TCP,0.003,2.0,174.0,0,192,168,200,4,192,168,100,5
34123.0,80.0,TCP,0.005,5.0,479.0,1,192,168,220,16,192,168,100,6
445.0,49094.0,TCP,0.0,1.0,108.0,0,192,168,100,5,192,168,220,8
445.0,51146.0,TCP,0.0,1.0,108.0,0,192,168,100,5,192,168,220,5
445.0,43145.0,TCP,0.0,1.0,108.0,0,192,168,100,5,192,168,220,4
43183.0,445.0,TCP,0.004,2.0,174.0,0,192,168,200,4,192,168,100,5
445.0,49094.0,TCP,0.0,1.0,108.0,0,192,168,100,5,192,168,220,8
51357.0,554.0,TCP,0.0,1.0,58.0,1,192,168,220,16,192,168,200,4
60419.0,80.0,TCP,0.003,5.0,479.0,1,192,168,220,16,192,168,100,6
55799.0,80.0,TCP,0.006,5.0,479.0,1,192,168,220,16,192,168,100,6
445.0,37191.0,TCP,0.0,1.0,108.0,0,192,168,100,5,192,168,220,7
58636.0,80.0,TCP,0.004,5.0,479.0,1,192,168,220,16,192,168,100,6
33135.0,80.0,TCP,0.004,5.0,479.0,1,192,168,220,16,192,168,100,6
33686.0,80.0,TCP,0.005,5.0,479.0,1,192,168,220,16,192,168,100,6
58831.0,80.0,TCP,0.006,5.0,479.0,1,192,168,220,16,192,168,100,6
445.0,52321.0,TCP,0.0,1.0,108.0,0,192,168,100,5,192,168,220,14
35246.0,80.0,TCP,0.005,5.0,479.0,1,192,168,220,16,192,168,100,6
46709.0,445.0,TCP,0.004,2.0,174.0,0,192,168,220,6,192,168,100,5
51146.0,445.0,TCP,0.004,2.0,174.0,0,192,168,220,5,192,168,100,5
59015.0,80.0,TCP,0.003,5.0,479.0,1,192,168,220,16,192,168,100,6
445.0,49511.0,TCP,0.0,1.0,108.0,0,192,168,100,5,192,168,220,12
35071.0,80.0,TCP,0.004,6.0,545.0,1,192,168,220,16,192,168,100,6
46808.0,445.0,TCP,0.001,2.0,174.0,0,192,168,200,5,192,168,100,5
445.0,60689.0,TCP,0.0,1.0,108.0,0,192,168,100,5,192,168,220,13
445.0,46808.0,TCP,0.0,1.0,108.0,0,192,168,100,5,192,168,200,5
445.0,49511.0,TCP,0.0,1.0,108.0,0,192,168,100,5,192,168,220,12
445.0,49094.0,TCP,0.0,1.0,108.0,0,192,168,100,5,192,168,220,8
445.0,46709.0,TCP,0.0,1.0,70.0,0,192,168,100,5,192,168,220,6
52321.0,445.0,TCP,0.004,2.0,174.0,0,192,168,220,14,192,168,100,5
40239.0,445.0,TCP,0.004,2.0,174.0,0,192,168,220,10,192,168,100,5
43183.0,445.0,TCP,0.004,2.0,174.0,0,192,168,200,4,192,168,100,5
445.0,58844.0,TCP,0.0,1.0,108.0,0,192,168,100,5,192,168,220,16
57426.0,80.0,TCP,0.006,5.0,479.0,1,192,168,220,16,192,168,100,6
445.0,58844.0,TCP,0.0,1.0,108.0,0,192,168,100,5,192,168,220,16
51146.0,445.0,TCP,0.003,2.0,174.0,0,192,168,220,5,192,168,100,5
445.0,37884.0,TCP,0.0,1.0,108.0,0,192,168,100,5,192,168,220,9
445.0,43183.0,TCP,0.0,1.0,108.0,0,192,168,100,5,192,168,200,4
445.0,46808.0,TCP,0.0,1.0,108.0,0,192,168,100,5,192,168,200,5
51357.0,3389.0,TCP,0.0,1.0,58.0,1,192,168,220,16,192,168,200,3
49511.0,445.0,TCP,0.0,1.0,66.0,0,192,168,220,12,192,168,100,5
445.0,52321.0,TCP,0.0,1.0,108.0,0,192,168,100,5,192,168,220,14
445.0,34743.0,TCP,0.0,1.0,108.0,0,192,168,100,5,192,168,220,11
51357.0,50004.0,TCP,0.0,1.0,58.0,1,192,168,220,16,192,168,200,2
138.0,138.0,UDP,0.0,1.0,262.0,0,192,168,220,12,192,168,220,255
59530.0,80.0,TCP,0.005,5.0,479.0,1,192,168,220,16,192,168,100,6
60527.0,80.0,TCP,0.006,6.0,545.0,1,192,168,220,16,192,168,100,6
56252.0,80.0,TCP,0.003,5.0,479.0,1,192,168,220,16,192,168,100,6
57936.0,80.0,TCP,0.002,5.0,479.0,1,192,168,220,16,192,168,100,6
445.0,37884.0,TCP,0.0,1.0,108.0,0,192,168,100,5,192,168,220,9
33504.0,80.0,TCP,0.002,5.0,479.0,1,192,168,220,16,192,168,100,6
445.0,43183.0,TCP,0.0,1.0,108.0,0,192,168,100,5,192,168,200,4
445.0,37884.0,TCP,0.0,1.0,108.0,0,192,168,100,5,192,168,220,9
51358.0,6009.0,TCP,0.0,1.0,58.0,1,192,168,220,16,192,168,200,8
33593.0,80.0,TCP,0.005,6.0,545.0,1,192,168,220,16,192,168,100,6
58844.0,445.0,TCP,0.005,2.0,174.0,0,192,168,220,16,192,168,100,5
445.0,40239.0,TCP,0.0,1.0,108.0,0,192,168,100,5,192,168,220,10
36206.0,80.0,TCP,0.005,5.0,479.0,1,192,168,220,16,192,168,100,6
49511.0,445.0,TCP,0.0,1.0,66.0,0,192,168,220,12,192,168,100,5
59270.0,80.0,TCP,0.006,5.0,479.0,1,192,168,220,16,192,168,100,6
51493.0,25.0,TCP,0.0,1.0,58.0,1,192,168,220,16,192,168,200,8
43145.0,445.0,TCP,0.0,1.0,66.0,0,192,168,220,4,192,168,100,5
58830.0,80.0,TCP,0.003,5.0,479.0,1,192,168,220,16,192,168,100,6
37191.0,445.0,TCP,0.004,2.0,174.0,0,192,168,220,7,192,168,100,5
60302.0,80.0,TCP,0.005,5.0,479.0,1,192,168,220,16,192,168,100,6
445.0,37884.0,TCP,0.0,1.0,108.0,0,192,168,100,5,192,168,220,9
59299.0,80.0,TCP,0.003,5.0,479.0,1,192,168,220,16,192,168,100,6
40239.0,445.0,TCP,0.0,1.0,66.0,0,192,168,220,10,192,168,100,5
43183.0,445.0,TCP,0.0,1.0,66.0,0,192,168,200,4,192,168,100,5
34761.0,80.0,TCP,0.005,5.0,479.0,1,192,168,220,16,192,168,100,6
51357.0,99.0,TCP,0.0,1.0,58.0,1,192,168,220,16,192,168,200,2
445.0,37884.0,TCP,0.0,1.0,108.0,0,192,168,100,5,192,168,220,9
445.0,46808.0,TCP,0.0,1.0,108.0,0,192,168,100,5,192,168,200,5
60372.0,80.0,TCP,0.002,5.0,479.0,1,192,168,220,16,192,168,100,6
48888.0,445.0,TCP,0.002,2.0,174.0,0,192,168,220,15,192,168,100,5
32924.0,80.0,TCP,0.003,5.0,479.0,1,192,168,220,16,192,168,100,6
445.0,52321.0,TCP,0.0,1.0,108.0,0,192,168,100,5,192,168,220,14
51146.0,445.0,TCP,0.004,2.0,174.0,0,192,168,220,5,192,168,100,5
51146.0,445.0,TCP,0.002,2.0,174.0,0,192,168,220,5,192,168,100,5
37884.0,445.0,TCP,0.001,2.0,174.0,0,192,168,220,9,192,168,100,5
57945.0,80.0,TCP,0.003,5.0,479.0,1,192,168,220,16,192,168,100,6
59209.0,80.0,TCP,0.004,5.0,479.0,1,192,168,220,16,192,168,100,6
56868.0,80.0,TCP,0.003,6.0,545.0,1,192,168,220,16,192,168,100,6
59638.0,80.0,TCP,0.0069999999999999,6.0,545.0,1,192,168,220,16,192,168,100,6
445.0,52321.0,TCP,0.0,1.0,70.0,0,192,168,100,5,192,168,220,14
55706.0,80.0,TCP,0.006,6.0,545.0,1,192,168,220,16,192,168,100,6
59944.0,80.0,TCP,0.006,5.0,479.0,1,192,168,220,16,192,168,100,6
59088.0,80.0,TCP,0.006,5.0,479.0,1,192,168,220,16,192,168,100,6
33148.0,80.0,TCP,0.004,6.0,545.0,1,192,168,220,16,192,168,100,6
58397.0,80.0,TCP,0.005,6.0,545.0,1,192,168,220,16,192,168,100,6
46808.0,445.0,TCP,0.002,2.0,174.0,0,192,168,200,5,192,168,100,5
445.0,60689.0,TCP,0.0,1.0,108.0,0,192,168,100,5,192,168,220,13
59849.0,80.0,TCP,0.005,5.0,479.0,1,192,168,220,16,192,168,100,6
445.0,58844.0,TCP,0.0,1.0,108.0,0,192,168,100,5,192,168,220,16
57569.0,80.0,TCP,0.006,5.0,479.0,1,192,168,220,16,192,168,100,6
56798.0,80.0,TCP,0.004,5.0,479.0,1,192,168,220,16,192,168,100,6
51358.0,5904.0,TCP,0.0,1.0,58.0,1,192,168,220,16,192,168,200,9
445.0,49511.0,TCP,0.0,1.0,108.0,0,192,168,100,5,192,168,220,12
37191.0,445.0,TCP,0.003,2.0,174.0,0,192,168,220,7,192,168,100,5
34743.0,445.0,TCP,0.005,2.0,174.0,0,192,168,220,11,192,168,100,5
60689.0,445.0,TCP,0.004,2.0,174.0,0,192,168,220,13,192,168,100,5
59106.0,80.0,TCP,0.005,5.0,479.0,1,192,168,220,16,192,168,100,6
34144.0,80.0,TCP,0.003,6.0,545.0,1,192,168,220,16,192,168,100,6
60369.0,80.0,TCP,0.006,5.0,479.0,1,192,168,220,16,192,168,100,6
43145.0,445.0,TCP,0.003,2.0,174.0,0,192,168,220,4,192,168,100,5
51357.0,1045.0,TCP,0.0,1.0,58.0,1,192,168,220,16,192,168,200,5
445.0,46709.0,TCP,0.0,1.0,108.0,0,192,168,100,5,192,168,220,6
137.0,137.0,UDP,0.0,1.0,92.0,0,192,168,220,12,192,168,220,255
58643.0,80.0,TCP,0.005,5.0,545.0,1,192,168,220,16,192,168,100,6
445.0,58844.0,TCP,0.0,1.0,70.0,0,192,168,100,5,192,168,220,16
51357.0,1073.0,TCP,0.0,1.0,58.0,1,192,168,220,16,192,168,200,2
5873780.0,80.0,TCP,0.0069999999999999,6.0,545.0,1,192,168,220,16,192,168,100,6
445.0,37191.0,TCP,0.0,1.0,108.0,0,192,168,100,5,192,168,220,7
58419.0,80.0,TCP,0.004,5.0,479.0,1,192,168,220,16,192,168,100,6
445.0,51146.0,TCP,0.0,1.0,108.0,0,192,168,100,5,192,168,220,5
34743.0,445.0,TCP,0.003,2.0,174.0,0,192,168,220,11,192,168,100,5
445.0,40239.0,TCP,0.0,1.0,108.0,0,192,168,100,5,192,168,220,10
46709.0,445.0,TCP,0.004,2.0,174.0,0,192,168,220,6,192,168,100,5
445.0,60689.0,TCP,0.0,1.0,108.0,0,192,168,100,5,192,168,220,13
49511.0,445.0,TCP,0.0,1.0,66.0,0,192,168,220,12,192,168,100,5
445.0,49094.0,TCP,0.0,1.0,108.0,0,192,168,100,5,192,168,220,8
58480.0,80.0,TCP,0.005,5.0,479.0,1,192,168,220,16,192,168,100,6
35189.0,80.0,TCP,0.004,5.0,479.0,1,192,168,220,16,192,168,100,6
57831.0,80.0,TCP,0.006,6.0,545.0,1,192,168,220,16,192,168,100,6
48888.0,445.0,TCP,0.002,2.0,174.0,0,192,168,220,15,192,168,100,5
445.0,60689.0,TCP,0.0,1.0,108.0,0,192,168,100,5,192,168,220,13
59843.0,80.0,TCP,0.005,5.0,479.0,1,192,168,220,16,192,168,100,6
51357.0,9001.0,TCP,0.0,1.0,58.0,1,192,168,220,16,192,168,200,1
51357.0,8888.0,TCP,0.0,1.0,58.0,1,192,168,220,16,192,168,200,1
51357.0,5901.0,TCP,0.0,1.0,58.0,1,192,168,220,16,192,168,200,2
59825.0,80.0,TCP,0.002,5.0,479.0,1,192,168,220,16,192,168,100,6
52321.0,445.0,TCP,0.004,2.0,174.0,0,192,168,220,14,192,168,100,5
58918.0,80.0,TCP,0.003,5.0,479.0,1,192,168,220,16,192,168,100,6
445.0,46808.0,TCP,0.0,1.0,108.0,0,192,168,100,5,192,168,200,5
51357.0,1782.0,TCP,0.0,1.0,58.0,1,192,168,220,16,192,168,200,5
43183.0,445.0,TCP,0.0,1.0,66.0,0,192,168,200,4,192,168,100,5
51146.0,445.0,TCP,0.005,2.0,174.0,0,192,168,220,5,192,168,100,5
59288.0,80.0,TCP,0.002,5.0,479.0,1,192,168,220,16,192,168,100,6
56279.0,80.0,TCP,0.003,5.0,479.0,1,192,168,220,16,192,168,100,6
60464.0,80.0,TCP,0.005,6.0,545.0,1,192,168,220,16,192,168,100,6
587.0,587.0,TCP,0.076,7.0,506.0,0,192,168,220,13,192,168,100,4
57535.0,80.0,TCP,0.005,5.0,479.0,1,192,168,220,16,192,168,100,6
43145.0,445.0,TCP,0.004,2.0,174.0,0,192,168,220,4,192,168,100,5
51357.0,615.0,TCP,0.0,1.0,58.0,1,192,168,220,16,192,168,200,9
445.0,37191.0,TCP,0.0,1.0,108.0,0,192,168,100,5,192,168,220,7
58844.0,445.0,TCP,0.003,2.0,174.0,0,192,168,220,16,192,168,100,5
445.0,37191.0,TCP,0.0,1.0,108.0,0,192,168,100,5,192,168,220,7
58691.0,80.0,TCP,0.003,5.0,479.0,1,192,168,220,16,192,168,100,6
36309.0,80.0,TCP,0.004,5.0,479.0,1,192,168,220,16,192,168,100,6
40239.0,445.0,TCP,0.001,2.0,174.0,0,192,168,220,10,192,168,100,5
445.0,37191.0,TCP,0.0,1.0,108.0,0,192,168,100,5,192,168,220,7
43183.0,445.0,TCP,0.004,2.0,174.0,0,192,168,200,4,192,168,100,5
51434.0,25.0,TCP,0.0,1.0,58.0,1,192,168,220,16,192,168,200,1
51357.0,1461.0,TCP,0.0,1.0,58.0,1,192,168,220,16,192,168,200,8
59016.0,80.0,TCP,0.003,5.0,479.0,1,192,168,220,16,192,168,100,6
60107.0,80.0,TCP,0.006,5.0,479.0,1,192,168,220,16,192,168,100,6
51357.0,32777.0,TCP,0.0,1.0,58.0,1,192,168,220,16,192,168,200,3
46808.0,445.0,TCP,0.003,2.0,174.0,0,192,168,200,5,192,168,100,5
445.0,43145.0,TCP,0.0,1.0,108.0,0,192,168,100,5,192,168,220,4
445.0,48888.0,TCP,0.0,1.0,108.0,0,192,168,100,5,192,168,220,15
58631.0,80.0,TCP,0.006,5.0,479.0,1,192,168,220,16,192,168,100,6
51146.0,445.0,TCP,0.001,2.0,174.0,0,192,168,220,5,192,168,100,5
36828.0,80.0,TCP,0.004,5.0,479.0,1,192,168,220,16,192,168,100,6
57942.0,80.0,TCP,0.003,6.0,545.0,1,192,168,220,16,192,168,100,6
51357.0,23.0,TCP,0.0,1.0,58.0,1,192,168,220,16,192,168,200,5
55707.0,80.0,TCP,0.006,5.0,479.0,1,192,168,220,16,192,168,100,6
59833.0,80.0,TCP,0.005,5.0,479.0,1,192,168,220,16,192,168,100,6
60525.0,80.0,TCP,0.001,5.0,479.0,1,192,168,220,16,192,168,100,6
58405.0,80.0,TCP,0.005,5.0,479.0,1,192,168,220,16,192,168,100,6
445.0,49094.0,TCP,0.0,1.0,108.0,0,192,168,100,5,192,168,220,8
34468.0,80.0,TCP,0.005,5.0,479.0,1,192,168,220,16,192,168,100,6
51357.0,3389.0,TCP,0.0,1.0,58.0,1,192,168,220,16,192,168,200,9
51357.0,6580.0,TCP,0.0,1.0,58.0,1,192,168,220,16,192,168,200,8
138.0,138.0,UDP,0.0,1.0,262.0,0,192,168,220,10,192,168,220,255
445.0,51146.0,TCP,0.0,1.0,108.0,0,192,168,100,5,192,168,220,5
43183.0,445.0,TCP,0.001,2.0,174.0,0,192,168,200,4,192,168,100,5
445.0,52321.0,TCP,0.0,1.0,108.0,0,192,168,100,5,192,168,220,14
36127.0,80.0,TCP,0.004,5.0,479.0,1,192,168,220,16,192,168,100,6
58844.0,445.0,TCP,0.002,2.0,174.0,0,192,168,220,16,192,168,100,5
445.0,43145.0,TCP,0.0,1.0,108.0,0,192,168,100,5,192,168,220,4
43183.0,445.0,TCP,0.003,2.0,174.0,0,192,168,200,4,192,168,100,5
58550.0,80.0,TCP,0.002,5.0,479.0,1,192,168,220,16,192,168,100,6
60138.0,80.0,TCP,0.006,5.0,479.0,1,192,168,220,16,192,168,100,6
34913.0,80.0,TCP,0.005,5.0,479.0,1,192,168,220,16,192,168,100,6
59519.0,80.0,TCP,0.006,5.0,479.0,1,192,168,220,16,192,168,100,6
48888.0,445.0,TCP,0.004,2.0,174.0,0,192,168,220,15,192,168,100,5
445.0,49094.0,TCP,0.0,1.0,108.0,0,192,168,100,5,192,168,220,8
137.0,137.0,UDP,0.0,1.0,92.0,0,192,168,220,13,192,168,220,255
51357.0,7.0,TCP,0.0,1.0,58.0,1,192,168,220,16,192,168,200,8
58653.0,80.0,TCP,0.005,5.0,479.0,1,192,168,220,16,192,168,100,6
43183.0,445.0,TCP,0.005,2.0,174.0,0,192,168,200,4,192,168,100,5
445.0,52321.0,TCP,0.0,1.0,108.0,0,192,168,100,5,192,168,220,14
445.0,46709.0,TCP,0.0,1.0,108.0,0,192,168,100,5,192,168,220,6
34743.0,445.0,TCP,0.0,1.0,66.0,0,192,168,220,11,192,168,100,5
445.0,49094.0,TCP,0.0,1.0,108.0,0,192,168,100,5,192,168,220,8
46808.0,445.0,TCP,0.0,1.0,108.0,0,192,168,100,5,192,168,200,5
57827.0,80.0,TCP,0.003,5.0,479.0,1,192,168,220,16,192,168,100,6
37191.0,445.0,TCP,0.005,2.0,174.0,0,192,168,220,7,192,168,100,5
59832.0,80.0,TCP,0.006,5.0,479.0,1,192,168,220,16,192,168,100,6
445.0,49511.0,TCP,0.0,1.0,108.0,0,192,168,100,5,192,168,220,12
445.0,34743.0,TCP,0.0,2.0,178.0,0,192,168,100,5,192,168,220,11
445.0,51146.0,TCP,0.0,1.0,108.0,0,192,168,100,5,192,168,220,5
445.0,40239.0,TCP,0.0,1.0,108.0,0,192,168,100,5,192,168,220,10
55787.0,80.0,TCP,0.003,5.0,479.0,1,192,168,220,16,192,168,100,6
37191.0,445.0,TCP,0.002,2.0,174.0,0,192,168,220,7,192,168,100,5
59949.0,80.0,TCP,0.003,5.0,479.0,1,192,168,220,16,192,168,100,6
40239.0,445.0,TCP,0.0,2.0,174.0,0,192,168,220,10,192,168,100,5
445.0,58844.0,TCP,0.0,1.0,108.0,0,192,168,100,5,192,168,220,16
445.0,46709.0,TCP,0.0,1.0,108.0,0,192,168,100,5,192,168,220,6
137.0,137.0,UDP,0.0,1.0,92.0,0,192,168,200,4,192,168,200,255
34743.0,445.0,TCP,0.002,2.0,174.0,0,192,168,220,11,192,168,100,5
445.0,37191.0,TCP,0.0,1.0,108.0,0,192,168,100,5,192,168,220,7
56784.0,80.0,TCP,0.006,5.0,479.0,1,192,168,220,16,192,168,100,6
137.0,137.0,UDP,1.501,3.0,276.0,0,192,168,100,5,192,168,100,255
445.0,37884.0,TCP,0.0,1.0,108.0,0,192,168,100,5,192,168,220,9
48888.0,445.0,TCP,0.0,1.0,66.0,0,192,168,220,15,192,168,100,5
445.0,34743.0,TCP,0.0,1.0,108.0,0,192,168,100,5,192,168,220,11
445.0,49094.0,TCP,0.0,1.0,108.0,0,192,168,100,5,192,168,220,8
58642.0,80.0,TCP,0.004,5.0,479.0,1,192,168,220,16,192,168,100,6
36691.0,80.0,TCP,0.005,5.0,479.0,1,192,168,220,16,192,168,100,6
445.0,34743.0,TCP,0.0,1.0,108.0,0,192,168,100,5,192,168,220,11
59013.0,80.0,TCP,0.004,5.0,479.0,1,192,168,220,16,192,168,100,6
445.0,60689.0,TCP,0.0,1.0,108.0,0,192,168,100,5,192,168,220,13
52321.0,445.0,TCP,0.005,2.0,174.0,0,192,168,220,14,192,168,100,5
445.0,52321.0,TCP,0.0,1.0,108.0,0,192,168,100,5,192,168,220,14
46709.0,445.0,TCP,0.003,2.0,174.0,0,192,168,220,6,192,168,100,5
58737.0,80.0,TCP,0.003,5.0,479.0,1,192,168,220,16,192,168,100,6
34472.0,80.0,TCP,0.0069999999999999,5.0,479.0,1,192,168,220,16,192,168,100,6
445.0,52321.0,TCP,0.0,1.0,108.0,0,192,168,100,5,192,168,220,14
445.0,52321.0,TCP,0.0,1.0,108.0,0,192,168,100,5,192,168,220,14
37884.0,445.0,TCP,0.004,2.0,174.0,0,192,168,220,9,192,168,100,5
34424.0,80.0,TCP,0.005,5.0,479.0,1,192,168,220,16,192,168,100,6
37884.0,445.0,TCP,0.005,2.0,174.0,0,192,168,220,9,192,168,100,5
445.0,46709.0,TCP,0.0,1.0,70.0,0,192,168,100,5,192,168,220,6
43145.0,445.0,TCP,0.002,2.0,174.0,0,192,168,220,4,192,168,100,5
60031.0,80.0,TCP,0.003,5.0,479.0,1,192,168,220,16,192,168,100,6
445.0,43183.0,TCP,0.0,1.0,70.0,0,192,168,100,5,192,168,200,4
43183.0,445.0,TCP,0.002,2.0,174.0,0,192,168,200,4,192,168,100,5
58212.0,80.0,TCP,0.006,5.0,479.0,1,192,168,220,16,192,168,100,6
55875.0,80.0,TCP,0.006,5.0,479.0,1,192,168,220,16,192,168,100,6
56808.0,80.0,TCP,0.006,5.0,479.0,1,192,168,220,16,192,168,100,6
43145.0,445.0,TCP,0.002,2.0,174.0,0,192,168,220,4,192,168,100,5
37884.0,445.0,TCP,0.0,1.0,66.0,0,192,168,220,9,192,168,100,5
59011.0,80.0,TCP,0.002,5.0,479.0,1,192,168,220,16,192,168,100,6
59061.0,80.0,TCP,0.005,6.0,545.0,1,192,168,220,16,192,168,100,6
55814.0,80.0,TCP,0.003,6.0,545.0,1,192,168,220,16,192,168,100,6
59097.0,80.0,TCP,0.004,5.0,479.0,1,192,168,220,16,192,168,100,6
445.0,60689.0,TCP,0.0,1.0,108.0,0,192,168,100,5,192,168,220,13
40239.0,445.0,TCP,0.004,2.0,174.0,0,192,168,220,10,192,168,100,5
46709.0,445.0,TCP,0.001,2.0,174.0,0,192,168,220,6,192,168,100,5
34569.0,80.0,TCP,0.006,5.0,479.0,1,192,168,220,16,192,168,100,6
37884.0,445.0,TCP,0.002,2.0,174.0,0,192,168,220,9,192,168,100,5
59078.0,80.0,TCP,0.003,5.0,479.0,1,192,168,220,16,192,168,100,6
48888.0,445.0,TCP,0.002,2.0,174.0,0,192,168,220,15,192,168,100,5
445.0,34743.0,TCP,0.0,1.0,108.0,0,192,168,100,5,192,168,220,11
58496.0,80.0,TCP,0.006,5.0,479.0,1,192,168,220,16,192,168,100,6
445.0,43145.0,TCP,0.0,1.0,108.0,0,192,168,100,5,192,168,220,4
60690.0,80.0,TCP,0.006,5.0,479.0,1,192,168,220,16,192,168,100,6
58980.0,80.0,TCP,0.005,5.0,479.0,1,192,168,220,16,192,168,100,6
58901.0,80.0,TCP,0.005,6.0,545.0,1,192,168,220,16,192,168,100,6
58935.0,80.0,TCP,0.005,6.0,545.0,1,192,168,220,16,192,168,100,6
51357.0,51473.0,TCP,0.0,1.0,58.0,1,192,168,220,16,192,168,200,4
37191.0,445.0,TCP,0.003,2.0,174.0,0,192,168,220,7,192,168,100,5
58643.0,80.0,TCP,0.005,5.0,479.0,1,192,168,220,16,192,168,100,6
445.0,48888.0,TCP,0.0,1.0,108.0,0,192,168,100,5,192,168,220,15
57254.0,80.0,TCP,0.004,5.0,479.0,1,192,168,220,16,192,168,100,6
58214.0,80.0,TCP,0.0069999999999999,5.0,479.0,1,192,168,220,16,192,168,100,6
137.0,137.0,UDP,0.0,1.0,92.0,0,192,168,220,8,192,168,220,255
36071.0,80.0,TCP,0.004,5.0,479.0,1,192,168,220,16,192,168,100,6
59073.0,80.0,TCP,0.0069999999999999,6.0,545.0,1,192,168,220,16,192,168,100,6
57722.0,80.0,TCP,0.003,5.0,479.0,1,192,168,220,16,192,168,100,6
58071.0,80.0,TCP,0.004,5.0,479.0,1,192,168,220,16,192,168,100,6
40239.0,445.0,TCP,0.004,2.0,174.0,0,192,168,220,10,192,168,100,5
46808.0,445.0,TCP,0.002,2.0,174.0,0,192,168,200,5,192,168,100,5
59629.0,80.0,TCP,0.006,6.0,545.0,1,192,168,220,16,192,168,100,6
445.0,37191.0,TCP,0.0,1.0,108.0,0,192,168,100,5,192,168,220,7
33934.0,80.0,TCP,0.003,5.0,479.0,1,192,168,220,16,192,168,100,6
46808.0,445.0,TCP,0.002,2.0,174.0,0,192,168,200,5,192,168,100,5
58844.0,445.0,TCP,0.005,2.0,174.0,0,192,168,220,16,192,168,100,5
445.0,52321.0,TCP,0.0,1.0,108.0,0,192,168,100,5,192,168,220,14
59113.0,80.0,TCP,0.006,5.0,479.0,1,192,168,220,16,192,168,100,6
60803.0,80.0,TCP,0.006,5.0,479.0,1,192,168,220,16,192,168,100,6
51146.0,445.0,TCP,0.003,2.0,174.0,0,192,168,220,5,192,168,100,5
58242.0,80.0,TCP,0.004,6.0,545.0,1,192,168,220,16,192,168,100,6
36151.0,80.0,TCP,0.004,5.0,479.0,1,192,168,220,16,192,168,100,6
34000.0,80.0,TCP,0.003,5.0,479.0,1,192,168,220,16,192,168,100,6
445.0,49094.0,TCP,0.0,1.0,70.0,0,192,168,100,5,192,168,220,8
445.0,37191.0,TCP,0.0,1.0,108.0,0,192,168,100,5,192,168,220,7
60880.0,80.0,TCP,0.002,5.0,479.0,1,192,168,220,16,192,168,100,6
59094.0,80.0,TCP,0.006,5.0,479.0,1,192,168,220,16,192,168,100,6
57298.0,80.0,TCP,0.004,5.0,479.0,1,192,168,220,16,192,168,100,6
36587.0,80.0,TCP,0.004,5.0,479.0,1,192,168,220,16,192,168,100,6
59628.0,80.0,TCP,0.002,5.0,479.0,1,192,168,220,16,192,168,100,6
59501.0,80.0,TCP,0.0069999999999999,6.0,545.0,1,192,168,220,16,192,168,100,6
55799.0,80.0,TCP,0.002,6.0,545.0,1,192,168,220,16,192,168,100,6
34743.0,445.0,TCP,0.0,1.0,66.0,0,192,168,220,11,192,168,100,5
445.0,40239.0,TCP,0.0,1.0,108.0,0,192,168,100,5,192,168,220,10
445.0,37884.0,TCP,0.0,1.0,108.0,0,192,168,100,5,192,168,220,9
60624.0,80.0,TCP,0.005,5.0,479.0,1,192,168,220,16,192,168,100,6
60451.0,80.0,TCP,0.003,5.0,479.0,1,192,168,220,16,192,168,100,6
34756.0,80.0,TCP,0.004,5.0,479.0,1,192,168,220,16,192,168,100,6
60689.0,445.0,TCP,0.002,2.0,174.0,0,192,168,220,13,192,168,100,5
57976.0,80.0,TCP,0.003,5.0,479.0,1,192,168,220,16,192,168,100,6
37884.0,445.0,TCP,0.003,2.0,174.0,0,192,168,220,9,192,168,100,5
137.0,137.0,UDP,0.0,1.0,92.0,0,192,168,220,8,192,168,220,255
35269.0,80.0,TCP,0.002,5.0,479.0,1,192,168,220,16,192,168,100,6
445.0,46709.0,TCP,0.0,1.0,108.0,0,192,168,100,5,192,168,220,6
49094.0,445.0,TCP,0.003,2.0,174.0,0,192,168,220,8,192,168,100,5
445.0,49511.0,TCP,0.0,1.0,108.0,0,192,168,100,5,192,168,220,12
49511.0,445.0,TCP,0.002,2.0,174.0,0,192,168,220,12,192,168,100,5
58829.0,80.0,TCP,0.005,5.0,479.0,1,192,168,220,16,192,168,100,6
51146.0,445.0,TCP,0.001,2.0,174.0,0,192,168,220,5,192,168,100,5
445.0,37884.0,TCP,0.0,1.0,108.0,0,192,168,100,5,192,168,220,9
137.0,137.0,UDP,0.0,1.0,92.0,0,192,168,220,5,192,168,220,255
49094.0,445.0,TCP,0.003,2.0,174.0,0,192,168,220,8,192,168,100,5
60960.0,80.0,TCP,0.005,6.0,545.0,1,192,168,220,16,192,168,100,6
445.0,43145.0,TCP,0.0,1.0,108.0,0,192,168,100,5,192,168,220,4
445.0,46709.0,TCP,0.0,1.0,108.0,0,192,168,100,5,192,168,220,6
60337.0,80.0,TCP,0.006,5.0,479.0,1,192,168,220,16,192,168,100,6
445.0,43183.0,TCP,0.0,1.0,108.0,0,192,168,100,5,192,168,200,4
488.0,80.0,TCP,0.006,4.0,565.0,0,192,168,220,11,192,168,100,6
52321.0,445.0,TCP,0.004,2.0,174.0,0,192,168,220,14,192,168,100,5
48888.0,445.0,TCP,0.002,2.0,174.0,0,192,168,220,15,192,168,100,5
49511.0,445.0,TCP,0.005,2.0,174.0,0,192,168,220,12,192,168,100,5
55353.0,80.0,TCP,0.004,5.0,479.0,1,192,168,220,16,192,168,100,6
59092.0,80.0,TCP,0.003,5.0,479.0,1,192,168,220,16,192,168,100,6
46808.0,445.0,TCP,0.004,2.0,174.0,0,192,168,200,5,192,168,100,5
59830.0,80.0,TCP,0.003,6.0,545.0,1,192,168,220,16,192,168,100,6
37191.0,445.0,TCP,0.002,2.0,174.0,0,192,168,220,7,192,168,100,5
60689.0,80.0,TCP,0.006,5.0,479.0,1,192,168,220,16,192,168,100,6
445.0,51146.0,TCP,0.0,1.0,108.0,0,192,168,100,5,192,168,220,5
58844.0,445.0,TCP,0.004,2.0,174.0,0,192,168,220,16,192,168,100,5
445.0,58844.0,TCP,0.0,1.0,108.0,0,192,168,100,5,192,168,220,16
445.0,49511.0,TCP,0.0,1.0,108.0,0,192,168,100,5,192,168,220,12
137.0,137.0,UDP,0.0,1.0,92.0,0,192,168,220,7,192,168,220,255
57765.0,80.0,TCP,0.004,5.0,479.0,1,192,168,220,16,192,168,100,6
59815.0,80.0,TCP,0.004,5.0,479.0,1,192,168,220,16,192,168,100,6
445.0,48888.0,TCP,0.0,1.0,108.0,0,192,168,100,5,192,168,220,15
56785.0,80.0,TCP,0.006,6.0,545.0,1,192,168,220,16,192,168,100,6
33003.0,80.0,TCP,0.006,5.0,479.0,1,192,168,220,16,192,168,100,6
59511.0,80.0,TCP,0.004,6.0,545.0,1,192,168,220,16,192,168,100,6
445.0,52321.0,TCP,0.0,1.0,108.0,0,192,168,100,5,192,168,220,14
445.0,58844.0,TCP,0.0,1.0,108.0,0,192,168,100,5,192,168,220,16
35650.0,80.0,TCP,0.004,5.0,479.0,1,192,168,220,16,192,168,100,6
58844.0,445.0,TCP,0.003,2.0,174.0,0,192,168,220,16,192,168,100,5
57950.0,80.0,TCP,0.0069999999999999,6.0,545.0,1,192,168,220,16,192,168,100,6
445.0,43183.0,TCP,0.0,1.0,108.0,0,192,168,100,5,192,168,200,4
36011.0,80.0,TCP,0.004,6.0,545.0,1,192,168,220,16,192,168,100,6
445.0,37884.0,TCP,0.0,1.0,108.0,0,192,168,100,5,192,168,220,9
46808.0,445.0,TCP,0.002,2.0,174.0,0,192,168,200,5,192,168,100,5
32979.0,80.0,TCP,0.004,5.0,479.0,1,192,168,220,16,192,168,100,6
445.0,37884.0,TCP,0.0,1.0,108.0,0,192,168,100,5,192,168,220,9
445.0,46709.0,TCP,0.0,1.0,108.0,0,192,168,100,5,192,168,220,6
58264.0,80.0,TCP,0.006,5.0,479.0,1,192,168,220,16,192,168,100,6
40239.0,445.0,TCP,0.002,2.0,174.0,0,192,168,220,10,192,168,100,5
445.0,60689.0,TCP,0.0,1.0,108.0,0,192,168,100,5,192,168,220,13
52321.0,445.0,TCP,0.003,2.0,174.0,0,192,168,220,14,192,168,100,5
137.0,137.0,UDP,0.0,1.0,92.0,0,192,168,220,4,192,168,220,255
445.0,46709.0,TCP,0.0,1.0,108.0,0,192,168,100,5,192,168,220,6
445.0,60689.0,TCP,0.0,1.0,108.0,0,192,168,100,5,192,168,220,13
35990.0,80.0,TCP,0.004,5.0,479.0,1,192,168,220,16,192,168,100,6
33131.0,80.0,TCP,0.003,5.0,479.0,1,192,168,220,16,192,168,100,6
445.0,48888.0,TCP,0.0,1.0,108.0,0,192,168,100,5,192,168,220,15
51357.0,1601.0,TCP,0.0,1.0,58.0,1,192,168,220,16,192,168,200,5
57740.0,80.0,TCP,0.006,5.0,479.0,1,192,168,220,16,192,168,100,6
51146.0,445.0,TCP,0.004,2.0,174.0,0,192,168,220,5,192,168,100,5
445.0,51146.0,TCP,0.0,1.0,108.0,0,192,168,100,5,192,168,220,5
48888.0,445.0,TCP,0.002,2.0,174.0,0,192,168,220,15,192,168,100,5
49511.0,445.0,TCP,0.003,2.0,174.0,0,192,168,220,12,192,168,100,5
55959.0,80.0,TCP,0.004,5.0,479.0,1,192,168,220,16,192,168,100,6
55924.0,80.0,TCP,0.006,6.0,545.0,1,192,168,220,16,192,168,100,6
55845.0,80.0,TCP,0.003,6.0,545.0,1,192,168,220,16,192,168,100,6
49094.0,445.0,TCP,0.0,1.0,66.0,0,192,168,220,8,192,168,100,5
49511.0,445.0,TCP,0.002,2.0,174.0,0,192,168,220,12,192,168,100,5
51146.0,445.0,TCP,0.004,2.0,174.0,0,192,168,220,5,192,168,100,5
60713.0,80.0,TCP,0.002,6.0,545.0,1,192,168,220,16,192,168,100,6
445.0,34743.0,TCP,0.0,1.0,108.0,0,192,168,100,5,192,168,220,11
60529.0,80.0,TCP,0.006,5.0,479.0,1,192,168,220,16,192,168,100,6
445.0,40239.0,TCP,0.0,1.0,108.0,0,192,168,100,5,192,168,220,10
51357.0,1401.0,TCP,0.0,1.0,58.0,1,192,168,220,16,192,168,200,5
445.0,37191.0,TCP,0.0,1.0,108.0,0,192,168,100,5,192,168,220,7
137.0,137.0,UDP,0.0,1.0,92.0,0,192,168,220,4,192,168,220,255
445.0,58844.0,TCP,0.0,1.0,108.0,0,192,168,100,5,192,168,220,16
445.0,34743.0,TCP,0.0,1.0,108.0,0,192,168,100,5,192,168,220,11
56295.0,80.0,TCP,0.003,5.0,479.0,1,192,168,220,16,192,168,100,6
48888.0,445.0,TCP,0.002,2.0,174.0,0,192,168,220,15,192,168,100,5
445.0,49511.0,TCP,0.0,1.0,108.0,0,192,168,100,5,192,168,220,12
60634.0,80.0,TCP,0.004,6.0,545.0,1,192,168,220,16,192,168,100,6
49511.0,445.0,TCP,0.004,2.0,174.0,0,192,168,220,12,192,168,100,5
58844.0,445.0,TCP,0.002,2.0,174.0,0,192,168,220,16,192,168,100,5
56771.0,80.0,TCP,0.006,5.0,479.0,1,192,168,220,16,192,168,100,6
445.0,48888.0,TCP,0.0,1.0,108.0,0,192,168,100,5,192,168,220,15
57526.0,80.0,TCP,0.006,5.0,479.0,1,192,168,220,16,192,168,100,6
33373.0,80.0,TCP,0.003,5.0,479.0,1,192,168,220,16,192,168,100,6
445.0,60689.0,TCP,0.0,1.0,108.0,0,192,168,100,5,192,168,220,13
445.0,58844.0,TCP,0.0,1.0,108.0,0,192,168,100,5,192,168,220,16
58973.0,80.0,TCP,0.006,5.0,479.0,1,192,168,220,16,192,168,100,6
32949.0,80.0,TCP,0.003,5.0,479.0,1,192,168,220,16,192,168,100,6
60689.0,445.0,TCP,0.003,2.0,174.0,0,192,168,220,13,192,168,100,5
138.0,138.0,UDP,0.0,2.0,517.0,0,192,168,210,3,192,168,210,255
51357.0,6002.0,TCP,0.0,1.0,58.0,1,192,168,220,16,192,168,200,5
58164.0,80.0,TCP,0.005,5.0,479.0,1,192,168,220,16,192,168,100,6
59336.0,80.0,TCP,0.004,6.0,545.0,1,192,168,220,16,192,168,100,6
35253.0,80.0,TCP,0.005,5.0,479.0,1,192,168,220,16,192,168,100,6
37884.0,445.0,TCP,0.0,1.0,66.0,0,192,168,220,9,192,168,100,5
60938.0,80.0,TCP,0.005,5.0,479.0,1,192,168,220,16,192,168,100,6
55762.0,80.0,TCP,0.003,5.0,479.0,1,192,168,220,16,192,168,100,6
49094.0,445.0,TCP,0.002,2.0,174.0,0,192,168,220,8,192,168,100,5
445.0,37884.0,TCP,0.0,1.0,108.0,0,192,168,100,5,192,168,220,9
445.0,46808.0,TCP,0.0,1.0,108.0,0,192,168,100,5,192,168,200,5
51357.0,514.0,TCP,0.0,1.0,58.0,1,192,168,220,16,192,168,200,9
36841.0,80.0,TCP,0.005,6.0,545.0,1,192,168,220,16,192,168,100,6
60494.0,80.0,TCP,0.003,6.0,545.0,1,192,168,220,16,192,168,100,6
36935.0,80.0,TCP,0.003,6.0,545.0,1,192,168,220,16,192,168,100,6
60099.0,80.0,TCP,0.005,5.0,479.0,1,192,168,220,16,192,168,100,6
51357.0,25.0,TCP,0.0,1.0,58.0,1,192,168,220,16,192,168,200,2
59736.0,80.0,TCP,0.006,5.0,479.0,1,192,168,220,16,192,168,100,6
445.0,51146.0,TCP,0.0,1.0,108.0,0,192,168,100,5,192,168,220,5
59341.0,80.0,TCP,0.005,5.0,479.0,1,192,168,220,16,192,168,100,6
60070.0,80.0,TCP,0.004,5.0,479.0,1,192,168,220,16,192,168,100,6
43183.0,445.0,TCP,0.0,2.0,174.0,0,192,168,200,4,192,168,100,5
36062.0,80.0,TCP,0.004,5.0,479.0,1,192,168,220,16,192,168,100,6
51146.0,445.0,TCP,0.005,2.0,174.0,0,192,168,220,5,192,168,100,5
445.0,40239.0,TCP,0.0,1.0,70.0,0,192,168,100,5,192,168,220,10
445.0,49094.0,TCP,0.0,1.0,108.0,0,192,168,100,5,192,168,220,8
59136.0,80.0,TCP,0.005,5.0,479.0,1,192,168,220,16,192,168,100,6
137.0,137.0,UDP,0.0,1.0,92.0,0,192,168,220,5,192,168,220,255
32981.0,80.0,TCP,0.001,6.0,545.0,1,192,168,220,16,192,168,100,6
43145.0,445.0,TCP,0.0,1.0,66.0,0,192,168,220,4,192,168,100,5
51357.0,3389.0,TCP,0.0,1.0,58.0,1,192,168,220,16,192,168,200,2
60689.0,80.0,TCP,0.003,6.0,545.0,1,192,168,220,16,192,168,100,6
34256.0,80.0,TCP,0.004,5.0,479.0,1,192,168,220,16,192,168,100,6
138.0,138.0,UDP,0.0,1.0,262.0,0,192,168,220,15,192,168,220,255
59764.0,80.0,TCP,0.004,5.0,479.0,1,192,168,220,16,192,168,100,6
80.0,54793.0,TCP,0.003,2.0,132.0,0,192,168,100,6,192,168,220,15
35346.0,80.0,TCP,0.006,5.0,479.0,1,192,168,220,16,192,168,100,6
445.0,49511.0,TCP,0.0,1.0,108.0,0,192,168,100,5,192,168,220,12
60689.0,80.0,TCP,0.004,5.0,479.0,1,192,168,220,16,192,168,100,6
43183.0,445.0,TCP,0.003,2.0,174.0,0,192,168,200,4,192,168,100,5
37884.0,80.0,TCP,0.005,6.0,545.0,1,192,168,220,16,192,168,100,6
55742.0,80.0,TCP,0.004,5.0,479.0,1,192,168,220,16,192,168,100,6
59073.0,80.0,TCP,0.006,5.0,479.0,1,192,168,220,16,192,168,100,6
49094.0,445.0,TCP,0.004,2.0,174.0,0,192,168,220,8,192,168,100,5
51357.0,1687.0,TCP,0.0,1.0,58.0,1,192,168,220,16,192,168,200,8
445.0,52321.0,TCP,0.0,1.0,108.0,0,192,168,100,5,192,168,220,14
34743.0,445.0,TCP,0.004,2.0,174.0,0,192,168,220,11,192,168,100,5
43145.0,445.0,TCP,0.004,2.0,174.0,0,192,168,220,4,192,168,100,5
56809.0,80.0,TCP,0.004,6.0,545.0,1,192,168,220,16,192,168,100,6
58575.0,80.0,TCP,0.006,5.0,479.0,1,192,168,220,16,192,168,100,6
37191.0,445.0,TCP,0.004,2.0,174.0,0,192,168,220,7,192,168,100,5
59899.0,80.0,TCP,0.004,5.0,479.0,1,192,168,220,16,192,168,100,6
34743.0,445.0,TCP,0.002,2.0,174.0,0,192,168,220,11,192,168,100,5
445.0,49511.0,TCP,0.0,1.0,70.0,0,192,168,100,5,192,168,220,12
137.0,137.0,UDP,0.0,1.0,92.0,0,192,168,220,15,192,168,220,255
445.0,49094.0,TCP,0.0,1.0,108.0,0,192,168,100,5,192,168,220,8
55550.0,80.0,TCP,0.003,5.0,479.0,1,192,168,220,16,192,168,100,6
60755.0,80.0,TCP,0.005,5.0,479.0,1,192,168,220,16,192,168,100,6
51146.0,445.0,TCP,0.0,1.0,66.0,0,192,168,220,5,192,168,100,5
34743.0,445.0,TCP,0.015,2.0,174.0,0,192,168,220,11,192,168,100,5
137.0,137.0,UDP,0.0,1.0,92.0,0,192,168,220,3,192,168,220,255
48888.0,445.0,TCP,0.004,2.0,174.0,0,192,168,220,15,192,168,100,5
445.0,51146.0,TCP,0.0,1.0,108.0,0,192,168,100,5,192,168,220,5
43145.0,445.0,TCP,0.002,2.0,174.0,0,192,168,220,4,192,168,100,5
36607.0,80.0,TCP,0.006,5.0,479.0,1,192,168,220,16,192,168,100,6
51357.0,49176.0,TCP,0.0,1.0,58.0,1,192,168,220,16,192,168,200,1
138.0,138.0,UDP,0.0,1.0,262.0,0,192,168,220,12,192,168,220,255
58844.0,445.0,TCP,0.002,2.0,174.0,0,192,168,220,16,192,168,100,5
137.0,137.0,UDP,0.0,1.0,92.0,0,192,168,220,8,192,168,220,255
51146.0,445.0,TCP,0.003,2.0,174.0,0,192,168,220,5,192,168,100,5
59846.0,80.0,TCP,0.002,6.0,545.0,1,192,168,220,16,192,168,100,6
60833.0,80.0,TCP,0.005,6.0,545.0,1,192,168,220,16,192,168,100,6
59813.0,80.0,TCP,0.006,5.0,479.0,1,192,168,220,16,192,168,100,6
445.0,37191.0,TCP,0.0,1.0,108.0,0,192,168,100,5,192,168,220,7
58393.0,80.0,TCP,0.002,5.0,479.0,1,192,168,220,16,192,168,100,6
33784.0,80.0,TCP,0.006,5.0,479.0,1,192,168,220,16,192,168,100,6
59058.0,80.0,TCP,0.004,5.0,479.0,1,192,168,220,16,192,168,100,6
43145.0,445.0,TCP,0.003,2.0,174.0,0,192,168,220,4,192,168,100,5
445.0,40239.0,TCP,0.0,1.0,108.0,0,192,168,100,5,192,168,220,10
56711.0,80.0,TCP,0.004,6.0,545.0,1,192,168,220,16,192,168,100,6
37261.0,80.0,TCP,0.003,6.0,545.0,1,192,168,220,16,192,168,100,6
35087.0,80.0,TCP,0.005,5.0,479.0,1,192,168,220,16,192,168,100,6
40239.0,445.0,TCP,0.005,2.0,174.0,0,192,168,220,10,192,168,100,5
40239.0,445.0,TCP,0.004,2.0,174.0,0,192,168,220,10,192,168,100,5
37084.0,80.0,TCP,0.0069999999999999,5.0,479.0,1,192,168,220,16,192,168,100,6
137.0,137.0,UDP,0.0,1.0,92.0,0,192,168,220,5,192,168,220,255
51357.0,1037.0,TCP,0.0,1.0,58.0,1,192,168,220,16,192,168,200,8
58455.0,80.0,TCP,0.004,6.0,545.0,1,192,168,220,16,192,168,100,6
445.0,43183.0,TCP,0.0,1.0,108.0,0,192,168,100,5,192,168,200,4
445.0,34743.0,TCP,0.0,1.0,108.0,0,192,168,100,5,192,168,220,11
49511.0,445.0,TCP,0.002,2.0,174.0,0,192,168,220,12,192,168,100,5
445.0,46808.0,TCP,0.0,1.0,108.0,0,192,168,100,5,192,168,200,5
60475.0,80.0,TCP,0.003,5.0,479.0,1,192,168,220,16,192,168,100,6
43145.0,445.0,TCP,0.0,1.0,66.0,0,192,168,220,4,192,168,100,5
445.0,34743.0,TCP,0.0,1.0,108.0,0,192,168,100,5,192,168,220,11
445.0,43183.0,TCP,0.0,1.0,108.0,0,192,168,100,5,192,168,200,4
445.0,52321.0,TCP,0.0,1.0,108.0,0,192,168,100,5,192,168,220,14
46709.0,445.0,TCP,0.002,2.0,174.0,0,192,168,220,6,192,168,100,5
445.0,49094.0,TCP,0.0,1.0,108.0,0,192,168,100,5,192,168,220,8
445.0,40239.0,TCP,0.0,1.0,108.0,0,192,168,100,5,192,168,220,10
51357.0,1720.0,TCP,0.0,1.0,58.0,1,192,168,220,16,192,168,200,2
55940.0,80.0,TCP,0.003,5.0,479.0,1,192,168,220,16,192,168,100,6
445.0,49094.0,TCP,0.0,1.0,108.0,0,192,168,100,5,192,168,220,8
51357.0,514.0,TCP,0.0,1.0,58.0,1,192,168,220,16,192,168,200,8
58809.0,80.0,TCP,0.004,5.0,479.0,1,192,168,220,16,192,168,100,6
137.0,137.0,UDP,0.0,1.0,92.0,0,192,168,220,3,192,168,220,255
60997.0,80.0,TCP,0.004,5.0,479.0,1,192,168,220,16,192,168,100,6
445.0,40239.0,TCP,0.0,1.0,108.0,0,192,168,100,5,192,168,220,10
445.0,43145.0,TCP,0.0,1.0,108.0,0,192,168,100,5,192,168,220,4
58381.0,80.0,TCP,0.005,5.0,479.0,1,192,168,220,16,192,168,100,6
55492.0,80.0,TCP,0.002,5.0,479.0,1,192,168,220,16,192,168,100,6
60689.0,80.0,TCP,0.006,6.0,545.0,1,192,168,220,16,192,168,100,6
58832.0,80.0,TCP,0.003,5.0,479.0,1,192,168,220,16,192,168,100,6
33781.0,80.0,TCP,0.002,5.0,479.0,1,192,168,220,16,192,168,100,6
35179.0,80.0,TCP,0.005,5.0,479.0,1,192,168,220,16,192,168,100,6
445.0,52321.0,TCP,0.0,1.0,108.0,0,192,168,100,5,192,168,220,14
59085.0,80.0,TCP,0.004,5.0,479.0,1,192,168,220,16,192,168,100,6
137.0,137.0,UDP,0.0,1.0,92.0,0,192,168,220,7,192,168,220,255
445.0,40239.0,TCP,0.0,1.0,108.0,0,192,168,100,5,192,168,220,10
58844.0,445.0,TCP,0.002,2.0,174.0,0,192,168,220,16,192,168,100,5
445.0,46808.0,TCP,0.0,1.0,108.0,0,192,168,100,5,192,168,200,5
445.0,58844.0,TCP,0.0,1.0,108.0,0,192,168,100,5,192,168,220,16
60608.0,80.0,TCP,0.004,5.0,479.0,1,192,168,220,16,192,168,100,6
46808.0,445.0,TCP,0.004,2.0,174.0,0,192,168,200,5,192,168,100,5
33835.0,80.0,TCP,0.003,6.0,545.0,1,192,168,220,16,192,168,100,6
57713.0,80.0,TCP,0.003,5.0,479.0,1,192,168,220,16,192,168,100,6
58945.0,80.0,TCP,0.006,5.0,479.0,1,192,168,220,16,192,168,100,6
60513.0,80.0,TCP,0.001,5.0,479.0,1,192,168,220,16,192,168,100,6
37191.0,445.0,TCP,0.0,1.0,66.0,0,192,168,220,7,192,168,100,5
445.0,51146.0,TCP,0.0,1.0,108.0,0,192,168,100,5,192,168,220,5
138.0,138.0,UDP,0.0,1.0,262.0,0,192,168,220,13,192,168,220,255
51357.0,5903.0,TCP,0.0,1.0,58.0,1,192,168,220,16,192,168,200,2
137.0,137.0,UDP,0.0,1.0,92.0,0,192,168,220,16,192,168,220,255
56480.0,80.0,TCP,0.006,5.0,479.0,1,192,168,220,16,192,168,100,6
590434.0,80.0,TCP,0.005,6.0,545.0,1,192,168,220,16,192,168,100,6
34743.0,445.0,TCP,0.002,2.0,174.0,0,192,168,220,11,192,168,100,5
445.0,51146.0,TCP,0.0,1.0,108.0,0,192,168,100,5,192,168,220,5
55929.0,80.0,TCP,0.004,5.0,479.0,1,192,168,220,16,192,168,100,6
52321.0,445.0,TCP,0.201,2.0,174.0,0,192,168,220,14,192,168,100,5
58268.0,80.0,TCP,0.005,5.0,479.0,1,192,168,220,16,192,168,100,6
33535.0,80.0,TCP,0.006,5.0,479.0,1,192,168,220,16,192,168,100,6
33912.0,80.0,TCP,0.003,5.0,479.0,1,192,168,220,16,192,168,100,6
46709.0,445.0,TCP,0.003,2.0,174.0,0,192,168,220,6,192,168,100,5
137.0,137.0,UDP,1.848,3.0,276.0,0,192,168,200,8,192,168,200,255
37191.0,445.0,TCP,0.001,2.0,174.0,0,192,168,220,7,192,168,100,5
46709.0,445.0,TCP,0.003,2.0,174.0,0,192,168,220,6,192,168,100,5
58873.0,80.0,TCP,0.006,5.0,479.0,1,192,168,220,16,192,168,100,6
33595.0,80.0,TCP,0.003,5.0,479.0,1,192,168,220,16,192,168,100,6
57737.0,80.0,TCP,0.004,5.0,479.0,1,192,168,220,16,192,168,100,6
46808.0,445.0,TCP,0.0,1.0,66.0,0,192,168,200,5,192,168,100,5
445.0,40239.0,TCP,0.0,1.0,108.0,0,192,168,100,5,192,168,220,10
51357.0,8001.0,TCP,0.0,1.0,58.0,1,192,168,220,16,192,168,200,1
445.0,49511.0,TCP,0.0,1.0,108.0,0,192,168,100,5,192,168,220,12
34743.0,445.0,TCP,0.003,2.0,174.0,0,192,168,220,11,192,168,100,5
59727.0,80.0,TCP,0.003,5.0,479.0,1,192,168,220,16,192,168,100,6
445.0,49511.0,TCP,0.0,1.0,108.0,0,192,168,100,5,192,168,220,12
59976.0,80.0,TCP,0.006,6.0,545.0,1,192,168,220,16,192,168,100,6
35343.0,80.0,TCP,0.003,5.0,479.0,1,192,168,220,16,192,168,100,6
43145.0,445.0,TCP,0.004,2.0,174.0,0,192,168,220,4,192,168,100,5
51146.0,445.0,TCP,0.003,2.0,174.0,0,192,168,220,5,192,168,100,5
445.0,46808.0,TCP,0.0,1.0,108.0,0,192,168,100,5,192,168,200,5
445.0,37884.0,TCP,0.0,1.0,108.0,0,192,168,100,5,192,168,220,9
445.0,46808.0,TCP,0.0,1.0,108.0,0,192,168,100,5,192,168,200,5
81032.0,587.0,TCP,0.052,10.0,577.0,0,192,168,220,13,192,168,100,4
55650.0,80.0,TCP,0.006,6.0,545.0,1,192,168,220,16,192,168,100,6
32882.0,80.0,TCP,0.003,5.0,479.0,1,192,168,220,16,192,168,100,6
445.0,49511.0,TCP,0.0,1.0,108.0,0,192,168,100,5,192,168,220,12
40239.0,445.0,TCP,0.003,2.0,174.0,0,192,168,220,10,192,168,100,5
59290.0,80.0,TCP,0.005,5.0,479.0,1,192,168,220,16,192,168,100,6
58748.0,80.0,TCP,0.004,5.0,479.0,1,192,168,220,16,192,168,100,6
59268.0,80.0,TCP,0.003,6.0,545.0,1,192,168,220,16,192,168,100,6
57849.0,80.0,TCP,0.003,5.0,479.0,1,192,168,220,16,192,168,100,6
59619.0,80.0,TCP,0.004,5.0,479.0,1,192,168,220,16,192,168,100,6
445.0,60689.0,TCP,0.0,1.0,108.0,0,192,168,100,5,192,168,220,13
51357.0,646.0,TCP,0.0,1.0,58.0,1,192,168,220,16,192,168,200,4
58841.0,80.0,TCP,0.003,5.0,479.0,1,192,168,220,16,192,168,100,6
57297.0,80.0,TCP,0.002,5.0,479.0,1,192,168,220,16,192,168,100,6
445.0,37191.0,TCP,0.0,1.0,108.0,0,192,168,100,5,192,168,220,7
445.0,58844.0,TCP,0.0,1.0,108.0,0,192,168,100,5,192,168,220,16
137.0,137.0,UDP,0.0,1.0,92.0,0,192,168,220,5,192,168,220,255
57820.0,80.0,TCP,0.003,6.0,545.0,1,192,168,220,16,192,168,100,6
60689.0,445.0,TCP,0.002,2.0,174.0,0,192,168,220,13,192,168,100,5
43145.0,445.0,TCP,0.004,2.0,174.0,0,192,168,220,4,192,168,100,5
33690.0,80.0,TCP,0.005,6.0,545.0,1,192,168,220,16,192,168,100,6
40239.0,445.0,TCP,0.002,2.0,174.0,0,192,168,220,10,192,168,100,5
445.0,37884.0,TCP,0.0,1.0,108.0,0,192,168,100,5,192,168,220,9
445.0,49511.0,TCP,0.0,1.0,108.0,0,192,168,100,5,192,168,220,12
445.0,46709.0,TCP,0.0,1.0,108.0,0,192,168,100,5,192,168,220,6
60112.0,80.0,TCP,0.003,6.0,545.0,1,192,168,220,16,192,168,100,6
35392.0,80.0,TCP,0.003,5.0,479.0,1,192,168,220,16,192,168,100,6
51357.0,7019.0,TCP,0.0,1.0,58.0,1,192,168,220,16,192,168,200,5
51357.0,1074.0,TCP,0.0,1.0,58.0,1,192,168,220,16,192,168,200,4
58844.0,445.0,TCP,0.002,2.0,174.0,0,192,168,220,16,192,168,100,5
59464.0,80.0,TCP,0.0069999999999999,6.0,545.0,1,192,168,220,16,192,168,100,6
445.0,40239.0,TCP,0.0,1.0,108.0,0,192,168,100,5,192,168,220,10
445.0,49511.0,TCP,0.0,1.0,108.0,0,192,168,100,5,192,168,220,12
33680.0,80.0,TCP,0.004,5.0,479.0,1,192,168,220,16,192,168,100,6
58844.0,445.0,TCP,0.004,2.0,174.0,0,192,168,220,16,192,168,100,5
51357.0,5500.0,TCP,0.0,1.0,58.0,1,192,168,220,16,192,168,200,3
43145.0,445.0,TCP,0.003,2.0,174.0,0,192,168,220,4,192,168,100,5
445.0,46709.0,TCP,0.0,1.0,108.0,0,192,168,100,5,192,168,220,6
445.0,52321.0,TCP,0.0,1.0,108.0,0,192,168,100,5,192,168,220,14
46808.0,445.0,TCP,0.003,2.0,174.0,0,192,168,200,5,192,168,100,5
48888.0,445.0,TCP,0.005,2.0,174.0,0,192,168,220,15,192,168,100,5
37884.0,445.0,TCP,0.0,1.0,66.0,0,192,168,220,9,192,168,100,5
51146.0,445.0,TCP,0.003,2.0,174.0,0,192,168,220,5,192,168,100,5
445.0,37191.0,TCP,0.0,1.0,108.0,0,192,168,100,5,192,168,220,7
46709.0,445.0,TCP,0.003,2.0,174.0,0,192,168,220,6,192,168,100,5
57770.0,80.0,TCP,0.006,6.0,545.0,1,192,168,220,16,192,168,100,6
60331.0,80.0,TCP,0.004,5.0,479.0,1,192,168,220,16,192,168,100,6
445.0,49511.0,TCP,0.0,1.0,108.0,0,192,168,100,5,192,168,220,12
46755.0,32793.0,TCP,0.0,1.0,58.0,1,192,168,220,16,192,168,210,5
34743.0,445.0,TCP,0.002,2.0,174.0,0,192,168,220,11,192,168,100,5
445.0,46808.0,TCP,0.0,1.0,108.0,0,192,168,100,5,192,168,200,5
51146.0,445.0,TCP,0.003,2.0,174.0,0,192,168,220,5,192,168,100,5
445.0,51146.0,TCP,0.0,1.0,108.0,0,192,168,100,5,192,168,220,5
37884.0,445.0,TCP,0.0,1.0,66.0,0,192,168,220,9,192,168,100,5
138.0,138.0,UDP,0.0,1.0,262.0,0,192,168,220,4,192,168,220,255
445.0,49094.0,TCP,0.0,1.0,108.0,0,192,168,100,5,192,168,220,8
445.0,46709.0,TCP,0.0,1.0,108.0,0,192,168,100,5,192,168,220,6
60572.0,80.0,TCP,0.004,5.0,479.0,1,192,168,220,16,192,168,100,6
46709.0,445.0,TCP,0.004,2.0,174.0,0,192,168,220,6,192,168,100,5
58650.0,80.0,TCP,0.003,5.0,479.0,1,192,168,220,16,192,168,100,6
51358.0,5269.0,TCP,0.0,1.0,58.0,1,192,168,220,16,192,168,200,8
445.0,40239.0,TCP,0.0,1.0,108.0,0,192,168,100,5,192,168,220,10
58695.0,80.0,TCP,0.006,6.0,545.0,1,192,168,220,16,192,168,100,6
445.0,37191.0,TCP,0.0,1.0,108.0,0,192,168,100,5,192,168,220,7
51357.0,1079.0,TCP,0.0,1.0,58.0,1,192,168,220,16,192,168,200,4
445.0,58844.0,TCP,0.0,1.0,108.0,0,192,168,100,5,192,168,220,16
445.0,40239.0,TCP,0.0,1.0,108.0,0,192,168,100,5,192,168,220,10
445.0,49094.0,TCP,0.0,1.0,108.0,0,192,168,100,5,192,168,220,8
48888.0,445.0,TCP,0.006,2.0,174.0,0,192,168,220,15,192,168,100,5
57279.0,80.0,TCP,0.003,5.0,479.0,1,192,168,220,16,192,168,100,6
445.0,37191.0,TCP,0.0,1.0,108.0,0,192,168,100,5,192,168,220,7
35502.0,80.0,TCP,0.003,5.0,479.0,1,192,168,220,16,192,168,100,6
51357.0,1028.0,TCP,0.0,1.0,58.0,1,192,168,220,16,192,168,200,5
445.0,34743.0,TCP,0.0,1.0,108.0,0,192,168,100,5,192,168,220,11
445.0,40239.0,TCP,0.0,1.0,108.0,0,192,168,100,5,192,168,220,10
58844.0,445.0,TCP,0.003,2.0,174.0,0,192,168,220,16,192,168,100,5
43145.0,445.0,TCP,0.005,2.0,174.0,0,192,168,220,4,192,168,100,5
43145.0,445.0,TCP,0.004,2.0,174.0,0,192,168,220,4,192,168,100,5
59226.0,80.0,TCP,0.006,5.0,479.0,1,192,168,220,16,192,168,100,6
58323.0,80.0,TCP,0.005,5.0,479.0,1,192,168,220,16,192,168,100,6
445.0,40239.0,TCP,0.0,1.0,108.0,0,192,168,100,5,192,168,220,10
35352.0,80.0,TCP,0.005,5.0,479.0,1,192,168,220,16,192,168,100,6
445.0,43183.0,TCP,0.0,1.0,70.0,0,192,168,100,5,192,168,200,4
35369.0,80.0,TCP,0.004,5.0,479.0,1,192,168,220,16,192,168,100,6
445.0,34743.0,TCP,0.0,1.0,108.0,0,192,168,100,5,192,168,220,11
48888.0,445.0,TCP,0.001,2.0,174.0,0,192,168,220,15,192,168,100,5
445.0,46709.0,TCP,0.0,1.0,108.0,0,192,168,100,5,192,168,220,6
32974.0,80.0,TCP,0.002,5.0,479.0,1,192,168,220,16,192,168,100,6
445.0,58844.0,TCP,0.0,1.0,70.0,0,192,168,100,5,192,168,220,16
58936.0,80.0,TCP,0.005,5.0,479.0,1,192,168,220,16,192,168,100,6
33565.0,80.0,TCP,0.004,5.0,479.0,1,192,168,220,16,192,168,100,6
445.0,60689.0,TCP,0.0,1.0,108.0,0,192,168,100,5,192,168,220,13
445.0,43183.0,TCP,0.0,1.0,70.0,0,192,168,100,5,192,168,200,4
445.0,52321.0,TCP,0.0,1.0,108.0,0,192,168,100,5,192,168,220,14
445.0,52321.0,TCP,0.0,1.0,108.0,0,192,168,100,5,192,168,220,14
46709.0,445.0,TCP,0.002,2.0,174.0,0,192,168,220,6,192,168,100,5
60415.0,80.0,TCP,0.006,5.0,479.0,1,192,168,220,16,192,168,100,6
445.0,49511.0,TCP,0.0,1.0,108.0,0,192,168,100,5,192,168,220,12
58844.0,445.0,TCP,0.003,2.0,174.0,0,192,168,220,16,192,168,100,5
445.0,58844.0,TCP,0.0,1.0,108.0,0,192,168,100,5,192,168,220,16
58383.0,80.0,TCP,0.006,5.0,479.0,1,192,168,220,16,192,168,100,6
138.0,138.0,UDP,0.0,1.0,262.0,0,192,168,220,5,192,168,220,255
57531.0,80.0,TCP,0.004,5.0,479.0,1,192,168,220,16,192,168,100,6
51357.0,615.0,TCP,0.0,1.0,58.0,1,192,168,220,16,192,168,200,1
49094.0,445.0,TCP,0.002,2.0,174.0,0,192,168,220,8,192,168,100,5
58341.0,80.0,TCP,0.004,5.0,479.0,1,192,168,220,16,192,168,100,6
49511.0,445.0,TCP,0.003,2.0,174.0,0,192,168,220,12,192,168,100,5
57738.0,80.0,TCP,0.002,5.0,479.0,1,192,168,220,16,192,168,100,6
46709.0,445.0,TCP,0.002,2.0,174.0,0,192,168,220,6,192,168,100,5
445.0,46709.0,TCP,0.0,1.0,108.0,0,192,168,100,5,192,168,220,6
445.0,46709.0,TCP,0.0,1.0,108.0,0,192,168,100,5,192,168,220,6
33432.0,80.0,TCP,0.002,5.0,479.0,1,192,168,220,16,192,168,100,6
137.0,137.0,UDP,0.0,1.0,92.0,0,192,168,220,5,192,168,220,255
58213.0,80.0,TCP,0.005,5.0,479.0,1,192,168,220,16,192,168,100,6
445.0,43145.0,TCP,0.0,1.0,108.0,0,192,168,100,5,192,168,220,4
60689.0,445.0,TCP,0.002,2.0,174.0,0,192,168,220,13,192,168,100,5
58844.0,445.0,TCP,0.0,1.0,66.0,0,192,168,220,16,192,168,100,5
445.0,48888.0,TCP,0.0,1.0,108.0,0,192,168,100,5,192,168,220,15
51146.0,445.0,TCP,0.004,2.0,174.0,0,192,168,220,5,192,168,100,5
59630.0,80.0,TCP,0.003,5.0,479.0,1,192,168,220,16,192,168,100,6
445.0,43183.0,TCP,0.0,1.0,108.0,0,192,168,100,5,192,168,200,4
445.0,58844.0,TCP,0.0,1.0,108.0,0,192,168,100,5,192,168,220,16
60341.0,80.0,TCP,0.006,5.0,479.0,1,192,168,220,16,192,168,100,6
59098.0,80.0,TCP,0.006,6.0,545.0,1,192,168,220,16,192,168,100,6
57775.0,80.0,TCP,0.006,5.0,479.0,1,192,168,220,16,192,168,100,6
51358.0,5907.0,TCP,0.0,1.0,58.0,1,192,168,220,16,192,168,200,2
52321.0,445.0,TCP,0.002,2.0,174.0,0,192,168,220,14,192,168,100,5
56582.0,80.0,TCP,0.002,5.0,479.0,1,192,168,220,16,192,168,100,6
37039.0,80.0,TCP,0.003,5.0,479.0,1,192,168,220,16,192,168,100,6
445.0,49511.0,TCP,0.0,1.0,108.0,0,192,168,100,5,192,168,220,12
445.0,52321.0,TCP,0.0,1.0,108.0,0,192,168,100,5,192,168,220,14
80.0,38709.0,TCP,0.0,2.0,139.0,0,192,168,100,6,192,168,220,6
445.0,49511.0,TCP,0.0,1.0,108.0,0,192,168,100,5,192,168,220,12
59660.0,80.0,TCP,0.002,5.0,479.0,1,192,168,220,16,192,168,100,6
58310.0,80.0,TCP,0.006,6.0,545.0,1,192,168,220,16,192,168,100,6
445.0,49094.0,TCP,0.0,1.0,108.0,0,192,168,100,5,192,168,220,8
46709.0,445.0,TCP,0.003,2.0,174.0,0,192,168,220,6,192,168,100,5
445.0,60689.0,TCP,0.0,1.0,108.0,0,192,168,100,5,192,168,220,13
51435.0,25.0,TCP,0.0,1.0,58.0,1,192,168,220,16,192,168,200,4
445.0,37884.0,TCP,0.0,1.0,108.0,0,192,168,100,5,192,168,220,9
51146.0,445.0,TCP,0.006,2.0,174.0,0,192,168,220,5,192,168,100,5
60722.0,80.0,TCP,0.003,5.0,479.0,1,192,168,220,16,192,168,100,6
56164.0,80.0,TCP,0.004,6.0,545.0,1,192,168,220,16,192,168,100,6
48888.0,445.0,TCP,0.004,2.0,174.0,0,192,168,220,15,192,168,100,5
138.0,138.0,UDP,0.0,1.0,262.0,0,192,168,220,9,192,168,220,255
138.0,138.0,UDP,0.0,1.0,262.0,0,192,168,220,13,192,168,220,255
445.0,37884.0,TCP,0.0,1.0,108.0,0,192,168,100,5,192,168,220,9
51146.0,445.0,TCP,0.0,2.0,174.0,0,192,168,220,5,192,168,100,5
37191.0,445.0,TCP,0.001,2.0,174.0,0,192,168,220,7,192,168,100,5
445.0,49511.0,TCP,0.0,1.0,108.0,0,192,168,100,5,192,168,220,12
445.0,43145.0,TCP,0.0,1.0,108.0,0,192,168,100,5,192,168,220,4
51357.0,514.0,TCP,0.0,1.0,58.0,1,192,168,220,16,192,168,200,4
56623.0,80.0,TCP,0.006,5.0,479.0,1,192,168,220,16,192,168,100,6
52321.0,445.0,TCP,0.004,2.0,174.0,0,192,168,220,14,192,168,100,5
51357.0,10009.0,TCP,0.0,1.0,58.0,1,192,168,220,16,192,168,200,2
35607.0,80.0,TCP,0.002,5.0,479.0,1,192,168,220,16,192,168,100,6
60764.0,80.0,TCP,0.004,5.0,479.0,1,192,168,220,16,192,168,100,6
34743.0,445.0,TCP,0.0,1.0,66.0,0,192,168,220,11,192,168,100,5
60808.0,80.0,TCP,0.006,6.0,545.0,1,192,168,220,16,192,168,100,6
60785.0,80.0,TCP,0.006,5.0,479.0,1,192,168,220,16,192,168,100,6
445.0,43183.0,TCP,0.0,1.0,70.0,0,192,168,100,5,192,168,200,4
51146.0,445.0,TCP,0.003,2.0,174.0,0,192,168,220,5,192,168,100,5
37884.0,445.0,TCP,0.004,2.0,174.0,0,192,168,220,9,192,168,100,5
58107.0,80.0,TCP,0.005,5.0,479.0,1,192,168,220,16,192,168,100,6
58522.0,80.0,TCP,0.005,6.0,545.0,1,192,168,220,16,192,168,100,6
58221.0,80.0,TCP,0.006,6.0,545.0,1,192,168,220,16,192,168,100,6
445.0,48888.0,TCP,0.0,1.0,108.0,0,192,168,100,5,192,168,220,15
34743.0,445.0,TCP,0.005,2.0,174.0,0,192,168,220,11,192,168,100,5
46808.0,445.0,TCP,0.004,2.0,174.0,0,192,168,200,5,192,168,100,5
58377.0,80.0,TCP,0.005,5.0,479.0,1,192,168,220,16,192,168,100,6
34743.0,445.0,TCP,0.004,2.0,174.0,0,192,168,220,11,192,168,100,5
445.0,52321.0,TCP,0.0,1.0,108.0,0,192,168,100,5,192,168,220,14
445.0,60689.0,TCP,0.0,1.0,108.0,0,192,168,100,5,192,168,220,13
52321.0,445.0,TCP,0.003,2.0,174.0,0,192,168,220,14,192,168,100,5
57831.0,80.0,TCP,0.005,5.0,479.0,1,192,168,220,16,192,168,100,6
46709.0,445.0,TCP,0.003,2.0,174.0,0,192,168,220,6,192,168,100,5
445.0,37884.0,TCP,0.0,1.0,108.0,0,192,168,100,5,192,168,220,9
43145.0,445.0,TCP,0.004,2.0,174.0,0,192,168,220,4,192,168,100,5
445.0,58844.0,TCP,0.0,1.0,108.0,0,192,168,100,5,192,168,220,16
52321.0,445.0,TCP,0.002,2.0,174.0,0,192,168,220,14,192,168,100,5
60279.0,80.0,TCP,0.006,5.0,479.0,1,192,168,220,16,192,168,100,6
34135.0,80.0,TCP,0.005,5.0,479.0,1,192,168,220,16,192,168,100,6
58604.0,80.0,TCP,0.002,6.0,545.0,1,192,168,220,16,192,168,100,6
60689.0,445.0,TCP,0.004,2.0,174.0,0,192,168,220,13,192,168,100,5
51357.0,1720.0,TCP,0.0,1.0,58.0,1,192,168,220,16,192,168,200,9
51357.0,1066.0,TCP,0.0,1.0,58.0,1,192,168,220,16,192,168,200,1
33431.0,80.0,TCP,0.006,5.0,479.0,1,192,168,220,16,192,168,100,6
37191.0,445.0,TCP,0.0,1.0,66.0,0,192,168,220,7,192,168,100,5
51357.0,5904.0,TCP,0.0,1.0,58.0,1,192,168,220,16,192,168,200,5
34145.0,80.0,TCP,0.004,5.0,479.0,1,192,168,220,16,192,168,100,6
445.0,51146.0,TCP,0.0,1.0,108.0,0,192,168,100,5,192,168,220,5
57719.0,80.0,TCP,0.004,5.0,479.0,1,192,168,220,16,192,168,100,6
445.0,40239.0,TCP,0.0,1.0,108.0,0,192,168,100,5,192,168,220,10
37884.0,445.0,TCP,0.002,2.0,174.0,0,192,168,220,9,192,168,100,5
36006.0,80.0,TCP,0.001,5.0,479.0,1,192,168,220,16,192,168,100,6
58830.0,80.0,TCP,0.004,6.0,545.0,1,192,168,220,16,192,168,100,6
40239.0,445.0,TCP,0.001,2.0,174.0,0,192,168,220,10,192,168,100,5
445.0,37191.0,TCP,0.0,1.0,108.0,0,192,168,100,5,192,168,220,7
58937.0,80.0,TCP,0.005,5.0,479.0,1,192,168,220,16,192,168,100,6
52321.0,445.0,TCP,0.004,2.0,174.0,0,192,168,220,14,192,168,100,5
58708.0,80.0,TCP,0.006,5.0,479.0,1,192,168,220,16,192,168,100,6
56853.0,80.0,TCP,0.004,5.0,479.0,1,192,168,220,16,192,168,100,6
445.0,46709.0,TCP,0.0,1.0,70.0,0,192,168,100,5,192,168,220,6
445.0,43183.0,TCP,0.0,1.0,108.0,0,192,168,100,5,192,168,200,4
58077.0,80.0,TCP,0.006,5.0,479.0,1,192,168,220,16,192,168,100,6
35382.0,80.0,TCP,0.005,5.0,479.0,1,192,168,220,16,192,168,100,6
137.0,137.0,UDP,0.0,1.0,92.0,0,192,168,220,8,192,168,220,255
58844.0,445.0,TCP,0.004,2.0,174.0,0,192,168,220,16,192,168,100,5
55933.0,80.0,TCP,0.003,5.0,479.0,1,192,168,220,16,192,168,100,6
35503.0,80.0,TCP,0.004,5.0,479.0,1,192,168,220,16,192,168,100,6
445.0,51146.0,TCP,0.0,1.0,70.0,0,192,168,100,5,192,168,220,5
48888.0,445.0,TCP,0.003,2.0,174.0,0,192,168,220,15,192,168,100,5
59731.0,80.0,TCP,0.006,5.0,479.0,1,192,168,220,16,192,168,100,6
51146.0,445.0,TCP,0.004,2.0,174.0,0,192,168,220,5,192,168,100,5
60689.0,445.0,TCP,0.0,1.0,66.0,0,192,168,220,13,192,168,100,5
59965.0,80.0,TCP,0.006,5.0,479.0,1,192,168,220,16,192,168,100,6
445.0,34743.0,TCP,1.8,2.0,178.0,0,192,168,100,5,192,168,220,11
58844.0,445.0,TCP,0.003,2.0,174.0,0,192,168,220,16,192,168,100,5
60192.0,80.0,TCP,0.003,6.0,545.0,1,192,168,220,16,192,168,100,6
51448.0,25.0,TCP,0.0,1.0,58.0,1,192,168,220,16,192,168,200,8
34743.0,445.0,TCP,0.002,2.0,174.0,0,192,168,220,11,192,168,100,5
445.0,49094.0,TCP,0.0,1.0,108.0,0,192,168,100,5,192,168,220,8
59421.0,80.0,TCP,0.005,6.0,545.0,1,192,168,220,16,192,168,100,6
34094.0,80.0,TCP,0.006,5.0,479.0,1,192,168,220,16,192,168,100,6
445.0,37884.0,TCP,0.0,1.0,108.0,0,192,168,100,5,192,168,220,9
37191.0,445.0,TCP,0.004,2.0,174.0,0,192,168,220,7,192,168,100,5
58968.0,80.0,TCP,0.005,6.0,545.0,1,192,168,220,16,192,168,100,6
34743.0,445.0,TCP,0.004,2.0,174.0,0,192,168,220,11,192,168,100,5
445.0,34743.0,TCP,0.0,1.0,108.0,0,192,168,100,5,192,168,220,11
445.0,51146.0,TCP,0.0,1.0,108.0,0,192,168,100,5,192,168,220,5
55935.0,80.0,TCP,0.003,6.0,545.0,1,192,168,220,16,192,168,100,6
46808.0,445.0,TCP,0.002,2.0,174.0,0,192,168,200,5,192,168,100,5
34743.0,445.0,TCP,0.004,2.0,174.0,0,192,168,220,11,192,168,100,5
445.0,49511.0,TCP,0.0,1.0,108.0,0,192,168,100,5,192,168,220,12
445.0,37191.0,TCP,0.0,1.0,108.0,0,192,168,100,5,192,168,220,7
48888.0,445.0,TCP,0.0,1.0,66.0,0,192,168,220,15,192,168,100,5
58507.0,80.0,TCP,0.004,5.0,479.0,1,192,168,220,16,192,168,100,6
48888.0,445.0,TCP,0.003,2.0,174.0,0,192,168,220,15,192,168,100,5
445.0,40239.0,TCP,0.0,1.0,108.0,0,192,168,100,5,192,168,220,10
59319.0,80.0,TCP,0.005,5.0,479.0,1,192,168,220,16,192,168,100,6
58622.0,80.0,TCP,0.005,6.0,545.0,1,192,168,220,16,192,168,100,6
35308.0,80.0,TCP,0.003,5.0,479.0,1,192,168,220,16,192,168,100,6
56288.0,80.0,TCP,0.005,6.0,545.0,1,192,168,220,16,192,168,100,6
43145.0,445.0,TCP,0.0,1.0,66.0,0,192,168,220,4,192,168,100,5
51357.0,32776.0,TCP,0.0,1.0,58.0,1,192,168,220,16,192,168,200,2
46808.0,445.0,TCP,0.002,2.0,174.0,0,192,168,200,5,192,168,100,5
37884.0,445.0,TCP,0.001,2.0,174.0,0,192,168,220,9,192,168,100,5
445.0,48888.0,TCP,0.0,1.0,108.0,0,192,168,100,5,192,168,220,15
58844.0,445.0,TCP,0.004,2.0,174.0,0,192,168,220,16,192,168,100,5
137.0,137.0,UDP,0.0,1.0,92.0,0,192,168,220,5,192,168,220,255
43183.0,445.0,TCP,0.002,2.0,174.0,0,192,168,200,4,192,168,100,5
46808.0,445.0,TCP,0.003,2.0,174.0,0,192,168,200,5,192,168,100,5
59084.0,80.0,TCP,0.006,5.0,479.0,1,192,168,220,16,192,168,100,6
57826.0,80.0,TCP,0.006,5.0,479.0,1,192,168,220,16,192,168,100,6
49094.0,445.0,TCP,0.005,2.0,174.0,0,192,168,220,8,192,168,100,5
51146.0,445.0,TCP,0.004,2.0,174.0,0,192,168,220,5,192,168,100,5
57830.0,80.0,TCP,0.004,6.0,545.0,1,192,168,220,16,192,168,100,6
445.0,52321.0,TCP,0.0,1.0,108.0,0,192,168,100,5,192,168,220,14
59630.0,80.0,TCP,0.005,6.0,545.0,1,192,168,220,16,192,168,100,6
32978.0,80.0,TCP,0.003,5.0,479.0,1,192,168,220,16,192,168,100,6
57924.0,80.0,TCP,0.004,5.0,479.0,1,192,168,220,16,192,168,100,6
445.0,46808.0,TCP,0.0,1.0,108.0,0,192,168,100,5,192,168,200,5
445.0,34743.0,TCP,0.0,1.0,108.0,0,192,168,100,5,192,168,220,11
57869.0,80.0,TCP,0.004,6.0,545.0,1,192,168,220,16,192,168,100,6
57904.0,80.0,TCP,0.004,6.0,545.0,1,192,168,220,16,192,168,100,6
37884.0,445.0,TCP,0.001,2.0,174.0,0,192,168,220,9,192,168,100,5
36105.0,80.0,TCP,0.004,5.0,479.0,1,192,168,220,16,192,168,100,6
58464.0,80.0,TCP,0.005,5.0,479.0,1,192,168,220,16,192,168,100,6
57852.0,80.0,TCP,0.002,5.0,479.0,1,192,168,220,16,192,168,100,6
35232.0,80.0,TCP,0.005,5.0,479.0,1,192,168,220,16,192,168,100,6
445.0,37884.0,TCP,0.0,1.0,108.0,0,192,168,100,5,192,168,220,9
57739.0,80.0,TCP,0.003,5.0,479.0,1,192,168,220,16,192,168,100,6
60689.0,445.0,TCP,0.0,1.0,66.0,0,192,168,220,13,192,168,100,5
57770.0,80.0,TCP,0.004,5.0,479.0,1,192,168,220,16,192,168,100,6
46755.0,1038.0,TCP,0.0,1.0,58.0,1,192,168,220,16,192,168,210,4
51357.0,32769.0,TCP,0.0,1.0,58.0,1,192,168,220,16,192,168,200,1
445.0,46709.0,TCP,0.0,1.0,108.0,0,192,168,100,5,192,168,220,6
48888.0,445.0,TCP,0.005,2.0,174.0,0,192,168,220,15,192,168,100,5
58754.0,80.0,TCP,0.005,6.0,545.0,1,192,168,220,16,192,168,100,6
56788.0,80.0,TCP,0.003,6.0,545.0,1,192,168,220,16,192,168,100,6
52321.0,445.0,TCP,0.004,2.0,174.0,0,192,168,220,14,192,168,100,5
445.0,58844.0,TCP,0.0,1.0,108.0,0,192,168,100,5,192,168,220,16
55585.0,80.0,TCP,0.006,5.0,479.0,1,192,168,220,16,192,168,100,6
59022.0,80.0,TCP,0.003,5.0,479.0,1,192,168,220,16,192,168,100,6
445.0,49511.0,TCP,0.0,1.0,108.0,0,192,168,100,5,192,168,220,12
56145.0,80.0,TCP,0.005,5.0,479.0,1,192,168,220,16,192,168,100,6
34283.0,80.0,TCP,0.002,5.0,479.0,1,192,168,220,16,192,168,100,6
445.0,37884.0,TCP,0.0,1.0,108.0,0,192,168,100,5,192,168,220,9
34207.0,80.0,TCP,0.004,5.0,479.0,1,192,168,220,16,192,168,100,6
445.0,46709.0,TCP,0.0,1.0,108.0,0,192,168,100,5,192,168,220,6
60568.0,80.0,TCP,0.003,6.0,545.0,1,192,168,220,16,192,168,100,6
48888.0,445.0,TCP,0.004,2.0,174.0,0,192,168,220,15,192,168,100,5
445.0,49511.0,TCP,0.0,1.0,108.0,0,192,168,100,5,192,168,220,12
137.0,137.0,UDP,0.0,1.0,92.0,0,192,168,220,15,192,168,220,255
56510.0,80.0,TCP,0.006,5.0,479.0,1,192,168,220,16,192,168,100,6
58943.0,80.0,TCP,0.003,5.0,479.0,1,192,168,220,16,192,168,100,6
445.0,37191.0,TCP,0.0,1.0,108.0,0,192,168,100,5,192,168,220,7
445.0,37884.0,TCP,0.0,1.0,108.0,0,192,168,100,5,192,168,220,9
40239.0,445.0,TCP,0.002,2.0,174.0,0,192,168,220,10,192,168,100,5
46709.0,445.0,TCP,0.004,2.0,174.0,0,192,168,220,6,192,168,100,5
57854.0,80.0,TCP,0.006,6.0,545.0,1,192,168,220,16,192,168,100,6
445.0,49094.0,TCP,0.0,1.0,108.0,0,192,168,100,5,192,168,220,8
138.0,138.0,UDP,0.0,1.0,262.0,0,192,168,200,4,192,168,200,255
46709.0,445.0,TCP,0.004,2.0,174.0,0,192,168,220,6,192,168,100,5
137.0,137.0,UDP,0.0,1.0,92.0,0,192,168,220,15,192,168,220,255
445.0,40239.0,TCP,0.0,1.0,108.0,0,192,168,100,5,192,168,220,10
445.0,37884.0,TCP,0.0,1.0,108.0,0,192,168,100,5,192,168,220,9
57504.0,80.0,TCP,0.004,6.0,545.0,1,192,168,220,16,192,168,100,6
51146.0,445.0,TCP,0.003,2.0,174.0,0,192,168,220,5,192,168,100,5
445.0,46808.0,TCP,0.0,1.0,108.0,0,192,168,100,5,192,168,200,5
60778.0,80.0,TCP,0.004,5.0,479.0,1,192,168,220,16,192,168,100,6
57702.0,80.0,TCP,0.003,6.0,545.0,1,192,168,220,16,192,168,100,6
57923.0,80.0,TCP,0.003,5.0,479.0,1,192,168,220,16,192,168,100,6
445.0,43145.0,TCP,0.0,1.0,108.0,0,192,168,100,5,192,168,220,4
51357.0,9090.0,TCP,0.0,1.0,58.0,1,192,168,220,16,192,168,200,8
445.0,58844.0,TCP,0.0,1.0,108.0,0,192,168,100,5,192,168,220,16
40239.0,445.0,TCP,0.0,1.0,66.0,0,192,168,220,10,192,168,100,5
445.0,52321.0,TCP,0.0,1.0,108.0,0,192,168,100,5,192,168,220,14
59061.0,80.0,TCP,0.005,5.0,479.0,1,192,168,220,16,192,168,100,6
138.0,138.0,UDP,0.0,1.0,243.0,0,192,168,210,4,192,168,210,255
58695.0,80.0,TCP,0.004,5.0,479.0,1,192,168,220,16,192,168,100,6
59948.0,80.0,TCP,0.006,6.0,545.0,1,192,168,220,16,192,168,100,6
60623.0,80.0,TCP,0.003,6.0,545.0,1,192,168,220,16,192,168,100,6
37191.0,445.0,TCP,0.003,2.0,174.0,0,192,168,220,7,192,168,100,5
445.0,52321.0,TCP,0.0,1.0,108.0,0,192,168,100,5,192,168,220,14
56714.0,80.0,TCP,0.003,5.0,479.0,1,192,168,220,16,192,168,100,6
51357.0,1201.0,TCP,0.0,1.0,58.0,1,192,168,220,16,192,168,200,2
445.0,37884.0,TCP,0.0,1.0,108.0,0,192,168,100,5,192,168,220,9
55883.0,80.0,TCP,0.004,5.0,479.0,1,192,168,220,16,192,168,100,6
35291.0,80.0,TCP,0.003,5.0,479.0,1,192,168,220,16,192,168,100,6
137.0,137.0,UDP,0.0,1.0,92.0,0,192,168,220,12,192,168,220,255
137.0,137.0,UDP,0.0,1.0,92.0,0,192,168,220,16,192,168,220,255
46808.0,445.0,TCP,0.004,2.0,174.0,0,192,168,200,5,192,168,100,5
445.0,49511.0,TCP,0.0,1.0,108.0,0,192,168,100,5,192,168,220,12
48888.0,445.0,TCP,0.002,2.0,174.0,0,192,168,220,15,192,168,100,5
49511.0,445.0,TCP,0.002,2.0,174.0,0,192,168,220,12,192,168,100,5
34414.0,80.0,TCP,0.006,6.0,545.0,1,192,168,220,16,192,168,100,6
33197.0,80.0,TCP,0.006,5.0,479.0,1,192,168,220,16,192,168,100,6
51357.0,52673.0,TCP,0.0,1.0,58.0,1,192,168,220,16,192,168,200,5
60149.0,80.0,TCP,0.003,5.0,479.0,1,192,168,220,16,192,168,100,6
445.0,52321.0,TCP,0.0,1.0,108.0,0,192,168,100,5,192,168,220,14
58694.0,80.0,TCP,0.003,5.0,479.0,1,192,168,220,16,192,168,100,6
51357.0,25.0,TCP,0.0,1.0,58.0,1,192,168,220,16,192,168,200,4
33989.0,80.0,TCP,0.001,5.0,479.0,1,192,168,220,16,192,168,100,6
60275.0,80.0,TCP,0.004,5.0,479.0,1,192,168,220,16,192,168,100,6
51357.0,1067.0,TCP,0.0,1.0,58.0,1,192,168,220,16,192,168,200,2
58844.0,445.0,TCP,0.003,2.0,174.0,0,192,168,220,16,192,168,100,5
34743.0,445.0,TCP,0.002,2.0,174.0,0,192,168,220,11,192,168,100,5
59627.0,80.0,TCP,0.006,6.0,545.0,1,192,168,220,16,192,168,100,6
445.0,37191.0,TCP,0.0,1.0,108.0,0,192,168,100,5,192,168,220,7
445.0,37191.0,TCP,0.0,1.0,108.0,0,192,168,100,5,192,168,220,7
445.0,49511.0,TCP,0.0,1.0,108.0,0,192,168,100,5,192,168,220,12
59214.0,80.0,TCP,0.003,5.0,479.0,1,192,168,220,16,192,168,100,6
445.0,46808.0,TCP,0.0,1.0,108.0,0,192,168,100,5,192,168,200,5
59460.0,80.0,TCP,0.004,5.0,479.0,1,192,168,220,16,192,168,100,6
51146.0,445.0,TCP,0.002,2.0,174.0,0,192,168,220,5,192,168,100,5
35397.0,80.0,TCP,0.002,5.0,479.0,1,192,168,220,16,192,168,100,6
445.0,52321.0,TCP,0.0,1.0,108.0,0,192,168,100,5,192,168,220,14
57859.0,80.0,TCP,0.006,6.0,545.0,1,192,168,220,16,192,168,100,6
56826.0,80.0,TCP,0.004,5.0,479.0,1,192,168,220,16,192,168,100,6
43145.0,445.0,TCP,0.001,2.0,174.0,0,192,168,220,4,192,168,100,5
58416.0,80.0,TCP,0.003,5.0,479.0,1,192,168,220,16,192,168,100,6
36508.0,80.0,TCP,0.005,5.0,479.0,1,192,168,220,16,192,168,100,6
51357.0,1069.0,TCP,0.0,1.0,58.0,1,192,168,220,16,192,168,200,8
445.0,48888.0,TCP,0.0,1.0,108.0,0,192,168,100,5,192,168,220,15
59064.0,80.0,TCP,0.004,5.0,479.0,1,192,168,220,16,192,168,100,6
138.0,138.0,UDP,0.0,1.0,262.0,0,192,168,220,9,192,168,220,255
57288.0,80.0,TCP,0.002,5.0,479.0,1,192,168,220,16,192,168,100,6
445.0,51146.0,TCP,0.0,1.0,108.0,0,192,168,100,5,192,168,220,5
34948.0,80.0,TCP,0.005,5.0,479.0,1,192,168,220,16,192,168,100,6
58706.0,80.0,TCP,0.005,5.0,479.0,1,192,168,220,16,192,168,100,6
445.0,37191.0,TCP,0.0,1.0,108.0,0,192,168,100,5,192,168,220,7
445.0,43145.0,TCP,0.0,1.0,108.0,0,192,168,100,5,192,168,220,4
46755.0,5906.0,TCP,0.0,1.0,58.0,1,192,168,220,16,192,168,210,5
33295.0,80.0,TCP,0.006,5.0,479.0,1,192,168,220,16,192,168,100,6
445.0,49511.0,TCP,0.0,1.0,108.0,0,192,168,100,5,192,168,220,12
60403.0,80.0,TCP,0.005,6.0,545.0,1,192,168,220,16,192,168,100,6
34208.0,80.0,TCP,0.005,6.0,545.0,1,192,168,220,16,192,168,100,6
51357.0,3310.0,TCP,0.0,1.0,58.0,1,192,168,220,16,192,168,200,2
46808.0,445.0,TCP,0.001,2.0,174.0,0,192,168,200,5,192,168,100,5
52321.0,445.0,TCP,0.003,2.0,174.0,0,192,168,220,14,192,168,100,5
33583.0,80.0,TCP,0.004,6.0,545.0,1,192,168,220,16,192,168,100,6
34422.0,80.0,TCP,0.004,5.0,479.0,1,192,168,220,16,192,168,100,6
80.0,44911.0,TCP,0.006,3.0,570.0,0,192,168,220,6,192,168,100,6
59311.0,80.0,TCP,0.004,5.0,479.0,1,192,168,220,16,192,168,100,6
51357.0,56772.0,TCP,0.0,1.0,58.0,1,192,168,220,16,192,168,200,5
445.0,40239.0,TCP,0.0,1.0,108.0,0,192,168,100,5,192,168,220,10
137.0,137.0,UDP,0.0,1.0,92.0,0,192,168,220,3,192,168,220,255
590737.0,80.0,TCP,0.0069999999999999,5.0,479.0,1,192,168,220,16,192,168,100,6
37191.0,445.0,TCP,0.002,2.0,174.0,0,192,168,220,7,192,168,100,5
445.0,49094.0,TCP,0.0,1.0,70.0,0,192,168,100,5,192,168,220,8
58933.0,80.0,TCP,0.005,6.0,545.0,1,192,168,220,16,192,168,100,6
51357.0,1000.0,TCP,0.0,1.0,58.0,1,192,168,220,16,192,168,200,2
43145.0,445.0,TCP,0.0,1.0,66.0,0,192,168,220,4,192,168,100,5
60689.0,445.0,TCP,0.001,2.0,174.0,0,192,168,220,13,192,168,100,5
60689.0,80.0,TCP,0.004,5.0,479.0,1,192,168,220,16,192,168,100,6
445.0,37191.0,TCP,0.0,1.0,108.0,0,192,168,100,5,192,168,220,7
33763.0,80.0,TCP,0.004,6.0,545.0,1,192,168,220,16,192,168,100,6
40239.0,445.0,TCP,0.001,2.0,174.0,0,192,168,220,10,192,168,100,5
49511.0,445.0,TCP,0.0,1.0,66.0,0,192,168,220,12,192,168,100,5
58624.0,80.0,TCP,0.004,6.0,545.0,1,192,168,220,16,192,168,100,6
52321.0,445.0,TCP,0.004,2.0,174.0,0,192,168,220,14,192,168,100,5
137.0,137.0,UDP,0.0,1.0,92.0,0,192,168,220,3,192,168,220,255
445.0,49094.0,TCP,0.0,1.0,108.0,0,192,168,100,5,192,168,220,8
33151.0,80.0,TCP,0.006,5.0,479.0,1,192,168,220,16,192,168,100,6
445.0,40239.0,TCP,0.0,1.0,70.0,0,192,168,100,5,192,168,220,10
36201.0,80.0,TCP,0.005,5.0,479.0,1,192,168,220,16,192,168,100,6
445.0,60689.0,TCP,0.0,1.0,108.0,0,192,168,100,5,192,168,220,13
43183.0,445.0,TCP,0.004,2.0,174.0,0,192,168,200,4,192,168,100,5
52321.0,445.0,TCP,0.002,2.0,174.0,0,192,168,220,14,192,168,100,5
51357.0,8200.0,TCP,0.0,1.0,58.0,1,192,168,220,16,192,168,200,3
46709.0,445.0,TCP,0.005,2.0,174.0,0,192,168,220,6,192,168,100,5
34970.0,80.0,TCP,0.005,6.0,545.0,1,192,168,220,16,192,168,100,6
52321.0,445.0,TCP,0.001,2.0,174.0,0,192,168,220,14,192,168,100,5
36998.0,80.0,TCP,0.006,6.0,545.0,1,192,168,220,16,192,168,100,6
35663.0,80.0,TCP,0.004,5.0,479.0,1,192,168,220,16,192,168,100,6
58873.0,80.0,TCP,0.006,5.0,479.0,1,192,168,220,16,192,168,100,6
57820.0,80.0,TCP,0.004,5.0,479.0,1,192,168,220,16,192,168,100,6
60879.0,80.0,TCP,0.004,6.0,545.0,1,192,168,220,16,192,168,100,6
445.0,34743.0,TCP,0.0,1.0,108.0,0,192,168,100,5,192,168,220,11
34743.0,445.0,TCP,0.0,1.0,66.0,0,192,168,220,11,192,168,100,5
445.0,34743.0,TCP,0.0,1.0,108.0,0,192,168,100,5,192,168,220,11
35385.0,80.0,TCP,0.003,5.0,479.0,1,192,168,220,16,192,168,100,6
445.0,37884.0,TCP,0.0,1.0,108.0,0,192,168,100,5,192,168,220,9
48888.0,445.0,TCP,0.004,2.0,174.0,0,192,168,220,15,192,168,100,5
36228.0,80.0,TCP,0.004,5.0,479.0,1,192,168,220,16,192,168,100,6
37191.0,445.0,TCP,0.0,1.0,66.0,0,192,168,220,7,192,168,100,5
57869.0,80.0,TCP,0.006,6.0,545.0,1,192,168,220,16,192,168,100,6
445.0,43145.0,TCP,0.0,1.0,108.0,0,192,168,100,5,192,168,220,4
43145.0,445.0,TCP,0.004,2.0,174.0,0,192,168,220,4,192,168,100,5
51357.0,633.0,TCP,0.0,1.0,58.0,1,192,168,220,16,192,168,200,5
445.0,37884.0,TCP,0.0,1.0,108.0,0,192,168,100,5,192,168,220,9
46808.0,445.0,TCP,0.005,2.0,174.0,0,192,168,200,5,192,168,100,5
51357.0,1099.0,TCP,0.0,1.0,58.0,1,192,168,220,16,192,168,200,2
51357.0,1065.0,TCP,0.0,1.0,58.0,1,192,168,220,16,192,168,200,2
445.0,60689.0,TCP,0.0,1.0,108.0,0,192,168,100,5,192,168,220,13
58570.0,80.0,TCP,0.004,5.0,479.0,1,192,168,220,16,192,168,100,6
43183.0,445.0,TCP,0.004,2.0,174.0,0,192,168,200,4,192,168,100,5
49094.0,445.0,TCP,0.002,2.0,174.0,0,192,168,220,8,192,168,100,5
59035.0,80.0,TCP,0.004,5.0,479.0,1,192,168,220,16,192,168,100,6
59016.0,80.0,TCP,0.006,5.0,479.0,1,192,168,220,16,192,168,100,6
51358.0,3371.0,TCP,0.0,1.0,58.0,1,192,168,220,16,192,168,200,8
52321.0,445.0,TCP,0.004,2.0,174.0,0,192,168,220,14,192,168,100,5
60618.0,80.0,TCP,0.003,6.0,545.0,1,192,168,220,16,192,168,100,6
445.0,43145.0,TCP,0.0,1.0,70.0,0,192,168,100,5,192,168,220,4
57741.0,80.0,TCP,0.006,6.0,545.0,1,192,168,220,16,192,168,100,6
445.0,49094.0,TCP,0.0,1.0,108.0,0,192,168,100,5,192,168,220,8
445.0,37191.0,TCP,0.0,1.0,108.0,0,192,168,100,5,192,168,220,7
58916.0,80.0,TCP,0.006,5.0,479.0,1,192,168,220,16,192,168,100,6
445.0,52321.0,TCP,0.0,1.0,108.0,0,192,168,100,5,192,168,220,14
445.0,49094.0,TCP,0.0,1.0,108.0,0,192,168,100,5,192,168,220,8
445.0,43145.0,TCP,0.0,1.0,108.0,0,192,168,100,5,192,168,220,4
445.0,46709.0,TCP,0.0,1.0,108.0,0,192,168,100,5,192,168,220,6
445.0,43145.0,TCP,0.0,1.0,108.0,0,192,168,100,5,192,168,220,4
36165.0,80.0,TCP,0.006,5.0,479.0,1,192,168,220,16,192,168,100,6
56138.0,80.0,TCP,0.001,5.0,479.0,1,192,168,220,16,192,168,100,6
445.0,51146.0,TCP,0.0,1.0,108.0,0,192,168,100,5,192,168,220,5
445.0,46808.0,TCP,0.0,1.0,108.0,1,192,168,100,5,192,168,200,5
445.0,46709.0,TCP,0.0,1.0,108.0,0,192,168,100,5,192,168,220,6
445.0,34743.0,TCP,0.0,1.0,70.0,0,192,168,100,5,192,168,220,11
51146.0,445.0,TCP,0.004,2.0,174.0,0,192,168,220,5,192,168,100,5
40239.0,445.0,TCP,0.001,2.0,174.0,0,192,168,220,10,192,168,100,5
55944.0,80.0,TCP,0.003,5.0,479.0,1,192,168,220,16,192,168,100,6
34743.0,445.0,TCP,0.001,2.0,174.0,0,192,168,220,11,192,168,100,5
445.0,49511.0,TCP,0.0,1.0,108.0,0,192,168,100,5,192,168,220,12
57769.0,80.0,TCP,0.005,5.0,479.0,1,192,168,220,16,192,168,100,6
445.0,52321.0,TCP,0.0,1.0,108.0,0,192,168,100,5,192,168,220,14
34022.0,80.0,TCP,0.006,6.0,545.0,1,192,168,220,16,192,168,100,6
58383.0,80.0,TCP,0.002,5.0,479.0,1,192,168,220,16,192,168,100,6
57297.0,80.0,TCP,0.006,5.0,479.0,1,192,168,220,16,192,168,100,6
58844.0,445.0,TCP,0.001,2.0,174.0,0,192,168,220,16,192,168,100,5
60649.0,80.0,TCP,0.006,5.0,479.0,1,192,168,220,16,192,168,100,6
58863.0,80.0,TCP,0.004,6.0,545.0,1,192,168,220,16,192,168,100,6
58725.0,80.0,TCP,0.005,6.0,545.0,1,192,168,220,16,192,168,100,6
43145.0,445.0,TCP,0.001,2.0,174.0,0,192,168,220,4,192,168,100,5
58898.0,80.0,TCP,0.004,5.0,479.0,1,192,168,220,16,192,168,100,6
445.0,40239.0,TCP,0.0,1.0,70.0,0,192,168,100,5,192,168,220,10
56730.0,80.0,TCP,0.004,5.0,479.0,1,192,168,220,16,192,168,100,6
46709.0,445.0,TCP,0.005,2.0,174.0,0,192,168,220,6,192,168,100,5
58636.0,80.0,TCP,0.004,5.0,479.0,1,192,168,220,16,192,168,100,6
57237.0,80.0,TCP,0.003,5.0,479.0,1,192,168,220,16,192,168,100,6
58844.0,445.0,TCP,0.003,2.0,174.0,0,192,168,220,16,192,168,100,5
138.0,138.0,UDP,0.0,1.0,243.0,0,192,168,210,3,192,168,210,255
36770.0,80.0,TCP,0.005,5.0,479.0,1,192,168,220,16,192,168,100,6
34000.0,80.0,TCP,0.002,5.0,479.0,1,192,168,220,16,192,168,100,6
40239.0,445.0,TCP,0.002,2.0,174.0,0,192,168,220,10,192,168,100,5
36809.0,80.0,TCP,0.004,5.0,479.0,1,192,168,220,16,192,168,100,6
445.0,37884.0,TCP,0.0,1.0,108.0,0,192,168,100,5,192,168,220,9
36983.0,80.0,TCP,0.003,6.0,545.0,1,192,168,220,16,192,168,100,6
48888.0,445.0,TCP,0.002,2.0,174.0,0,192,168,220,15,192,168,100,5
59073.0,80.0,TCP,0.005,5.0,479.0,1,192,168,220,16,192,168,100,6
445.0,43183.0,TCP,0.0,1.0,108.0,0,192,168,100,5,192,168,200,4
51358.0,25.0,TCP,0.0,1.0,58.0,1,192,168,220,16,192,168,200,8
60689.0,445.0,TCP,0.003,2.0,174.0,0,192,168,220,13,192,168,100,5
445.0,46808.0,TCP,0.0,1.0,108.0,0,192,168,100,5,192,168,200,5
49511.0,445.0,TCP,0.004,2.0,174.0,0,192,168,220,12,192,168,100,5
32925.0,80.0,TCP,0.003,5.0,479.0,1,192,168,220,16,192,168,100,6
35452.0,80.0,TCP,0.006,5.0,479.0,1,192,168,220,16,192,168,100,6
40239.0,445.0,TCP,0.002,2.0,174.0,0,192,168,220,10,192,168,100,5
33727.0,80.0,TCP,0.006,5.0,479.0,1,192,168,220,16,192,168,100,6
51357.0,5200.0,TCP,0.0,1.0,58.0,1,192,168,220,16,192,168,210,1
46709.0,445.0,TCP,0.003,2.0,174.0,0,192,168,220,6,192,168,100,5
59543.0,80.0,TCP,0.005,6.0,545.0,1,192,168,220,16,192,168,100,6
445.0,34743.0,TCP,0.0,1.0,108.0,0,192,168,100,5,192,168,220,11
60814.0,80.0,TCP,0.006,6.0,545.0,1,192,168,220,16,192,168,100,6
445.0,46808.0,TCP,0.0,1.0,108.0,0,192,168,100,5,192,168,200,5
51358.0,8000.0,TCP,0.0,1.0,58.0,1,192,168,220,16,192,168,200,8
58984.0,80.0,TCP,0.003,5.0,479.0,1,192,168,220,16,192,168,100,6
59401.0,80.0,TCP,0.004,5.0,479.0,1,192,168,220,16,192,168,100,6
60331.0,80.0,TCP,0.0069999999999999,6.0,545.0,1,192,168,220,16,192,168,100,6
34743.0,445.0,TCP,0.001,2.0,174.0,0,192,168,220,11,192,168,100,5
60381.0,80.0,TCP,0.003,5.0,479.0,1,192,168,220,16,192,168,100,6
58844.0,445.0,TCP,0.002,2.0,174.0,0,192,168,220,16,192,168,100,5
36148.0,80.0,TCP,0.005,5.0,479.0,1,192,168,220,16,192,168,100,6
58267.0,80.0,TCP,0.004,5.0,479.0,1,192,168,220,16,192,168,100,6
59470.0,80.0,TCP,0.002,5.0,479.0,1,192,168,220,16,192,168,100,6
46755.0,2129.0,TCP,0.0,1.0,58.0,1,192,168,220,16,192,168,210,4
36151.0,80.0,TCP,0.002,5.0,479.0,1,192,168,220,16,192,168,100,6
445.0,40239.0,TCP,0.0,1.0,108.0,0,192,168,100,5,192,168,220,10
58844.0,445.0,TCP,0.0,1.0,66.0,0,192,168,220,16,192,168,100,5
52321.0,445.0,TCP,0.0,1.0,66.0,0,192,168,220,14,192,168,100,5
445.0,46709.0,TCP,0.0,1.0,108.0,0,192,168,100,5,192,168,220,6
445.0,60689.0,TCP,0.0,1.0,108.0,0,192,168,100,5,192,168,220,13
445.0,43145.0,TCP,0.0,1.0,108.0,0,192,168,100,5,192,168,220,4
36035.0,80.0,TCP,0.005,5.0,479.0,1,192,168,220,16,192,168,100,6
51358.0,9092.0,TCP,0.0,1.0,58.0,1,192,168,220,16,192,168,200,8
445.0,49511.0,TCP,0.0,1.0,108.0,0,192,168,100,5,192,168,220,12
46808.0,445.0,TCP,0.001,2.0,174.0,0,192,168,200,5,192,168,100,5
48888.0,445.0,TCP,0.003,2.0,174.0,0,192,168,220,15,192,168,100,5
60439.0,80.0,TCP,0.003,5.0,479.0,1,192,168,220,16,192,168,100,6
51357.0,8102.0,TCP,0.0,1.0,58.0,1,192,168,220,16,192,168,200,9
49094.0,445.0,TCP,0.002,2.0,174.0,0,192,168,220,8,192,168,100,5
445.0,60689.0,TCP,0.0,1.0,108.0,0,192,168,100,5,192,168,220,13
137.0,137.0,UDP,0.0,1.0,92.0,0,192,168,220,7,192,168,220,255
51582.0,25.0,TCP,0.0,1.0,58.0,1,192,168,220,16,192,168,200,5
51358.0,6861.0,TCP,0.0,1.0,58.0,1,192,168,220,16,192,168,200,9
445.0,37191.0,TCP,0.0,1.0,108.0,0,192,168,100,5,192,168,220,7
57380.0,80.0,TCP,0.003,6.0,545.0,1,192,168,220,16,192,168,100,6
58314.0,80.0,TCP,0.004,6.0,545.0,1,192,168,220,16,192,168,100,6
58299.0,80.0,TCP,0.006,5.0,479.0,1,192,168,220,16,192,168,100,6
51146.0,445.0,TCP,0.004,2.0,174.0,0,192,168,220,5,192,168,100,5
445.0,34743.0,TCP,0.0,1.0,108.0,0,192,168,100,5,192,168,220,11
57840.0,80.0,TCP,0.006,6.0,545.0,1,192,168,220,16,192,168,100,6
58739.0,80.0,TCP,0.006,6.0,545.0,1,192,168,220,16,192,168,100,6
60331.0,80.0,TCP,0.005,5.0,479.0,1,192,168,220,16,192,168,100,6
46709.0,445.0,TCP,0.003,2.0,174.0,0,192,168,220,6,192,168,100,5
49511.0,445.0,TCP,0.005,2.0,174.0,0,192,168,220,12,192,168,100,5
51146.0,445.0,TCP,0.001,2.0,174.0,0,192,168,220,5,192,168,100,5
58672.0,80.0,TCP,0.002,5.0,479.0,1,192,168,220,16,192,168,100,6
60689.0,445.0,TCP,0.004,2.0,174.0,0,192,168,220,13,192,168,100,5
48888.0,445.0,TCP,0.002,2.0,174.0,0,192,168,220,15,192,168,100,5
58804.0,80.0,TCP,0.006,5.0,479.0,1,192,168,220,16,192,168,100,6
59613.0,80.0,TCP,0.003,5.0,479.0,1,192,168,220,16,192,168,100,6
445.0,46709.0,TCP,0.0,1.0,108.0,0,192,168,100,5,192,168,220,6
59015.0,80.0,TCP,0.005,5.0,479.0,1,192,168,220,16,192,168,100,6
37191.0,445.0,TCP,0.003,2.0,174.0,0,192,168,220,7,192,168,100,5
58844.0,445.0,TCP,0.0,1.0,66.0,0,192,168,220,16,192,168,100,5
35999.0,80.0,TCP,0.0069999999999999,6.0,545.0,1,192,168,220,16,192,168,100,6
60279.0,80.0,TCP,0.004,5.0,479.0,1,192,168,220,16,192,168,100,6
43728.0,587.0,TCP,0.003,5.0,486.0,0,192,168,220,6,192,168,100,4
445.0,37884.0,TCP,0.0,1.0,108.0,0,192,168,100,5,192,168,220,9
51357.0,514.0,TCP,0.0,1.0,58.0,1,192,168,220,16,192,168,200,1
37278.0,80.0,TCP,0.004,5.0,479.0,1,192,168,220,16,192,168,100,6
58073.0,80.0,TCP,0.003,5.0,479.0,1,192,168,220,16,192,168,100,6
49511.0,445.0,TCP,0.003,2.0,174.0,0,192,168,220,12,192,168,100,5
35199.0,80.0,TCP,0.004,5.0,479.0,1,192,168,220,16,192,168,100,6
58632.0,80.0,TCP,0.0,5.0,479.0,1,192,168,220,16,192,168,100,6
49511.0,445.0,TCP,0.0,2.0,174.0,0,192,168,220,12,192,168,100,5
58844.0,445.0,TCP,0.004,2.0,174.0,0,192,168,220,16,192,168,100,5
59717.0,80.0,TCP,0.002,5.0,479.0,1,192,168,220,16,192,168,100,6
60980.0,80.0,TCP,0.004,6.0,545.0,1,192,168,220,16,192,168,100,6
34064.0,80.0,TCP,0.004,5.0,479.0,1,192,168,220,16,192,168,100,6
445.0,51146.0,TCP,0.0,1.0,108.0,0,192,168,100,5,192,168,220,5
445.0,48888.0,TCP,0.0,1.0,108.0,0,192,168,100,5,192,168,220,15
34823.0,80.0,TCP,0.004,5.0,479.0,1,192,168,220,16,192,168,100,6
60063.0,80.0,TCP,0.006,6.0,545.0,1,192,168,220,16,192,168,100,6
445.0,49094.0,TCP,0.0,1.0,108.0,0,192,168,100,5,192,168,220,8
445.0,43183.0,TCP,0.0,1.0,108.0,0,192,168,100,5,192,168,200,4
60381.0,80.0,TCP,0.0069999999999999,5.0,479.0,1,192,168,220,16,192,168,100,6
43145.0,445.0,TCP,0.003,2.0,174.0,0,192,168,220,4,192,168,100,5
46808.0,445.0,TCP,0.004,2.0,174.0,0,192,168,200,5,192,168,100,5
445.0,52321.0,TCP,0.0,1.0,70.0,0,192,168,100,5,192,168,220,14
35563.0,80.0,TCP,0.003,5.0,479.0,1,192,168,220,16,192,168,100,6
138.0,138.0,UDP,0.0,1.0,262.0,0,192,168,220,8,192,168,220,255
59114.0,80.0,TCP,0.005,5.0,479.0,1,192,168,220,16,192,168,100,6
58738.0,80.0,TCP,0.004,6.0,545.0,1,192,168,220,16,192,168,100,6
445.0,40239.0,TCP,0.0,1.0,108.0,0,192,168,100,5,192,168,220,10
51358.0,3389.0,TCP,0.0,1.0,58.0,1,192,168,220,16,192,168,200,9
37191.0,445.0,TCP,0.0,1.0,66.0,0,192,168,220,7,192,168,100,5
445.0,37884.0,TCP,0.0,1.0,108.0,0,192,168,100,5,192,168,220,9
51357.0,5961.0,TCP,0.0,1.0,58.0,1,192,168,220,16,192,168,200,9
55750.0,80.0,TCP,0.005,5.0,479.0,1,192,168,220,16,192,168,100,6
43145.0,445.0,TCP,0.002,2.0,174.0,0,192,168,220,4,192,168,100,5
51146.0,445.0,TCP,0.003,2.0,174.0,0,192,168,220,5,192,168,100,5
445.0,43145.0,TCP,0.0,1.0,108.0,0,192,168,100,5,192,168,220,4
445.0,51146.0,TCP,0.0,1.0,108.0,0,192,168,100,5,192,168,220,5
445.0,43183.0,TCP,0.0,1.0,108.0,0,192,168,100,5,192,168,200,4
68.0,67.0,UDP,0.0,1.0,342.0,0,192,168,200,2,192,168,200,8
56191.0,80.0,TCP,0.004,5.0,479.0,1,192,168,220,16,192,168,100,6
34170.0,80.0,TCP,0.002,5.0,479.0,1,192,168,220,16,192,168,100,6
43145.0,445.0,TCP,0.003,2.0,174.0,0,192,168,220,4,192,168,100,5
58508.0,80.0,TCP,0.004,5.0,479.0,1,192,168,220,16,192,168,100,6
40239.0,445.0,TCP,0.003,2.0,174.0,0,192,168,220,10,192,168,100,5
445.0,49511.0,TCP,0.0,1.0,108.0,0,192,168,100,5,192,168,220,12
55553.0,80.0,TCP,0.004,5.0,479.0,1,192,168,220,16,192,168,100,6
57933.0,80.0,TCP,0.004,5.0,479.0,1,192,168,220,16,192,168,100,6
445.0,60689.0,TCP,0.0,1.0,108.0,0,192,168,100,5,192,168,220,13
445.0,49094.0,TCP,0.0,1.0,108.0,0,192,168,100,5,192,168,220,8
445.0,46808.0,TCP,0.0,1.0,108.0,0,192,168,100,5,192,168,200,5
59726.0,80.0,TCP,0.006,6.0,545.0,1,192,168,220,16,192,168,100,6
35223.0,80.0,TCP,0.008,5.0,479.0,1,192,168,220,16,192,168,100,6
445.0,46709.0,TCP,0.0,1.0,108.0,0,192,168,100,5,192,168,220,6
34887.0,80.0,TCP,0.004,5.0,479.0,1,192,168,220,16,192,168,100,6
36510.0,80.0,TCP,0.002,5.0,479.0,1,192,168,220,16,192,168,100,6
57725.0,80.0,TCP,0.004,6.0,545.0,1,192,168,220,16,192,168,100,6
60288.0,80.0,TCP,0.003,6.0,545.0,1,192,168,220,16,192,168,100,6
58839.0,80.0,TCP,0.003,5.0,479.0,1,192,168,220,16,192,168,100,6
55987.0,80.0,TCP,0.003,5.0,479.0,1,192,168,220,16,192,168,100,6
58520.0,80.0,TCP,0.005,5.0,479.0,1,192,168,220,16,192,168,100,6
37191.0,445.0,TCP,0.0,1.0,66.0,0,192,168,220,7,192,168,100,5
60950.0,80.0,TCP,0.004,6.0,545.0,1,192,168,220,16,192,168,100,6
445.0,43145.0,TCP,0.0,1.0,108.0,0,192,168,100,5,192,168,220,4
445.0,48888.0,TCP,0.0,1.0,108.0,0,192,168,100,5,192,168,220,15
46709.0,445.0,TCP,0.002,2.0,174.0,0,192,168,220,6,192,168,100,5
58864.0,80.0,TCP,0.004,5.0,479.0,1,192,168,220,16,192,168,100,6
40239.0,445.0,TCP,0.003,2.0,174.0,0,192,168,220,10,192,168,100,5
138.0,138.0,UDP,0.0,1.0,262.0,0,192,168,220,14,192,168,220,255
35305.0,80.0,TCP,0.004,5.0,479.0,1,192,168,220,16,192,168,100,6
40239.0,445.0,TCP,0.002,2.0,174.0,0,192,168,220,10,192,168,100,5
60803.0,80.0,TCP,0.004,6.0,545.0,1,192,168,220,16,192,168,100,6
57782.0,80.0,TCP,0.004,5.0,479.0,1,192,168,220,16,192,168,100,6
445.0,46709.0,TCP,0.0,1.0,108.0,0,192,168,100,5,192,168,220,6
58844.0,445.0,TCP,0.005,2.0,174.0,0,192,168,220,16,192,168,100,5
59568.0,80.0,TCP,0.006,5.0,479.0,1,192,168,220,16,192,168,100,6
58964.0,80.0,TCP,0.005,5.0,479.0,1,192,168,220,16,192,168,100,6
59954.0,80.0,TCP,0.006,6.0,545.0,1,192,168,220,16,192,168,100,6
34539.0,80.0,TCP,0.006,5.0,479.0,1,192,168,220,16,192,168,100,6
51358.0,1122.0,TCP,0.0,1.0,58.0,1,192,168,220,16,192,168,200,8
59315.0,80.0,TCP,0.004,5.0,479.0,1,192,168,220,16,192,168,100,6
445.0,58844.0,TCP,0.0,1.0,108.0,0,192,168,100,5,192,168,220,16
33628.0,80.0,TCP,0.006,5.0,479.0,1,192,168,220,16,192,168,100,6
58844.0,445.0,TCP,0.004,2.0,174.0,0,192,168,220,16,192,168,100,5
59324.0,80.0,TCP,0.005,5.0,479.0,1,192,168,220,16,192,168,100,6
51357.0,616.0,TCP,0.0,1.0,58.0,1,192,168,220,16,192,168,200,3
48888.0,445.0,TCP,0.0,1.0,66.0,0,192,168,220,15,192,168,100,5
51462.0,25.0,TCP,0.0,1.0,58.0,1,192,168,220,16,192,168,200,4
58317.0,80.0,TCP,0.005,5.0,479.0,1,192,168,220,16,192,168,100,6
56787.0,80.0,TCP,0.005,6.0,545.0,1,192,168,220,16,192,168,100,6
46756.0,1088.0,TCP,0.0,1.0,58.0,1,192,168,220,16,192,168,210,4
59846.0,80.0,TCP,0.006,6.0,545.0,1,192,168,220,16,192,168,100,6
51357.0,1056.0,TCP,0.0,1.0,58.0,1,192,168,220,16,192,168,200,8
445.0,60689.0,TCP,0.0,1.0,108.0,0,192,168,100,5,192,168,220,13
46755.0,514.0,TCP,0.0,1.0,58.0,1,192,168,220,16,192,168,210,4
58625.0,80.0,TCP,0.005,6.0,545.0,1,192,168,220,16,192,168,100,6
40239.0,445.0,TCP,0.003,2.0,174.0,0,192,168,220,10,192,168,100,5
49094.0,445.0,TCP,0.004,2.0,174.0,0,192,168,220,8,192,168,100,5
56666.0,80.0,TCP,0.003,5.0,479.0,1,192,168,220,16,192,168,100,6
51357.0,993.0,TCP,0.0,1.0,58.0,1,192,168,220,16,192,168,200,2
32874.0,80.0,TCP,0.005,5.0,479.0,1,192,168,220,16,192,168,100,6
51358.0,901.0,TCP,0.0,1.0,58.0,1,192,168,220,16,192,168,200,9
49094.0,445.0,TCP,0.002,2.0,174.0,0,192,168,220,8,192,168,100,5
37884.0,445.0,TCP,0.003,2.0,174.0,0,192,168,220,9,192,168,100,5
445.0,37191.0,TCP,0.0,1.0,108.0,0,192,168,100,5,192,168,220,3
51357.0,1071.0,TCP,0.0,1.0,58.0,1,192,168,220,16,192,168,200,2
37191.0,445.0,TCP,0.004,2.0,174.0,0,192,168,220,7,192,168,100,5
137.0,137.0,UDP,0.0,1.0,92.0,0,192,168,220,5,192,168,220,255
138.0,138.0,UDP,0.0,1.0,262.0,0,192,168,220,6,192,168,220,255
60689.0,445.0,TCP,0.005,2.0,174.0,0,192,168,220,13,192,168,100,5
43145.0,445.0,TCP,0.001,2.0,174.0,0,192,168,220,4,192,168,100,5
60631.0,80.0,TCP,0.005,5.0,479.0,1,192,168,220,16,192,168,100,6
51357.0,1061.0,TCP,0.0,1.0,58.0,1,192,168,220,16,192,168,200,4
58860.0,80.0,TCP,0.004,6.0,545.0,1,192,168,220,16,192,168,100,6
56419.0,80.0,TCP,0.002,5.0,479.0,1,192,168,220,16,192,168,100,6
445.0,43145.0,TCP,0.0,1.0,108.0,0,192,168,100,5,192,168,220,4
445.0,52321.0,TCP,0.0,1.0,108.0,0,192,168,100,5,192,168,220,14
48888.0,445.0,TCP,0.003,2.0,174.0,0,192,168,220,15,192,168,100,5
137.0,137.0,UDP,0.0,1.0,92.0,0,192,168,220,4,192,168,220,255
34743.0,445.0,TCP,0.003,2.0,174.0,0,192,168,220,11,192,168,100,5
60634.0,80.0,TCP,0.006,6.0,545.0,1,192,168,220,16,192,168,100,6
37191.0,445.0,TCP,0.005,2.0,174.0,0,192,168,220,7,192,168,100,5
445.0,58844.0,TCP,0.0,1.0,108.0,0,192,168,100,5,192,168,220,16
445.0,43145.0,TCP,0.0,1.0,108.0,0,192,168,100,5,192,168,220,4
445.0,51146.0,TCP,0.0,1.0,108.0,0,192,168,100,5,192,168,220,5
58844.0,445.0,TCP,0.004,2.0,174.0,0,192,168,220,16,192,168,100,5
445.0,60689.0,TCP,0.0,1.0,108.0,0,192,168,100,5,192,168,220,13
51357.0,3880.0,TCP,0.0,1.0,58.0,1,192,168,220,16,192,168,200,8
46808.0,445.0,TCP,0.0,2.0,174.0,0,192,168,200,5,192,168,100,5
445.0,40239.0,TCP,0.0,1.0,70.0,0,192,168,100,5,192,168,220,10
60667.0,80.0,TCP,0.006,6.0,545.0,1,192,168,220,16,192,168,100,6
59205.0,80.0,TCP,0.003,5.0,479.0,1,192,168,220,16,192,168,100,6
137.0,137.0,UDP,0.0,1.0,92.0,0,192,168,220,12,192,168,220,255
5907.0,80.0,TCP,0.004,5.0,479.0,1,192,168,220,16,192,168,100,6
57912.0,80.0,TCP,0.006,5.0,479.0,1,192,168,220,16,192,168,100,6
445.0,37884.0,TCP,0.0,1.0,108.0,0,192,168,100,5,192,168,220,9
59131.0,80.0,TCP,0.006,6.0,545.0,1,192,168,220,16,192,168,100,6
51146.0,445.0,TCP,0.003,2.0,174.0,0,192,168,220,5,192,168,100,5
445.0,48888.0,TCP,0.0,1.0,108.0,0,192,168,100,5,192,168,220,15
34121.0,80.0,TCP,0.001,6.0,545.0,1,192,168,220,16,192,168,100,6
59620.0,80.0,TCP,0.005,5.0,479.0,1,192,168,220,16,192,168,100,6
60562.0,80.0,TCP,0.004,5.0,479.0,1,192,168,220,16,192,168,100,6
445.0,46808.0,TCP,0.0,1.0,108.0,0,192,168,100,5,192,168,200,5
60689.0,445.0,TCP,0.001,2.0,174.0,0,192,168,220,13,192,168,100,5
445.0,49511.0,TCP,0.0,1.0,108.0,0,192,168,100,5,192,168,220,12
51357.0,2393.0,TCP,0.0,1.0,58.0,1,192,168,220,16,192,168,200,1
57306.0,80.0,TCP,0.003,5.0,479.0,1,192,168,220,16,192,168,100,6
48888.0,445.0,TCP,0.0,1.0,66.0,0,192,168,220,15,192,168,100,5
58073.0,80.0,TCP,0.005,5.0,479.0,1,192,168,220,16,192,168,100,6
58514.0,80.0,TCP,0.004,6.0,545.0,1,192,168,220,16,192,168,100,6
58322.0,80.0,TCP,0.006,5.0,479.0,1,192,168,220,16,192,168,100,6
51357.0,1037.0,TCP,0.0,1.0,58.0,1,192,168,220,16,192,168,200,5
60664.0,80.0,TCP,0.005,6.0,545.0,1,192,168,220,16,192,168,100,6
57575.0,80.0,TCP,0.005,5.0,479.0,1,192,168,220,16,192,168,100,6
52321.0,445.0,TCP,0.004,2.0,174.0,0,192,168,220,14,192,168,100,5
445.0,37191.0,TCP,0.0,1.0,108.0,0,192,168,100,5,192,168,220,7
46755.0,1098.0,TCP,0.0,1.0,58.0,1,192,168,220,16,192,168,210,2
445.0,49094.0,TCP,0.0,1.0,108.0,0,192,168,100,5,192,168,220,8
51357.0,6668.0,TCP,0.0,1.0,58.0,1,192,168,220,16,192,168,200,2
43145.0,445.0,TCP,0.001,2.0,174.0,0,192,168,220,4,192,168,100,5
48888.0,445.0,TCP,0.005,2.0,174.0,0,192,168,220,15,192,168,100,5
46755.0,1138.0,TCP,0.0,1.0,58.0,1,192,168,220,16,192,168,210,1
51493.0,25.0,TCP,0.0,1.0,58.0,1,192,168,220,16,192,168,200,3
445.0,58844.0,TCP,0.0,1.0,108.0,0,192,168,100,5,192,168,220,16
137.0,137.0,UDP,0.0,1.0,92.0,0,192,168,100,5,192,168,100,255
60236.0,80.0,TCP,0.003,5.0,479.0,1,192,168,220,16,192,168,100,6
37884.0,445.0,TCP,0.0,1.0,66.0,0,192,168,220,9,192,168,100,5
46709.0,445.0,TCP,0.002,2.0,174.0,0,192,168,220,6,192,168,100,5
37884.0,445.0,TCP,0.002,2.0,174.0,0,192,168,220,9,192,168,100,5
35404.0,80.0,TCP,0.003,5.0,479.0,1,192,168,220,16,192,168,100,6
58647.0,80.0,TCP,0.003,5.0,479.0,1,192,168,220,16,192,168,100,6
46709.0,445.0,TCP,0.002,2.0,174.0,0,192,168,220,6,192,168,100,5
35682.0,80.0,TCP,0.006,5.0,479.0,1,192,168,220,16,192,168,100,6
445.0,58844.0,TCP,0.0,1.0,108.0,0,192,168,100,5,192,168,220,16
60279.0,80.0,TCP,0.004,5.0,479.0,1,192,168,220,16,192,168,100,6
51357.0,25.0,TCP,0.0,1.0,58.0,1,192,168,220,16,192,168,200,3
36196.0,80.0,TCP,0.004,5.0,479.0,1,192,168,220,16,192,168,100,6
445.0,37884.0,TCP,0.0,1.0,108.0,0,192,168,100,5,192,168,220,9
51375.0,25.0,TCP,0.0,1.0,58.0,1,192,168,220,16,192,168,200,3
445.0,46709.0,TCP,0.0,1.0,108.0,0,192,168,100,5,192,168,220,6
445.0,43183.0,TCP,0.0,1.0,108.0,0,192,168,100,5,192,168,200,4
57771.0,80.0,TCP,0.003,6.0,545.0,1,192,168,220,16,192,168,100,6
33393.0,80.0,TCP,0.005,5.0,479.0,1,192,168,220,16,192,168,100,6
445.0,43183.0,TCP,0.0,1.0,108.0,0,192,168,100,5,192,168,200,4
445.0,34743.0,TCP,0.0,1.0,108.0,0,192,168,100,5,192,168,220,11
58307.0,80.0,TCP,0.003,5.0,479.0,1,192,168,220,16,192,168,100,6
56185.0,80.0,TCP,0.004,5.0,479.0,1,192,168,220,16,192,168,100,6
445.0,52321.0,TCP,0.0,1.0,108.0,0,192,168,100,5,192,168,220,14
445.0,46808.0,TCP,0.0,1.0,108.0,0,192,168,100,5,192,168,200,5
58426.0,80.0,TCP,0.004,6.0,545.0,1,192,168,220,16,192,168,100,6
51357.0,6569.0,TCP,0.0,1.0,58.0,1,192,168,220,16,192,168,200,4
445.0,58844.0,TCP,0.0,1.0,108.0,0,192,168,100,5,192,168,220,16
56881.0,80.0,TCP,0.003,6.0,545.0,1,192,168,220,16,192,168,100,6
59082.0,80.0,TCP,0.006,5.0,479.0,1,192,168,220,16,192,168,100,6
35809.0,80.0,TCP,0.005,5.0,479.0,1,192,168,220,16,192,168,100,6
43183.0,445.0,TCP,0.003,2.0,174.0,0,192,168,200,4,192,168,100,5
55465.0,80.0,TCP,0.006,5.0,479.0,1,192,168,220,16,192,168,100,6
58844.0,445.0,TCP,0.002,2.0,174.0,0,192,168,220,16,192,168,100,5
51357.0,2426.0,TCP,0.0,1.0,58.0,1,192,168,220,16,192,168,200,2
60481.0,80.0,TCP,0.004,5.0,479.0,1,192,168,220,16,192,168,100,6
445.0,48888.0,TCP,0.0,1.0,108.0,0,192,168,100,5,192,168,220,15
51357.0,1056.0,TCP,0.0,1.0,58.0,1,192,168,220,16,192,168,200,5
35082.0,80.0,TCP,0.003,5.0,479.0,1,192,168,220,16,192,168,100,6
57702.0,80.0,TCP,0.003,5.0,479.0,1,192,168,220,16,192,168,100,6
43145.0,445.0,TCP,0.004,2.0,174.0,0,192,168,220,4,192,168,100,5
49094.0,445.0,TCP,0.001,2.0,174.0,0,192,168,220,8,192,168,100,5
37884.0,445.0,TCP,0.004,2.0,174.0,0,192,168,220,9,192,168,100,5
35320.0,80.0,TCP,0.004,6.0,545.0,1,192,168,220,16,192,168,100,6
60372.0,80.0,TCP,0.005,5.0,479.0,1,192,168,220,16,192,168,100,6
59545.0,80.0,TCP,0.005,6.0,545.0,1,192,168,220,16,192,168,100,6
33422.0,80.0,TCP,0.003,5.0,479.0,1,192,168,220,16,192,168,100,6
34743.0,445.0,TCP,0.002,2.0,174.0,0,192,168,220,11,192,168,100,5
445.0,37191.0,TCP,0.0,1.0,108.0,0,192,168,100,5,192,168,220,7
57765.0,80.0,TCP,0.004,5.0,479.0,1,192,168,220,16,192,168,100,6
59096.0,80.0,TCP,0.005,6.0,545.0,1,192,168,220,16,192,168,100,6
445.0,49511.0,TCP,0.0,1.0,108.0,0,192,168,100,5,192,168,220,12
36607.0,80.0,TCP,0.006,5.0,479.0,1,192,168,220,16,192,168,100,6
49511.0,445.0,TCP,0.002,2.0,174.0,0,192,168,220,12,192,168,100,5
138.0,138.0,UDP,0.0,2.0,511.0,0,192,168,100,3,192,168,100,255
59945.0,80.0,TCP,0.006,6.0,545.0,1,192,168,220,16,192,168,100,6
445.0,37884.0,TCP,0.0,1.0,108.0,0,192,168,100,5,192,168,220,9
32869.0,80.0,TCP,0.006,6.0,545.0,1,192,168,220,16,192,168,100,6
35458.0,80.0,TCP,0.004,5.0,479.0,1,192,168,220,16,192,168,100,6
445.0,60689.0,TCP,0.0,1.0,108.0,0,192,168,100,5,192,168,220,13
445.0,46808.0,TCP,0.0,1.0,108.0,0,192,168,100,5,192,168,200,5
59267.0,80.0,TCP,0.004,5.0,479.0,1,192,168,220,16,192,168,100,6
51357.0,1687.0,TCP,0.0,1.0,58.0,1,192,168,220,16,192,168,200,2
445.0,52321.0,TCP,0.0,1.0,108.0,0,192,168,100,5,192,168,220,14
36151.0,80.0,TCP,0.003,6.0,545.0,1,192,168,220,16,192,168,100,6
49511.0,445.0,TCP,0.001,2.0,174.0,0,192,168,220,12,192,168,100,5
34743.0,445.0,TCP,0.0069999999999999,2.0,174.0,0,192,168,220,11,192,168,100,5
56607.0,80.0,TCP,0.003,5.0,479.0,1,192,168,220,16,192,168,100,6
51357.0,2800.0,TCP,0.0,1.0,58.0,1,192,168,220,16,192,168,200,2
137.0,137.0,UDP,0.0,1.0,92.0,0,192,168,100,5,192,168,100,255
60689.0,445.0,TCP,0.003,2.0,174.0,0,192,168,220,13,192,168,100,5
32956.0,80.0,TCP,0.002,5.0,479.0,1,192,168,220,16,192,168,100,6
49094.0,445.0,TCP,0.004,2.0,174.0,0,192,168,220,8,192,168,100,5
52321.0,445.0,TCP,0.005,2.0,174.0,0,192,168,220,14,192,168,100,5
60353.0,80.0,TCP,0.006,5.0,479.0,1,192,168,220,16,192,168,100,6
60449.0,80.0,TCP,0.005,5.0,479.0,1,192,168,220,16,192,168,100,6
43145.0,445.0,TCP,0.004,2.0,174.0,0,192,168,220,4,192,168,100,5
36303.0,80.0,TCP,0.003,5.0,479.0,1,192,168,220,16,192,168,100,6
57523.0,80.0,TCP,0.004,5.0,479.0,1,192,168,220,16,192,168,100,6
60926.0,80.0,TCP,0.006,5.0,479.0,1,192,168,220,16,192,168,100,6
445.0,49511.0,TCP,0.0,1.0,108.0,0,192,168,100,5,192,168,220,12
445.0,43183.0,TCP,0.0,1.0,108.0,0,192,168,100,5,192,168,200,4
48888.0,445.0,TCP,0.004,2.0,174.0,0,192,168,220,15,192,168,100,5
137.0,137.0,UDP,0.0,1.0,92.0,0,192,168,220,6,192,168,220,255
43145.0,445.0,TCP,0.004,2.0,174.0,0,192,168,220,4,192,168,100,5
60660.0,80.0,TCP,0.003,5.0,479.0,1,192,168,220,16,192,168,100,6
445.0,49511.0,TCP,0.0,1.0,108.0,0,192,168,100,5,192,168,220,12
56235.0,80.0,TCP,0.004,5.0,479.0,1,192,168,220,16,192,168,100,6
37884.0,445.0,TCP,0.002,2.0,174.0,0,192,168,220,9,192,168,100,5
445.0,58844.0,TCP,0.0,1.0,108.0,0,192,168,100,5,192,168,220,16
60690.0,80.0,TCP,0.004,5.0,479.0,1,192,168,220,16,192,168,100,6
43145.0,445.0,TCP,0.003,2.0,174.0,0,192,168,220,4,192,168,100,5
137.0,137.0,UDP,0.0,1.0,92.0,0,192,168,220,4,192,168,220,255
445.0,37191.0,TCP,0.0,1.0,108.0,0,192,168,100,5,192,168,220,7
58601.0,80.0,TCP,0.003,6.0,545.0,1,192,168,220,16,192,168,100,6
137.0,137.0,UDP,0.0,1.0,92.0,0,192,168,100,4,192,168,100,255
51357.0,564.0,TCP,0.0,1.0,58.0,1,192,168,220,16,192,168,200,4
445.0,52321.0,TCP,0.0,1.0,108.0,0,192,168,100,5,192,168,220,14
37302.0,80.0,TCP,0.005,5.0,479.0,1,192,168,220,16,192,168,100,6
58266.0,80.0,TCP,0.004,5.0,479.0,1,192,168,220,16,192,168,100,6
49511.0,445.0,TCP,0.0,2.0,174.0,0,192,168,220,12,192,168,100,5
58839.0,80.0,TCP,0.005,5.0,479.0,1,192,168,220,16,192,168,100,6
51357.0,810.0,TCP,0.0,1.0,58.0,1,192,168,220,16,192,168,200,8
445.0,60689.0,TCP,0.0,1.0,108.0,0,192,168,100,5,192,168,220,13
60689.0,445.0,TCP,0.001,2.0,174.0,0,192,168,220,13,192,168,100,5
51357.0,787.0,TCP,0.0,1.0,58.0,1,192,168,220,16,192,168,200,4
58624.0,80.0,TCP,0.005,5.0,479.0,1,192,168,220,16,192,168,100,6
57093.0,80.0,TCP,0.004,5.0,479.0,1,192,168,220,16,192,168,100,6
48888.0,445.0,TCP,0.004,2.0,174.0,0,192,168,220,15,192,168,100,5
58844.0,445.0,TCP,0.0,1.0,66.0,0,192,168,220,16,192,168,100,5
137.0,137.0,UDP,0.0,1.0,92.0,0,192,168,220,7,192,168,220,255
445.0,40239.0,TCP,0.0,1.0,108.0,0,192,168,100,5,192,168,220,10
445.0,40239.0,TCP,0.0,1.0,108.0,0,192,168,100,5,192,168,220,10
60936.0,80.0,TCP,0.003,5.0,479.0,1,192,168,220,16,192,168,100,6
37337.0,80.0,TCP,0.004,5.0,479.0,1,192,168,220,16,192,168,100,6
138.0,138.0,UDP,0.0,1.0,262.0,0,192,168,100,5,192,168,100,255
137.0,137.0,UDP,0.0,1.0,92.0,0,192,168,220,14,192,168,220,255
445.0,43145.0,TCP,0.003,2.0,178.0,0,192,168,100,5,192,168,220,4
445.0,46808.0,TCP,0.0,1.0,108.0,0,192,168,100,5,192,168,200,5
51357.0,1002.0,TCP,0.0,1.0,58.0,1,192,168,220,16,192,168,200,9
43145.0,445.0,TCP,0.002,2.0,174.0,0,192,168,220,4,192,168,100,5
51357.0,4126.0,TCP,0.0,1.0,58.0,1,192,168,220,16,192,168,200,5
46808.0,445.0,TCP,0.002,2.0,174.0,0,192,168,200,5,192,168,100,5
58844.0,445.0,TCP,0.001,2.0,174.0,0,192,168,220,16,192,168,100,5
33330.0,80.0,TCP,0.003,5.0,479.0,1,192,168,220,16,192,168,100,6
51358.0,9999.0,TCP,0.0,1.0,58.0,1,192,168,220,16,192,168,200,8
445.0,60689.0,TCP,0.0,1.0,108.0,0,192,168,100,5,192,168,220,13
51358.0,25.0,TCP,0.0,1.0,58.0,1,192,168,220,16,192,168,200,2
445.0,49094.0,TCP,0.0,1.0,70.0,0,192,168,100,5,192,168,220,8
33078.0,80.0,TCP,0.004,6.0,545.0,1,192,168,220,16,192,168,100,6
51492.0,25.0,TCP,0.0,1.0,58.0,1,192,168,220,16,192,168,200,1
51358.0,3389.0,TCP,0.003,2.0,112.0,1,192,168,220,16,192,168,200,8
46808.0,445.0,TCP,0.0,1.0,66.0,0,192,168,200,5,192,168,100,5
59490.0,80.0,TCP,0.003,5.0,479.0,1,192,168,220,16,192,168,100,6
445.0,58844.0,TCP,0.0,1.0,108.0,0,192,168,100,5,192,168,220,16
58844.0,445.0,TCP,0.005,2.0,174.0,1,192,168,220,16,192,168,100,5
49094.0,445.0,TCP,0.004,2.0,174.0,0,192,168,220,8,192,168,100,5
52321.0,445.0,TCP,0.0,2.0,174.0,0,192,168,220,14,192,168,100,5
138.0,138.0,UDP,0.0,1.0,262.0,0,192,168,220,15,192,168,220,255
445.0,46709.0,TCP,0.0,1.0,108.0,0,192,168,100,5,192,168,220,6
56308.0,80.0,TCP,0.005,5.0,479.0,1,192,168,220,16,192,168,100,6
40239.0,445.0,TCP,0.004,2.0,174.0,0,192,168,220,10,192,168,100,5
59716.0,80.0,TCP,0.003,5.0,479.0,1,192,168,220,16,192,168,100,6
34504.0,80.0,TCP,0.005,5.0,479.0,1,192,168,220,16,192,168,100,6
445.0,46709.0,TCP,0.0,1.0,108.0,0,192,168,100,5,192,168,220,6
445.0,43145.0,TCP,0.0,1.0,108.0,0,192,168,100,5,192,168,220,4
445.0,49094.0,TCP,0.0,1.0,108.0,0,192,168,100,5,192,168,220,8
51357.0,1029.0,TCP,0.0,1.0,58.0,1,192,168,220,16,192,168,200,1
59317.0,80.0,TCP,0.003,5.0,479.0,1,192,168,220,16,192,168,100,6
59039.0,80.0,TCP,0.002,5.0,479.0,1,192,168,220,16,192,168,100,6
59631.0,80.0,TCP,0.006,5.0,479.0,1,192,168,220,16,192,168,100,6
58537.0,80.0,TCP,0.004,5.0,479.0,1,192,168,220,16,192,168,100,6
445.0,49511.0,TCP,0.0,1.0,108.0,0,192,168,100,5,192,168,220,12
56981.0,80.0,TCP,0.002,5.0,479.0,1,192,168,220,16,192,168,100,6
58072.0,80.0,TCP,0.005,5.0,479.0,1,192,168,220,16,192,168,100,6
59260.0,80.0,TCP,0.003,5.0,479.0,1,192,168,220,16,192,168,100,6
60689.0,445.0,TCP,0.002,2.0,174.0,0,192,168,220,13,192,168,100,5
445.0,40239.0,TCP,0.0,1.0,108.0,0,192,168,100,5,192,168,220,10
445.0,51146.0,TCP,0.0,1.0,108.0,0,192,168,100,5,192,168,220,5
138.0,138.0,UDP,0.0,1.0,243.0,0,192,168,200,8,192,168,200,255
59528.0,80.0,TCP,0.004,5.0,479.0,1,192,168,220,16,192,168,100,6
46808.0,445.0,TCP,0.004,2.0,174.0,0,192,168,200,5,192,168,100,5
137.0,137.0,UDP,0.0,1.0,92.0,0,192,168,100,5,192,168,100,255
57833.0,80.0,TCP,0.005,5.0,479.0,1,192,168,220,16,192,168,100,6
60288.0,80.0,TCP,0.005,5.0,479.0,1,192,168,220,16,192,168,100,6
35278.0,80.0,TCP,0.004,5.0,479.0,1,192,168,220,16,192,168,100,6
445.0,43145.0,TCP,0.0,1.0,108.0,0,192,168,100,5,192,168,220,4
445.0,46709.0,TCP,0.0,1.0,108.0,0,192,168,100,5,192,168,220,6
58215.0,80.0,TCP,0.004,5.0,479.0,1,192,168,220,16,192,168,100,6
445.0,58844.0,TCP,0.0,1.0,108.0,0,192,168,100,5,192,168,220,16
58925.0,80.0,TCP,0.003,5.0,479.0,1,192,168,220,16,192,168,100,6
56011.0,80.0,TCP,0.005,5.0,479.0,1,192,168,220,16,192,168,100,6
445.0,43183.0,TCP,0.0,1.0,108.0,0,192,168,100,5,192,168,200,4
445.0,37191.0,TCP,0.0,1.0,108.0,0,192,168,100,5,192,168,220,7
37191.0,445.0,TCP,0.0,1.0,66.0,0,192,168,220,7,192,168,100,5
51146.0,445.0,TCP,0.004,2.0,174.0,0,192,168,220,5,192,168,100,5
59041.0,80.0,TCP,0.004,6.0,545.0,1,192,168,220,16,192,168,100,6
445.0,46709.0,TCP,0.0,1.0,70.0,0,192,168,100,5,192,168,220,6
445.0,52321.0,TCP,0.0,1.0,108.0,0,192,168,100,5,192,168,220,14
445.0,43145.0,TCP,0.0,1.0,108.0,0,192,168,100,5,192,168,220,4
57837.0,80.0,TCP,0.006,5.0,479.0,1,192,168,220,16,192,168,100,6
138.0,138.0,UDP,0.0,1.0,243.0,0,192,168,200,8,192,168,200,255
445.0,40239.0,TCP,0.0,1.0,108.0,0,192,168,100,5,192,168,220,10
58829.0,80.0,TCP,0.004,6.0,545.0,1,192,168,220,16,192,168,100,6
49094.0,445.0,TCP,0.004,2.0,174.0,0,192,168,220,8,192,168,100,5
58242.0,80.0,TCP,0.003,5.0,479.0,1,192,168,220,16,192,168,100,6
46756.0,1082.0,TCP,0.0,1.0,58.0,1,192,168,220,16,192,168,210,4
445.0,48888.0,TCP,0.0,1.0,108.0,0,192,168,100,5,192,168,220,15
33567.0,80.0,TCP,0.003,5.0,479.0,1,192,168,220,16,192,168,100,6
48888.0,445.0,TCP,0.003,2.0,174.0,0,192,168,220,15,192,168,100,5
137.0,137.0,UDP,0.0,1.0,92.0,0,192,168,220,8,192,168,220,255
34789.0,80.0,TCP,0.005,5.0,479.0,1,192,168,220,16,192,168,100,6
34743.0,445.0,TCP,0.0,1.0,66.0,0,192,168,220,11,192,168,100,5
445.0,49511.0,TCP,0.0,1.0,108.0,0,192,168,100,5,192,168,220,12
51357.0,6004.0,TCP,0.0,1.0,58.0,1,192,168,220,16,192,168,200,9
445.0,34743.0,TCP,0.0,1.0,108.0,0,192,168,100,5,192,168,220,11
59679.0,80.0,TCP,0.004,5.0,479.0,1,192,168,220,16,192,168,100,6
40239.0,445.0,TCP,0.004,2.0,174.0,0,192,168,220,10,192,168,100,5
445.0,37884.0,TCP,0.0,1.0,108.0,0,192,168,100,5,192,168,220,9
445.0,52321.0,TCP,0.0,1.0,108.0,0,192,168,100,5,192,168,220,14
55981.0,80.0,TCP,0.004,5.0,479.0,1,192,168,220,16,192,168,100,6
36503.0,80.0,TCP,0.005,5.0,479.0,1,192,168,220,16,192,168,100,6
445.0,49094.0,TCP,0.0,1.0,108.0,0,192,168,100,5,192,168,220,8
51146.0,445.0,TCP,0.001,2.0,174.0,0,192,168,220,5,192,168,100,5
445.0,34743.0,TCP,0.0,1.0,108.0,0,192,168,100,5,192,168,220,11
49094.0,445.0,TCP,0.004,2.0,174.0,0,192,168,220,8,192,168,100,5
445.0,48888.0,TCP,0.0,1.0,70.0,0,192,168,100,5,192,168,220,15
43145.0,445.0,TCP,0.003,2.0,174.0,0,192,168,220,4,192,168,100,5
445.0,37191.0,TCP,0.0,1.0,108.0,0,192,168,100,5,192,168,220,7
59136.0,80.0,TCP,0.0,5.0,479.0,1,192,168,220,16,192,168,100,6
46709.0,445.0,TCP,0.004,2.0,174.0,0,192,168,220,6,192,168,100,5
37031.0,80.0,TCP,0.004,6.0,545.0,1,192,168,220,16,192,168,100,6
445.0,52321.0,TCP,0.0,1.0,108.0,0,192,168,100,5,192,168,220,14
35204.0,80.0,TCP,0.003,5.0,479.0,1,192,168,220,16,192,168,100,6
445.0,34743.0,TCP,0.0,1.0,108.0,0,192,168,100,5,192,168,220,11
445.0,48888.0,TCP,0.0,1.0,108.0,0,192,168,100,5,192,168,220,15
37103.0,80.0,TCP,0.003,5.0,479.0,1,192,168,220,16,192,168,100,6
59093.0,80.0,TCP,0.004,5.0,479.0,1,192,168,220,16,192,168,100,6
46709.0,445.0,TCP,0.002,2.0,174.0,0,192,168,220,6,192,168,100,5
51357.0,2875.0,TCP,0.0,1.0,58.0,1,192,168,220,16,192,168,200,5
37191.0,445.0,TCP,0.003,2.0,174.0,0,192,168,220,7,192,168,100,5
48888.0,445.0,TCP,0.005,2.0,174.0,0,192,168,220,15,192,168,100,5
34743.0,445.0,TCP,0.003,2.0,174.0,0,192,168,220,11,192,168,100,5
445.0,49094.0,TCP,0.0,1.0,108.0,0,192,168,100,5,192,168,220,8
137.0,137.0,UDP,0.0,1.0,92.0,0,192,168,220,3,192,168,220,255
445.0,43183.0,TCP,0.0,1.0,108.0,0,192,168,100,5,192,168,200,4
58844.0,445.0,TCP,0.004,2.0,174.0,0,192,168,220,16,192,168,100,5
57737.0,80.0,TCP,0.005,5.0,479.0,1,192,168,220,16,192,168,100,6
445.0,46709.0,TCP,0.0,1.0,108.0,0,192,168,100,5,192,168,220,6
35999.0,80.0,TCP,0.006,5.0,479.0,1,192,168,220,16,192,168,100,6
138.0,138.0,UDP,0.0,1.0,262.0,0,192,168,220,4,192,168,220,255
58734.0,80.0,TCP,0.004,5.0,479.0,1,192,168,220,16,192,168,100,6
35240.0,80.0,TCP,0.005,5.0,479.0,1,192,168,220,16,192,168,100,6
445.0,51146.0,TCP,0.0,1.0,108.0,0,192,168,100,5,192,168,220,5
445.0,46808.0,TCP,0.0,1.0,108.0,0,192,168,100,5,192,168,200,5
59860.0,80.0,TCP,0.004,6.0,545.0,1,192,168,220,16,192,168,100,6
58844.0,445.0,TCP,0.002,2.0,174.0,0,192,168,220,16,192,168,100,5
60722.0,80.0,TCP,0.006,5.0,479.0,1,192,168,220,16,192,168,100,6
51357.0,49.0,TCP,0.0,1.0,58.0,1,192,168,220,16,192,168,200,8
445.0,46808.0,TCP,0.0,1.0,108.0,0,192,168,100,5,192,168,200,5
51357.0,5962.0,TCP,0.0,1.0,58.0,1,192,168,220,16,192,168,200,5
59091.0,80.0,TCP,0.004,6.0,545.0,1,192,168,220,16,192,168,100,6
55902.0,80.0,TCP,0.006,5.0,479.0,1,192,168,220,16,192,168,100,6
60738.0,80.0,TCP,0.003,5.0,479.0,1,192,168,220,16,192,168,100,6
51357.0,32777.0,TCP,0.0,1.0,58.0,1,192,168,220,16,192,168,200,2
56522.0,80.0,TCP,0.005,6.0,545.0,1,192,168,220,16,192,168,100,6
57233.0,80.0,TCP,0.004,5.0,479.0,1,192,168,220,16,192,168,100,6
51358.0,466.0,TCP,0.0,1.0,58.0,1,192,168,220,16,192,168,200,9
60689.0,445.0,TCP,0.0,1.0,66.0,0,192,168,220,13,192,168,100,5
445.0,34743.0,TCP,0.0,1.0,108.0,0,192,168,100,5,192,168,220,11
46709.0,445.0,TCP,0.001,2.0,174.0,0,192,168,220,6,192,168,100,5
59146.0,80.0,TCP,0.006,6.0,545.0,1,192,168,220,16,192,168,100,6
58460.0,80.0,TCP,0.005,6.0,545.0,1,192,168,220,16,192,168,100,6
445.0,52321.0,TCP,0.0,1.0,108.0,0,192,168,100,5,192,168,220,14
40239.0,445.0,TCP,0.499,3.0,240.0,0,192,168,220,10,192,168,100,5
35062.0,80.0,TCP,0.005,6.0,545.0,1,192,168,220,16,192,168,100,6
60132.0,80.0,TCP,0.008,5.0,479.0,1,192,168,220,16,192,168,100,6
445.0,52321.0,TCP,0.0,1.0,108.0,0,192,168,100,5,192,168,220,14
59570.0,80.0,TCP,0.006,5.0,479.0,1,192,168,220,16,192,168,100,6
43183.0,445.0,TCP,0.003,2.0,174.0,0,192,168,200,4,192,168,100,5
33927.0,80.0,TCP,0.004,6.0,545.0,1,192,168,220,16,192,168,100,6
445.0,46808.0,TCP,0.0,1.0,108.0,0,192,168,100,5,192,168,200,5
445.0,48888.0,TCP,0.0,1.0,108.0,0,192,168,100,5,192,168,220,15
58349.0,80.0,TCP,0.004,6.0,545.0,1,192,168,220,16,192,168,100,6
445.0,46709.0,TCP,0.0,1.0,108.0,0,192,168,100,5,192,168,220,6
445.0,34743.0,TCP,0.0,1.0,108.0,0,192,168,100,5,192,168,220,11
34743.0,445.0,TCP,0.004,2.0,174.0,0,192,168,220,11,192,168,100,5
445.0,48888.0,TCP,0.0,1.0,108.0,0,192,168,100,5,192,168,220,15
43145.0,445.0,TCP,0.003,2.0,174.0,0,192,168,220,4,192,168,100,5
58031.0,80.0,TCP,0.003,5.0,479.0,1,192,168,220,16,192,168,100,6
445.0,37191.0,TCP,0.0,1.0,108.0,0,192,168,100,5,192,168,220,7
58844.0,445.0,TCP,0.003,2.0,174.0,0,192,168,220,16,192,168,100,5
57954.0,80.0,TCP,0.0069999999999999,6.0,545.0,1,192,168,220,16,192,168,100,6
46755.0,995.0,TCP,0.0,1.0,58.0,1,192,168,220,16,192,168,210,1
445.0,37191.0,TCP,0.0,1.0,108.0,0,192,168,100,5,192,168,220,7
43183.0,445.0,TCP,0.003,2.0,174.0,0,192,168,200,4,192,168,100,5
36221.0,80.0,TCP,0.004,5.0,479.0,1,192,168,220,16,192,168,100,6
52321.0,445.0,TCP,0.005,2.0,174.0,0,192,168,220,14,192,168,100,5
58489.0,80.0,TCP,0.003,5.0,479.0,1,192,168,220,16,192,168,100,6
445.0,49094.0,TCP,0.0,1.0,108.0,0,192,168,100,5,192,168,220,8
59544.0,80.0,TCP,0.005,6.0,545.0,1,192,168,220,16,192,168,100,6
59699.0,80.0,TCP,0.004,5.0,479.0,1,192,168,220,16,192,168,100,6
49511.0,445.0,TCP,0.0,1.0,66.0,0,192,168,220,12,192,168,100,5
46808.0,445.0,TCP,0.003,2.0,174.0,0,192,168,200,5,192,168,100,5
445.0,43145.0,TCP,0.0,1.0,108.0,0,192,168,100,5,192,168,220,4
37235.0,80.0,TCP,0.004,5.0,479.0,1,192,168,220,16,192,168,100,6
60286.0,80.0,TCP,0.004,6.0,545.0,1,192,168,220,16,192,168,100,6
51146.0,445.0,TCP,0.003,2.0,174.0,0,192,168,220,5,192,168,100,5
40239.0,445.0,TCP,0.004,2.0,174.0,0,192,168,220,10,192,168,100,5
60689.0,445.0,TCP,0.005,2.0,174.0,0,192,168,220,13,192,168,100,5
445.0,46709.0,TCP,0.0,1.0,108.0,0,192,168,100,5,192,168,220,6
445.0,48888.0,TCP,0.0,1.0,70.0,0,192,168,100,5,192,168,220,15
138.0,138.0,UDP,0.0,1.0,243.0,0,192,168,210,5,192,168,210,255
34124.0,80.0,TCP,0.003,5.0,479.0,1,192,168,220,16,192,168,100,6
46709.0,445.0,TCP,0.005,2.0,174.0,0,192,168,220,6,192,168,100,5
49094.0,445.0,TCP,0.0,1.0,66.0,0,192,168,220,8,192,168,100,5
49511.0,445.0,TCP,0.0,1.0,66.0,0,192,168,220,12,192,168,100,5
60689.0,445.0,TCP,0.004,2.0,174.0,0,192,168,220,13,192,168,100,5
57721.0,80.0,TCP,0.003,5.0,479.0,1,192,168,220,16,192,168,100,6
37884.0,445.0,TCP,0.002,2.0,174.0,0,192,168,220,9,192,168,100,5
58615.0,80.0,TCP,0.002,5.0,479.0,1,192,168,220,16,192,168,100,6
445.0,40239.0,TCP,0.0,1.0,108.0,0,192,168,100,5,192,168,220,10
37191.0,445.0,TCP,0.003,2.0,174.0,0,192,168,220,7,192,168,100,5
58235.0,80.0,TCP,0.004,5.0,479.0,1,192,168,220,16,192,168,100,6
60052.0,80.0,TCP,0.005,6.0,545.0,1,192,168,220,16,192,168,100,6
445.0,37191.0,TCP,0.0,1.0,108.0,0,192,168,100,5,192,168,220,7
445.0,37884.0,TCP,0.0,1.0,108.0,0,192,168,100,5,192,168,220,9
59839.0,80.0,TCP,0.005,6.0,545.0,1,192,168,220,16,192,168,100,6
55730.0,80.0,TCP,0.005,5.0,479.0,1,192,168,220,16,192,168,100,6
43183.0,445.0,TCP,0.002,2.0,174.0,0,192,168,200,4,192,168,100,5
445.0,46709.0,TCP,0.0,1.0,108.0,0,192,168,100,5,192,168,220,6
58499.0,80.0,TCP,0.004,5.0,479.0,1,192,168,220,16,192,168,100,6
51357.0,2129.0,TCP,0.0,1.0,58.0,1,192,168,220,16,192,168,200,1
58943.0,80.0,TCP,0.006,6.0,545.0,1,192,168,220,16,192,168,100,6
58844.0,445.0,TCP,0.004,2.0,174.0,0,192,168,220,16,192,168,100,5
445.0,48888.0,TCP,0.0,1.0,108.0,0,192,168,100,5,192,168,220,15
59341.0,80.0,TCP,0.005,5.0,479.0,1,192,168,220,16,192,168,100,6
445.0,49511.0,TCP,0.0,1.0,108.0,0,192,168,100,5,192,168,220,12
55571.0,80.0,TCP,0.006,5.0,479.0,1,192,168,220,16,192,168,100,6
55860.0,80.0,TCP,0.004,5.0,479.0,1,192,168,220,16,192,168,100,6
58268.0,80.0,TCP,0.002,5.0,479.0,1,192,168,220,16,192,168,100,6
445.0,49094.0,TCP,0.0,1.0,108.0,0,192,168,100,5,192,168,220,8
60662.0,80.0,TCP,0.004,5.0,479.0,1,192,168,220,16,192,168,100,6
35242.0,80.0,TCP,0.005,5.0,479.0,1,192,168,220,16,192,168,100,6
137.0,137.0,UDP,0.0,1.0,92.0,0,192,168,220,5,192,168,220,255
52321.0,445.0,TCP,0.002,2.0,174.0,0,192,168,220,14,192,168,100,5
34248.0,80.0,TCP,0.004,5.0,479.0,1,192,168,220,16,192,168,100,6
59621.0,80.0,TCP,0.004,5.0,479.0,1,192,168,220,16,192,168,100,6
51357.0,5811.0,TCP,0.0,1.0,58.0,1,192,168,220,16,192,168,200,1
56144.0,80.0,TCP,0.004,5.0,479.0,1,192,168,220,16,192,168,100,6
60268.0,80.0,TCP,0.005,5.0,479.0,1,192,168,220,16,192,168,100,6
445.0,60689.0,TCP,0.0,1.0,108.0,0,192,168,100,5,192,168,220,13
59139.0,80.0,TCP,0.005,5.0,479.0,1,192,168,220,16,192,168,100,6
37884.0,445.0,TCP,0.002,2.0,174.0,0,192,168,220,9,192,168,100,5
51146.0,445.0,TCP,0.0,1.0,66.0,0,192,168,220,5,192,168,100,5
60689.0,445.0,TCP,0.002,2.0,174.0,0,192,168,220,13,192,168,100,5
51483.0,25.0,TCP,0.0,1.0,58.0,1,192,168,220,16,192,168,200,1
43183.0,445.0,TCP,0.004,2.0,174.0,0,192,168,200,4,192,168,100,5
60849.0,80.0,TCP,0.005,5.0,479.0,1,192,168,220,16,192,168,100,6
59700.0,80.0,TCP,0.006,5.0,479.0,1,192,168,220,16,192,168,100,6
35248.0,80.0,TCP,0.004,5.0,545.0,1,192,168,220,16,192,168,100,6
46808.0,445.0,TCP,0.005,2.0,174.0,0,192,168,200,5,192,168,100,5
445.0,46709.0,TCP,0.0,1.0,108.0,0,192,168,100,5,192,168,220,6
445.0,37191.0,TCP,0.0,1.0,108.0,0,192,168,100,5,192,168,220,7
35263.0,80.0,TCP,0.006,5.0,479.0,1,192,168,220,16,192,168,100,6
34184.0,80.0,TCP,0.003,6.0,545.0,1,192,168,220,16,192,168,100,6
445.0,46709.0,TCP,0.0,1.0,108.0,0,192,168,100,5,192,168,220,6
59410.0,80.0,TCP,0.002,6.0,545.0,1,192,168,220,16,192,168,100,6
51357.0,25.0,TCP,0.0,1.0,58.0,1,192,168,220,16,192,168,200,5
59838.0,80.0,TCP,0.004,5.0,479.0,1,192,168,220,16,192,168,100,6
43183.0,445.0,TCP,0.003,2.0,174.0,0,192,168,200,4,192,168,100,5
58800.0,80.0,TCP,0.004,6.0,545.0,1,192,168,220,16,192,168,100,6
56488.0,80.0,TCP,0.002,5.0,479.0,1,192,168,220,16,192,168,100,6
445.0,43183.0,TCP,0.0,1.0,108.0,0,192,168,100,5,192,168,200,4
445.0,46808.0,TCP,0.0,1.0,70.0,0,192,168,100,5,192,168,200,5
37884.0,445.0,TCP,0.0,2.0,174.0,0,192,168,220,9,192,168,100,5
46709.0,445.0,TCP,0.003,2.0,174.0,0,192,168,220,6,192,168,100,5
59812.0,80.0,TCP,0.005,5.0,479.0,1,192,168,220,16,192,168,100,6
445.0,40239.0,TCP,0.0,1.0,108.0,0,192,168,100,5,192,168,220,10
37191.0,445.0,TCP,0.0,1.0,66.0,0,192,168,220,7,192,168,100,5
51357.0,7443.0,TCP,0.0,1.0,58.0,1,192,168,220,16,192,168,200,1
445.0,49094.0,TCP,0.0,1.0,108.0,0,192,168,100,5,192,168,220,8
445.0,49511.0,TCP,0.0,1.0,108.0,0,192,168,100,5,192,168,220,12
60626.0,80.0,TCP,0.005,5.0,479.0,1,192,168,220,16,192,168,100,6
138.0,138.0,UDP,0.0,1.0,262.0,0,192,168,220,9,192,168,220,255
32879.0,80.0,TCP,0.004,5.0,479.0,1,192,168,220,16,192,168,100,6
37191.0,445.0,TCP,0.002,2.0,174.0,0,192,168,220,7,192,168,100,5
34743.0,445.0,TCP,0.0,1.0,66.0,0,192,168,220,11,192,168,100,5
56755.0,80.0,TCP,0.003,6.0,545.0,1,192,168,220,16,192,168,100,6
445.0,49511.0,TCP,0.0,1.0,108.0,0,192,168,100,5,192,168,220,12
445.0,51146.0,TCP,0.0,1.0,108.0,0,192,168,100,5,192,168,220,5
49511.0,445.0,TCP,0.0,1.0,66.0,0,192,168,220,12,192,168,100,5
59935.0,80.0,TCP,0.005,5.0,479.0,1,192,168,220,16,192,168,100,6
36198.0,80.0,TCP,0.005,5.0,479.0,1,192,168,220,16,192,168,100,6
58286.0,80.0,TCP,0.003,5.0,479.0,1,192,168,220,16,192,168,100,6
56929.0,80.0,TCP,0.004,5.0,479.0,1,192,168,220,16,192,168,100,6
445.0,51146.0,TCP,0.0,1.0,70.0,0,192,168,100,5,192,168,220,5
51357.0,25.0,TCP,0.0,1.0,58.0,1,192,168,220,16,192,168,200,1
60689.0,445.0,TCP,0.002,2.0,174.0,0,192,168,220,13,192,168,100,5
49511.0,445.0,TCP,0.002,2.0,174.0,0,192,168,220,12,192,168,100,5
445.0,52321.0,TCP,0.0,1.0,108.0,0,192,168,100,5,192,168,220,14
49511.0,445.0,TCP,0.003,2.0,174.0,0,192,168,220,12,192,168,100,5
445.0,48888.0,TCP,0.0,1.0,108.0,0,192,168,100,5,192,168,220,15
445.0,37191.0,TCP,0.0,1.0,108.0,0,192,168,100,5,192,168,220,7
445.0,34743.0,TCP,0.0,1.0,108.0,0,192,168,100,5,192,168,220,11
445.0,51146.0,TCP,0.0,1.0,108.0,0,192,168,100,5,192,168,220,5
58864.0,80.0,TCP,0.004,5.0,479.0,1,192,168,220,16,192,168,100,6
59325.0,80.0,TCP,0.004,5.0,479.0,1,192,168,220,16,192,168,100,6
137.0,137.0,UDP,0.0,1.0,92.0,0,192,168,220,9,192,168,220,255
51358.0,8651.0,TCP,0.0,1.0,58.0,1,192,168,220,16,192,168,200,8
59056.0,80.0,TCP,0.005,5.0,479.0,1,192,168,220,16,192,168,100,6
34573.0,80.0,TCP,0.004,5.0,479.0,1,192,168,220,16,192,168,100,6
34011.0,80.0,TCP,0.004,5.0,479.0,1,192,168,220,16,192,168,100,6
60626.0,80.0,TCP,0.004,5.0,479.0,1,192,168,220,16,192,168,100,6
445.0,51146.0,TCP,0.0,1.0,108.0,0,192,168,100,5,192,168,220,5
56848.0,80.0,TCP,0.006,5.0,479.0,1,192,168,220,16,192,168,100,6
445.0,49511.0,TCP,0.0,1.0,108.0,0,192,168,100,5,192,168,220,12
35221.0,80.0,TCP,0.005,6.0,545.0,1,192,168,220,16,192,168,100,6
37884.0,445.0,TCP,0.002,2.0,174.0,0,192,168,220,9,192,168,100,5
57762.0,80.0,TCP,0.003,5.0,479.0,1,192,168,220,16,192,168,100,6
445.0,37191.0,TCP,0.0,1.0,108.0,0,192,168,100,5,192,168,220,7
56463.0,80.0,TCP,0.004,5.0,479.0,1,192,168,220,16,192,168,100,6
59364.0,80.0,TCP,0.006,5.0,479.0,1,192,168,220,16,192,168,100,6
58844.0,445.0,TCP,0.004,2.0,174.0,0,192,168,220,16,192,168,100,5
34743.0,445.0,TCP,0.004,2.0,174.0,0,192,168,220,11,192,168,100,5
445.0,46808.0,TCP,0.0,1.0,108.0,0,192,168,100,5,192,168,200,5
445.0,49094.0,TCP,0.0,1.0,108.0,0,192,168,100,5,192,168,220,8
55763.0,80.0,TCP,0.004,6.0,545.0,1,192,168,220,16,192,168,100,6
52321.0,445.0,TCP,0.0,1.0,66.0,0,192,168,220,14,192,168,100,5
445.0,37884.0,TCP,0.0,1.0,108.0,0,192,168,100,5,192,168,220,9
51358.0,4006.0,TCP,0.0,1.0,58.0,1,192,168,220,16,192,168,200,8
58642.0,80.0,TCP,0.006,5.0,479.0,1,192,168,220,16,192,168,100,6
52321.0,445.0,TCP,0.001,2.0,174.0,0,192,168,220,14,192,168,100,5
137.0,137.0,UDP,0.0,1.0,92.0,0,192,168,220,4,192,168,220,255
34743.0,445.0,TCP,0.004,2.0,174.0,0,192,168,220,11,192,168,100,5
46756.0,3389.0,TCP,0.0,1.0,58.0,1,192,168,220,16,192,168,210,5
46756.0,1034.0,TCP,0.0,1.0,58.0,1,192,168,220,16,192,168,210,5
59535.0,80.0,TCP,0.003,5.0,479.0,1,192,168,220,16,192,168,100,6
33422.0,80.0,TCP,0.003,5.0,479.0,1,192,168,220,16,192,168,100,6
60563.0,80.0,TCP,0.004,5.0,479.0,1,192,168,220,16,192,168,100,6
46808.0,445.0,TCP,0.004,2.0,174.0,0,192,168,200,5,192,168,100,5
51357.0,5907.0,TCP,0.0,1.0,58.0,1,192,168,220,16,192,168,200,4
51487.0,25.0,TCP,0.0,1.0,58.0,1,192,168,220,16,192,168,200,1
52321.0,445.0,TCP,0.0,1.0,66.0,0,192,168,220,14,192,168,100,5
51357.0,56722.0,TCP,0.0,1.0,58.0,1,192,168,220,16,192,168,200,9
445.0,43183.0,TCP,0.0,1.0,108.0,0,192,168,100,5,192,168,200,4
58037.0,80.0,TCP,0.005,5.0,479.0,1,192,168,220,16,192,168,100,6
445.0,43183.0,TCP,0.0,1.0,108.0,0,192,168,100,5,192,168,200,4
59077.0,80.0,TCP,0.003,6.0,545.0,1,192,168,220,16,192,168,100,6
59629.0,80.0,TCP,0.003,5.0,479.0,1,192,168,220,16,192,168,100,6
37884.0,445.0,TCP,0.004,2.0,174.0,0,192,168,220,9,192,168,100,5
445.0,43145.0,TCP,0.0,1.0,108.0,0,192,168,100,5,192,168,220,4
57777.0,80.0,TCP,0.005,5.0,479.0,1,192,168,220,16,192,168,100,6
445.0,60689.0,TCP,0.0,1.0,108.0,0,192,168,100,5,192,168,220,13
59726.0,80.0,TCP,0.004,5.0,479.0,1,192,168,220,16,192,168,100,6
36961.0,80.0,TCP,0.002,5.0,479.0,1,192,168,220,16,192,168,100,6
445.0,49511.0,TCP,0.0,1.0,108.0,0,192,168,100,5,192,168,220,12
59413.0,80.0,TCP,0.002,5.0,479.0,1,192,168,220,16,192,168,100,6
445.0,46709.0,TCP,0.0,1.0,70.0,0,192,168,100,5,192,168,220,6
56805.0,80.0,TCP,0.0069999999999999,5.0,479.0,1,192,168,220,16,192,168,100,6
57855.0,80.0,TCP,0.003,6.0,545.0,1,192,168,220,16,192,168,100,6
56166.0,80.0,TCP,0.005,5.0,479.0,1,192,168,220,16,192,168,100,6
445.0,43183.0,TCP,0.0,1.0,108.0,0,192,168,100,5,192,168,200,4
58754.0,80.0,TCP,0.006,6.0,545.0,1,192,168,220,16,192,168,100,6
51357.0,9.0,TCP,0.0,1.0,58.0,1,192,168,220,16,192,168,200,3
36669.0,80.0,TCP,0.004,5.0,479.0,1,192,168,220,16,192,168,100,6
137.0,137.0,UDP,0.0,1.0,92.0,0,192,168,220,5,192,168,220,255
43145.0,445.0,TCP,0.003,2.0,174.0,0,192,168,220,4,192,168,100,5
445.0,40239.0,TCP,0.0,1.0,108.0,0,192,168,100,5,192,168,220,10
445.0,60689.0,TCP,0.0,1.0,108.0,0,192,168,100,5,192,168,220,13
34743.0,445.0,TCP,0.003,2.0,174.0,0,192,168,220,11,192,168,100,5
445.0,52321.0,TCP,0.0,1.0,108.0,0,192,168,100,5,192,168,220,14
60574.0,80.0,TCP,0.005,5.0,479.0,1,192,168,220,16,192,168,100,6
59822.0,80.0,TCP,0.003,5.0,479.0,1,192,168,220,16,192,168,100,6
56969.0,80.0,TCP,0.006,6.0,545.0,1,192,168,220,16,192,168,100,6
58844.0,80.0,TCP,0.003,5.0,479.0,1,192,168,220,16,192,168,100,6
34743.0,445.0,TCP,0.0,1.0,174.0,0,192,168,220,11,192,168,100,5
445.0,60689.0,TCP,0.0,1.0,108.0,0,192,168,100,5,192,168,220,13
35267.0,80.0,TCP,0.005,5.0,479.0,1,192,168,220,16,192,168,100,6
445.0,52321.0,TCP,0.0,1.0,70.0,0,192,168,100,5,192,168,220,14
60689.0,445.0,TCP,0.003,2.0,174.0,0,192,168,220,13,192,168,100,5
51146.0,445.0,TCP,0.003,2.0,174.0,0,192,168,220,5,192,168,100,5
137.0,137.0,UDP,0.0,1.0,92.0,0,192,168,220,8,192,168,220,255
40239.0,445.0,TCP,0.0,1.0,66.0,0,192,168,220,10,192,168,100,5
36105.0,80.0,TCP,0.003,5.0,479.0,1,192,168,220,16,192,168,100,6
59580.0,80.0,TCP,0.0069999999999999,6.0,545.0,1,192,168,220,16,192,168,100,6
58877.0,80.0,TCP,0.001,6.0,545.0,1,192,168,220,16,192,168,100,6
138.0,138.0,UDP,0.0,1.0,262.0,0,192,168,200,5,192,168,200,255
48888.0,445.0,TCP,0.005,2.0,174.0,0,192,168,220,15,192,168,100,5
37191.0,445.0,TCP,0.002,2.0,174.0,0,192,168,220,7,192,168,100,5
56428.0,80.0,TCP,0.003,5.0,479.0,1,192,168,220,16,192,168,100,6
40239.0,445.0,TCP,0.003,2.0,174.0,0,192,168,220,10,192,168,100,5
56722.0,80.0,TCP,0.005,6.0,545.0,1,192,168,220,16,192,168,100,6
138.0,138.0,UDP,0.0,1.0,262.0,0,192,168,220,9,192,168,220,255
445.0,49511.0,TCP,0.0,1.0,108.0,0,192,168,100,5,192,168,220,12
445.0,60689.0,TCP,0.0,1.0,108.0,0,192,168,100,5,192,168,220,13
445.0,46709.0,TCP,0.0,1.0,108.0,0,192,168,100,5,192,168,220,6
445.0,60689.0,TCP,0.0,1.0,108.0,0,192,168,100,5,192,168,220,13
59079.0,80.0,TCP,0.003,6.0,545.0,1,192,168,220,16,192,168,100,6
445.0,49511.0,TCP,0.0,1.0,108.0,0,192,168,100,5,192,168,220,12
40239.0,445.0,TCP,0.004,2.0,174.0,0,192,168,220,10,192,168,100,5
49094.0,445.0,TCP,0.002,2.0,174.0,0,192,168,220,8,192,168,100,5
51358.0,16001.0,TCP,0.0,1.0,58.0,1,192,168,220,16,192,168,200,8
43183.0,445.0,TCP,0.004,2.0,174.0,0,192,168,200,4,192,168,100,5
51357.0,6002.0,TCP,0.0,1.0,58.0,1,192,168,220,16,192,168,200,1
138.0,138.0,UDP,0.0,1.0,262.0,0,192,168,220,10,192,168,220,255
37884.0,445.0,TCP,0.002,2.0,174.0,0,192,168,220,9,192,168,100,5
51357.0,15000.0,TCP,0.0,1.0,58.0,1,192,168,220,16,192,168,200,5
60529.0,80.0,TCP,0.005,6.0,545.0,1,192,168,220,16,192,168,100,6
445.0,43145.0,TCP,0.0,1.0,108.0,0,192,168,100,5,192,168,220,4
445.0,48888.0,TCP,0.0,1.0,108.0,0,192,168,100,5,192,168,220,15
49094.0,445.0,TCP,0.001,2.0,174.0,0,192,168,220,8,192,168,100,5
57724.0,80.0,TCP,0.006,5.0,479.0,1,192,168,220,16,192,168,100,6
59439.0,80.0,TCP,0.004,6.0,545.0,1,192,168,220,16,192,168,100,6
60107.0,80.0,TCP,0.003,5.0,479.0,1,192,168,220,16,192,168,100,6
60689.0,445.0,TCP,0.004,2.0,174.0,0,192,168,220,13,192,168,100,5
445.0,49094.0,TCP,0.0,1.0,108.0,0,192,168,100,5,192,168,220,8
48888.0,445.0,TCP,0.0,1.0,66.0,0,192,168,220,15,192,168,100,5
445.0,49511.0,TCP,0.0,1.0,108.0,0,192,168,100,5,192,168,220,12
445.0,49094.0,TCP,0.0,1.0,108.0,0,192,168,100,5,192,168,220,8
60567.0,80.0,TCP,0.006,5.0,479.0,1,192,168,220,16,192,168,100,6
445.0,52321.0,TCP,0.0,1.0,70.0,0,192,168,100,5,192,168,220,14
445.0,58844.0,TCP,0.0,1.0,108.0,0,192,168,100,5,192,168,220,16
60579.0,80.0,TCP,0.004,5.0,479.0,1,192,168,220,16,192,168,100,6
59813.0,80.0,TCP,0.002,5.0,479.0,1,192,168,220,16,192,168,100,6
51358.0,1124.0,TCP,0.0,1.0,58.0,1,192,168,220,16,192,168,200,9
58827.0,80.0,TCP,0.006,5.0,479.0,1,192,168,220,16,192,168,100,6
43145.0,445.0,TCP,0.002,2.0,174.0,0,192,168,220,4,192,168,100,5
32829.0,80.0,TCP,0.005,5.0,479.0,1,192,168,220,16,192,168,100,6
46808.0,445.0,TCP,0.002,2.0,174.0,0,192,168,200,5,192,168,100,5
52321.0,445.0,TCP,0.003,2.0,174.0,0,192,168,220,14,192,168,100,5
57901.0,80.0,TCP,0.006,5.0,479.0,1,192,168,220,16,192,168,100,6
46808.0,445.0,TCP,0.003,2.0,174.0,0,192,168,200,5,192,168,100,5
37884.0,445.0,TCP,0.004,2.0,174.0,0,192,168,220,9,192,168,100,5
37884.0,445.0,TCP,0.004,2.0,174.0,0,192,168,220,9,192,168,100,5
49511.0,445.0,TCP,0.005,2.0,174.0,0,192,168,220,12,192,168,100,5
60640.0,80.0,TCP,0.005,5.0,479.0,1,192,168,220,16,192,168,100,6
59504.0,80.0,TCP,0.004,6.0,545.0,1,192,168,220,16,192,168,100,6
40239.0,445.0,TCP,0.004,2.0,174.0,0,192,168,220,10,192,168,100,5
137.0,137.0,UDP,0.0,1.0,92.0,0,192,168,220,14,192,168,220,255
34207.0,80.0,TCP,0.004,5.0,479.0,1,192,168,220,16,192,168,100,6
36228.0,80.0,TCP,0.006,5.0,479.0,1,192,168,220,16,192,168,100,6
60012.0,80.0,TCP,0.006,5.0,479.0,1,192,168,220,16,192,168,100,6
445.0,40239.0,TCP,0.0,1.0,108.0,0,192,168,100,5,192,168,220,10
57903.0,80.0,TCP,0.003,6.0,545.0,1,192,168,220,16,192,168,100,6
33295.0,80.0,TCP,0.002,6.0,545.0,1,192,168,220,16,192,168,100,6
51358.0,49156.0,TCP,0.0,1.0,58.0,1,192,168,220,16,192,168,200,8
137.0,137.0,UDP,0.0,1.0,92.0,0,192,168,220,15,192,168,220,255
137.0,137.0,UDP,0.0,1.0,92.0,0,192,168,220,7,192,168,220,255
33674.0,80.0,TCP,0.004,5.0,479.0,1,192,168,220,16,192,168,100,6
58936.0,80.0,TCP,0.003,6.0,545.0,1,192,168,220,16,192,168,100,6
445.0,60689.0,TCP,0.0,1.0,108.0,0,192,168,100,5,192,168,220,13
43145.0,445.0,TCP,0.004,2.0,174.0,0,192,168,220,4,192,168,100,5
52321.0,445.0,TCP,0.003,2.0,174.0,0,192,168,220,14,192,168,100,5
37191.0,445.0,TCP,0.002,2.0,174.0,0,192,168,220,7,192,168,100,5
445.0,40239.0,TCP,0.0,1.0,108.0,0,192,168,100,5,192,168,220,10
445.0,46808.0,TCP,0.005,2.0,174.0,0,192,168,100,5,192,168,200,5
51357.0,3221.0,TCP,0.0,1.0,58.0,1,192,168,220,16,192,168,200,2
59814.0,80.0,TCP,0.005,5.0,479.0,1,192,168,220,16,192,168,100,6
445.0,60689.0,TCP,0.0,1.0,108.0,0,192,168,100,5,192,168,220,13
46808.0,445.0,TCP,0.004,2.0,174.0,0,192,168,200,5,192,168,100,5
445.0,37191.0,TCP,0.0,1.0,108.0,0,192,168,100,5,192,168,220,7
43183.0,445.0,TCP,0.0,1.0,66.0,0,192,168,200,4,192,168,100,5
59464.0,80.0,TCP,0.006,6.0,545.0,1,192,168,220,16,192,168,100,6
57294.0,80.0,TCP,0.003,5.0,479.0,1,192,168,220,16,192,168,100,6
59077.0,80.0,TCP,0.003,5.0,479.0,1,192,168,220,16,192,168,100,6
37884.0,445.0,TCP,0.003,2.0,174.0,0,192,168,220,9,192,168,100,5
58430.0,80.0,TCP,0.002,5.0,479.0,1,192,168,220,16,192,168,100,6
445.0,60689.0,TCP,0.0,1.0,108.0,0,192,168,100,5,192,168,220,13
445.0,37191.0,TCP,0.0,1.0,108.0,0,192,168,100,5,192,168,220,7
46709.0,445.0,TCP,0.002,2.0,174.0,0,192,168,220,6,192,168,100,5
59813.0,80.0,TCP,0.005,5.0,479.0,1,192,168,220,16,192,168,100,6
445.0,46808.0,TCP,0.0,1.0,108.0,0,192,168,100,5,192,168,200,5
49094.0,445.0,TCP,0.0,1.0,66.0,0,192,168,220,8,192,168,100,5
35663.0,80.0,TCP,0.005,5.0,479.0,1,192,168,220,16,192,168,100,6
137.0,137.0,UDP,0.0,1.0,92.0,0,192,168,100,4,192,168,100,255
58385.0,80.0,TCP,0.005,5.0,479.0,1,192,168,220,16,192,168,100,6
445.0,48888.0,TCP,0.0,1.0,108.0,0,192,168,100,5,192,168,220,15
445.0,58844.0,TCP,0.0,1.0,108.0,0,192,168,100,5,192,168,220,16
51146.0,445.0,TCP,0.006,2.0,174.0,0,192,168,220,5,192,168,100,5
445.0,48888.0,TCP,0.0,1.0,108.0,0,192,168,100,5,192,168,220,15
56727.0,80.0,TCP,0.005,5.0,479.0,1,192,168,220,16,192,168,100,6
43183.0,445.0,TCP,0.002,2.0,174.0,0,192,168,200,4,192,168,100,5
445.0,37884.0,TCP,0.0,1.0,108.0,0,192,168,100,5,192,168,220,9
35079.0,80.0,TCP,0.003,5.0,479.0,1,192,168,220,16,192,168,100,6
445.0,48888.0,TCP,0.0,1.0,108.0,0,192,168,100,5,192,168,220,15
56677.0,80.0,TCP,0.006,5.0,479.0,1,192,168,220,16,192,168,100,6
49094.0,445.0,TCP,0.004,2.0,174.0,0,192,168,220,8,192,168,100,5
51146.0,445.0,TCP,0.003,2.0,174.0,0,192,168,220,5,192,168,100,5
46808.0,445.0,TCP,0.002,2.0,174.0,0,192,168,200,5,192,168,100,5
445.0,40239.0,TCP,0.0,1.0,108.0,0,192,168,100,5,192,168,220,10
59093.0,80.0,TCP,0.003,5.0,479.0,1,192,168,220,16,192,168,100,6
57867.0,80.0,TCP,0.003,5.0,479.0,1,192,168,220,16,192,168,100,6
51146.0,445.0,TCP,0.0,1.0,66.0,0,192,168,220,5,192,168,100,5
36138.0,80.0,TCP,0.005,5.0,479.0,1,192,168,220,16,192,168,100,6
445.0,37884.0,TCP,0.0,1.0,108.0,0,192,168,100,5,192,168,220,9
445.0,43145.0,TCP,0.0,1.0,108.0,0,192,168,100,5,192,168,220,4
445.0,43183.0,TCP,0.0,1.0,108.0,0,192,168,100,5,192,168,200,4
57437.0,80.0,TCP,0.003,6.0,545.0,1,192,168,220,16,192,168,100,6
55619.0,80.0,TCP,0.006,6.0,545.0,1,192,168,220,16,192,168,100,6
445.0,49094.0,TCP,0.0,1.0,108.0,0,192,168,100,5,192,168,220,8
59970.0,80.0,TCP,0.004,5.0,479.0,1,192,168,220,16,192,168,100,6
49094.0,445.0,TCP,0.003,2.0,174.0,0,192,168,220,8,192,168,100,5
43145.0,445.0,TCP,0.0,2.0,174.0,0,192,168,220,4,192,168,100,5
52321.0,445.0,TCP,0.003,2.0,174.0,0,192,168,220,14,192,168,100,5
46709.0,445.0,TCP,0.002,2.0,174.0,0,192,168,220,6,192,168,100,5
60689.0,445.0,TCP,0.0,1.0,66.0,0,192,168,220,13,192,168,100,5
58333.0,80.0,TCP,0.004,5.0,479.0,1,192,168,220,16,192,168,100,6
57999.0,80.0,TCP,0.003,5.0,479.0,1,192,168,220,16,192,168,100,6
57707.0,80.0,TCP,0.003,6.0,545.0,1,192,168,220,16,192,168,100,6
445.0,43145.0,TCP,0.0,1.0,108.0,0,192,168,100,5,192,168,220,4
57455.0,80.0,TCP,0.0069999999999999,6.0,545.0,1,192,168,220,16,192,168,100,6
445.0,51146.0,TCP,0.0,1.0,108.0,0,192,168,100,5,192,168,220,5
445.0,46709.0,TCP,0.0,1.0,108.0,0,192,168,100,5,192,168,220,6
59201.0,80.0,TCP,0.004,6.0,545.0,1,192,168,220,16,192,168,100,6
445.0,49511.0,TCP,0.0,1.0,108.0,0,192,168,100,5,192,168,220,12
51357.0,5666.0,TCP,0.0,1.0,58.0,1,192,168,220,16,192,168,200,5
59752.0,80.0,TCP,0.003,5.0,479.0,1,192,168,220,16,192,168,100,6
40239.0,445.0,TCP,0.003,2.0,174.0,0,192,168,220,10,192,168,100,5
60636.0,80.0,TCP,0.001,5.0,479.0,1,192,168,220,16,192,168,100,6
137.0,137.0,UDP,0.0,1.0,92.0,0,192,168,220,10,192,168,220,255
51314.0,25.0,TCP,0.0,1.0,58.0,1,192,168,220,16,192,168,200,8
137.0,137.0,UDP,0.0,1.0,92.0,0,192,168,220,10,192,168,220,255
58844.0,445.0,TCP,0.002,2.0,174.0,0,192,168,220,16,192,168,100,5
60219.0,80.0,TCP,0.006,6.0,545.0,1,192,168,220,16,192,168,100,6
993.0,50315.0,TCP,0.091,13.0,956.0,0,192,168,100,4,192,168,210,4
445.0,43145.0,TCP,0.0,1.0,108.0,0,192,168,100,5,192,168,220,4
57796.0,80.0,TCP,0.003,5.0,479.0,1,192,168,220,16,192,168,100,6
46709.0,445.0,TCP,0.004,2.0,174.0,0,192,168,220,6,192,168,100,5
56210.0,80.0,TCP,0.004,5.0,479.0,1,192,168,220,16,192,168,100,6
58844.0,445.0,TCP,0.0,1.0,66.0,0,192,168,220,16,192,168,100,5
34990.0,80.0,TCP,0.004,5.0,479.0,1,192,168,220,16,192,168,100,6
37160.0,80.0,TCP,0.004,5.0,479.0,1,192,168,220,16,192,168,100,6
51357.0,1083.0,TCP,0.0,1.0,58.0,1,192,168,220,16,192,168,200,2
445.0,49094.0,TCP,0.0,1.0,108.0,0,192,168,100,5,192,168,220,8
33248.0,80.0,TCP,0.003,6.0,545.0,1,192,168,220,16,192,168,100,6
445.0,49511.0,TCP,0.0,1.0,108.0,0,192,168,100,5,192,168,220,12
57713.0,80.0,TCP,0.006,5.0,479.0,1,192,168,220,16,192,168,100,6
52321.0,445.0,TCP,0.005,2.0,174.0,0,192,168,220,14,192,168,100,5
59440.0,80.0,TCP,0.003,6.0,545.0,1,192,168,220,16,192,168,100,6
445.0,48888.0,TCP,0.0,1.0,108.0,0,192,168,100,5,192,168,220,15
58450.0,80.0,TCP,0.005,5.0,479.0,1,192,168,220,16,192,168,100,6
51452.0,25.0,TCP,0.0,1.0,58.0,1,192,168,220,16,192,168,200,1
58641.0,80.0,TCP,0.003,5.0,479.0,1,192,168,220,16,192,168,100,6
58834.0,80.0,TCP,0.005,5.0,479.0,1,192,168,220,16,192,168,100,6
445.0,43145.0,TCP,0.0,1.0,108.0,0,192,168,100,5,192,168,220,4
58405.0,80.0,TCP,0.003,5.0,479.0,1,192,168,220,16,192,168,100,6
46709.0,445.0,TCP,0.005,2.0,174.0,0,192,168,220,6,192,168,100,5
33503.0,80.0,TCP,0.003,5.0,479.0,1,192,168,220,16,192,168,100,6
51358.0,80.0,TCP,0.006,2.0,112.0,1,192,168,220,16,192,168,100,6
59077.0,80.0,TCP,0.004,6.0,545.0,1,192,168,220,16,192,168,100,6
46709.0,445.0,TCP,0.004,2.0,174.0,0,192,168,220,6,192,168,100,5
445.0,52321.0,TCP,0.0,1.0,108.0,0,192,168,100,5,192,168,220,14
60805.0,80.0,TCP,0.005,5.0,479.0,1,192,168,220,16,192,168,100,6
445.0,60689.0,TCP,0.0,1.0,108.0,0,192,168,100,5,192,168,220,13
60480.0,80.0,TCP,0.005,6.0,545.0,1,192,168,220,16,192,168,100,6
445.0,51146.0,TCP,0.0,1.0,108.0,0,192,168,100,5,192,168,220,5
445.0,52321.0,TCP,0.0,1.0,108.0,0,192,168,100,5,192,168,220,14
36137.0,80.0,TCP,0.004,5.0,479.0,1,192,168,220,16,192,168,100,6
52321.0,445.0,TCP,0.002,2.0,174.0,1,192,168,220,14,192,168,100,5
445.0,46808.0,TCP,0.0,1.0,108.0,0,192,168,100,5,192,168,200,5
445.0,48888.0,TCP,0.0,1.0,108.0,0,192,168,100,5,192,168,220,15
57929.0,80.0,TCP,0.004,5.0,479.0,1,192,168,220,16,192,168,100,6
43183.0,445.0,TCP,0.004,2.0,174.0,0,192,168,200,4,192,168,100,5
52321.0,445.0,TCP,0.005,2.0,174.0,0,192,168,220,14,192,168,100,5
137.0,137.0,UDP,0.0,1.0,92.0,0,192,168,220,4,192,168,220,255
445.0,46709.0,TCP,0.0,1.0,108.0,0,192,168,100,5,192,168,220,6
35369.0,80.0,TCP,0.004,5.0,479.0,1,192,168,220,16,192,168,100,6
60711.0,80.0,TCP,0.006,5.0,479.0,1,192,168,220,16,192,168,100,6
51146.0,445.0,TCP,0.0,1.0,66.0,0,192,168,220,5,192,168,100,5
57762.0,80.0,TCP,0.005,5.0,479.0,1,192,168,220,16,192,168,100,6
60065.0,80.0,TCP,0.0,6.0,545.0,1,192,168,220,16,192,168,100,6
59324.0,80.0,TCP,0.005,5.0,479.0,1,192,168,220,16,192,168,100,6
445.0,51146.0,TCP,0.0,1.0,108.0,0,192,168,100,5,192,168,220,5
993.0,443.0,TCP,0.0,1.0,54.0,0,192,168,210,5,192,168,200,8
445.0,49511.0,TCP,0.0,1.0,108.0,0,192,168,100,5,192,168,220,12
60401.0,80.0,TCP,0.005,5.0,479.0,1,192,168,220,16,192,168,100,6
58301.0,80.0,TCP,0.003,6.0,545.0,1,192,168,220,16,192,168,100,6
58145.0,80.0,TCP,0.004,5.0,479.0,1,192,168,220,16,192,168,100,6
51146.0,445.0,TCP,0.003,2.0,174.0,0,192,168,220,5,192,168,100,5
58001.0,80.0,TCP,0.002,5.0,479.0,1,192,168,220,16,192,168,100,6
58910.0,80.0,TCP,0.005,5.0,479.0,1,192,168,220,16,192,168,100,6
58353.0,80.0,TCP,0.005,5.0,479.0,1,192,168,220,16,192,168,100,6
56492.0,80.0,TCP,0.006,5.0,479.0,1,192,168,220,16,192,168,100,6
60608.0,80.0,TCP,0.002,5.0,479.0,1,192,168,220,16,192,168,100,6
445.0,40239.0,TCP,0.0,1.0,108.0,0,192,168,100,5,192,168,220,10
445.0,34743.0,TCP,0.0,1.0,108.0,0,192,168,100,5,192,168,220,11
59138.0,80.0,TCP,0.004,5.0,479.0,1,192,168,220,16,192,168,100,6
46808.0,445.0,TCP,0.003,2.0,174.0,0,192,168,200,5,192,168,100,5
60689.0,445.0,TCP,0.0,1.0,66.0,0,192,168,220,13,192,168,100,5
51146.0,445.0,TCP,0.0,1.0,66.0,0,192,168,220,5,192,168,100,5
58672.0,80.0,TCP,0.005,5.0,479.0,1,192,168,220,16,192,168,100,6
37884.0,445.0,TCP,0.003,2.0,174.0,0,192,168,220,9,192,168,100,5
34809.0,80.0,TCP,0.004,5.0,479.0,1,192,168,220,16,192,168,100,6
51357.0,1052.0,TCP,0.0,1.0,58.0,1,192,168,220,16,192,168,200,8
58254.0,80.0,TCP,0.004,5.0,479.0,1,192,168,220,16,192,168,100,6
36099.0,80.0,TCP,0.004,5.0,479.0,1,192,168,220,16,192,168,100,6
445.0,52321.0,TCP,0.0,1.0,108.0,0,192,168,100,5,192,168,220,14
137.0,137.0,UDP,0.0,1.0,92.0,0,192,168,100,4,192,168,100,255
445.0,51146.0,TCP,0.0,1.0,108.0,0,192,168,100,5,192,168,220,5
60422.0,80.0,TCP,0.003,6.0,545.0,1,192,168,220,16,192,168,100,6
57726.0,80.0,TCP,0.003,5.0,479.0,1,192,168,220,16,192,168,100,6
43145.0,445.0,TCP,0.005,2.0,174.0,0,192,168,220,4,192,168,100,5
60768.0,80.0,TCP,0.004,6.0,545.0,1,192,168,220,16,192,168,100,6
445.0,40239.0,TCP,0.0,1.0,70.0,0,192,168,100,5,192,168,220,10
445.0,60689.0,TCP,0.0,1.0,108.0,0,192,168,100,5,192,168,220,13
445.0,43183.0,TCP,0.0,1.0,108.0,0,192,168,100,5,192,168,200,4
445.0,46709.0,TCP,0.0,1.0,108.0,0,192,168,100,5,192,168,220,6
57700.0,80.0,TCP,0.005,5.0,479.0,1,192,168,220,16,192,168,100,6
52321.0,445.0,TCP,0.001,2.0,174.0,0,192,168,220,14,192,168,100,5
60264.0,80.0,TCP,0.005,5.0,479.0,1,192,168,220,16,192,168,100,6
51357.0,801.0,TCP,0.0,1.0,58.0,1,192,168,220,16,192,168,200,2
57866.0,80.0,TCP,0.003,5.0,479.0,1,192,168,220,16,192,168,100,6
445.0,37191.0,TCP,0.0,1.0,108.0,0,192,168,100,5,192,168,220,7
51357.0,65129.0,TCP,0.0,1.0,58.0,1,192,168,220,16,192,168,200,1
445.0,49511.0,TCP,0.0,1.0,108.0,0,192,168,100,5,192,168,220,12
137.0,137.0,UDP,0.0,1.0,92.0,0,192,168,220,12,192,168,220,255
57877.0,80.0,TCP,0.003,5.0,479.0,1,192,168,220,16,192,168,100,6
34743.0,445.0,TCP,0.005,2.0,174.0,0,192,168,220,11,192,168,100,5
35371.0,80.0,TCP,0.003,5.0,479.0,1,192,168,220,16,192,168,100,6
33520.0,80.0,TCP,0.006,5.0,479.0,1,192,168,220,16,192,168,100,6
37884.0,445.0,TCP,0.005,2.0,174.0,0,192,168,220,9,192,168,100,5
137.0,137.0,UDP,0.0,1.0,92.0,0,192,168,220,14,192,168,220,255
48888.0,445.0,TCP,0.0,1.0,66.0,0,192,168,220,15,192,168,100,5
57772.0,80.0,TCP,0.005,6.0,479.0,1,192,168,220,16,192,168,100,6
445.0,40239.0,TCP,0.0,1.0,108.0,0,192,168,100,5,192,168,220,10
51358.0,8443.0,TCP,0.0,1.0,58.0,1,192,168,220,16,192,168,200,8
51357.0,49158.0,TCP,0.0,1.0,58.0,1,192,168,220,16,192,168,200,2
34088.0,80.0,TCP,0.005,6.0,545.0,1,192,168,220,16,192,168,100,6
51146.0,445.0,TCP,0.003,2.0,174.0,0,192,168,220,5,192,168,100,5
56441.0,80.0,TCP,0.004,5.0,479.0,1,192,168,220,16,192,168,100,6
137.0,137.0,UDP,0.0,1.0,92.0,0,192,168,220,13,192,168,220,255
445.0,60689.0,TCP,0.0,1.0,108.0,0,192,168,100,5,192,168,220,13
59521.0,80.0,TCP,0.005,6.0,545.0,1,192,168,220,16,192,168,100,6
57737.0,80.0,TCP,0.006,5.0,479.0,1,192,168,220,16,192,168,100,6
33506.0,80.0,TCP,0.004,5.0,479.0,1,192,168,220,16,192,168,100,6
58240.0,80.0,TCP,0.006,5.0,479.0,1,192,168,220,16,192,168,100,6
59013.0,80.0,TCP,0.005,5.0,479.0,1,192,168,220,16,192,168,100,6
59630.0,80.0,TCP,0.003,6.0,545.0,1,192,168,220,16,192,168,100,6
60539.0,80.0,TCP,0.004,5.0,479.0,1,192,168,220,16,192,168,100,6
37884.0,445.0,TCP,0.002,2.0,174.0,0,192,168,220,9,192,168,100,5
57872.0,80.0,TCP,0.006,6.0,545.0,1,192,168,220,16,192,168,100,6
34809.0,80.0,TCP,0.006,5.0,479.0,1,192,168,220,16,192,168,100,6
34241.0,80.0,TCP,0.006,5.0,479.0,1,192,168,220,16,192,168,100,6
58382.0,80.0,TCP,0.002,5.0,479.0,1,192,168,220,16,192,168,100,6
51146.0,445.0,TCP,0.002,2.0,174.0,0,192,168,220,5,192,168,100,5
35354.0,80.0,TCP,0.003,5.0,479.0,1,192,168,220,16,192,168,100,6
137.0,137.0,UDP,0.0,1.0,92.0,0,192,168,220,12,192,168,220,255
60628.0,80.0,TCP,0.002,6.0,545.0,1,192,168,220,16,192,168,100,6
51146.0,445.0,TCP,0.003,2.0,174.0,0,192,168,220,5,192,168,100,5
52321.0,445.0,TCP,0.002,2.0,174.0,0,192,168,220,14,192,168,100,5
57874.0,80.0,TCP,0.005,5.0,479.0,1,192,168,220,16,192,168,100,6
40239.0,445.0,TCP,0.005,2.0,174.0,0,192,168,220,10,192,168,100,5
137.0,137.0,UDP,0.0,1.0,92.0,0,192,168,220,4,192,168,220,255
445.0,37884.0,TCP,0.0,1.0,108.0,0,192,168,100,5,192,168,220,9
46808.0,445.0,TCP,0.002,2.0,174.0,0,192,168,200,5,192,168,100,5
445.0,49094.0,TCP,0.0,1.0,108.0,0,192,168,100,5,192,168,220,8
37884.0,445.0,TCP,0.0,1.0,66.0,0,192,168,220,9,192,168,100,5
445.0,60689.0,TCP,0.0,1.0,108.0,0,192,168,100,5,192,168,220,13
49094.0,445.0,TCP,0.002,2.0,174.0,0,192,168,220,8,192,168,100,5
59106.0,80.0,TCP,0.003,5.0,479.0,1,192,168,220,16,192,168,100,6
57282.0,80.0,TCP,0.003,5.0,479.0,1,192,168,220,16,192,168,100,6
49094.0,445.0,TCP,0.004,2.0,174.0,0,192,168,220,8,192,168,100,5
138.0,138.0,UDP,0.0,1.0,262.0,0,192,168,220,14,192,168,220,255
60549.0,80.0,TCP,0.005,5.0,479.0,1,192,168,220,16,192,168,100,6
46709.0,445.0,TCP,0.0,1.0,66.0,0,192,168,220,6,192,168,100,5
445.0,49094.0,TCP,0.0,1.0,108.0,0,192,168,100,5,192,168,220,8
60580.0,80.0,TCP,0.004,5.0,479.0,1,192,168,220,16,192,168,100,6
57912.0,80.0,TCP,0.003,5.0,479.0,1,192,168,220,16,192,168,100,6
36540.0,80.0,TCP,0.004,5.0,479.0,1,192,168,220,16,192,168,100,6
52321.0,445.0,TCP,0.002,2.0,174.0,0,192,168,220,14,192,168,100,5
57264.0,80.0,TCP,0.005,5.0,479.0,1,192,168,220,16,192,168,100,6
46808.0,445.0,TCP,0.001,2.0,174.0,0,192,168,200,5,192,168,100,5
445.0,49511.0,TCP,0.0,1.0,108.0,0,192,168,100,5,192,168,220,12
58844.0,445.0,TCP,0.005,2.0,174.0,0,192,168,220,16,192,168,100,5
60043.0,80.0,TCP,0.005,5.0,479.0,1,192,168,220,16,192,168,100,6
56670.0,80.0,TCP,0.004,5.0,479.0,1,192,168,220,16,192,168,100,6
35141.0,80.0,TCP,0.0069999999999999,6.0,545.0,1,192,168,220,16,192,168,100,6
58844.0,445.0,TCP,0.002,2.0,174.0,0,192,168,220,16,192,168,100,5
445.0,58844.0,TCP,0.0,1.0,108.0,0,192,168,100,5,192,168,220,16
445.0,43145.0,TCP,0.0,1.0,108.0,0,192,168,100,5,192,168,220,4
37191.0,445.0,TCP,0.003,2.0,174.0,0,192,168,220,7,192,168,100,5
137.0,137.0,UDP,0.0,1.0,92.0,0,192,168,200,5,192,168,200,255
445.0,34743.0,TCP,0.0,1.0,108.0,0,192,168,100,5,192,168,220,11
51357.0,1142.0,TCP,0.0,1.0,58.0,1,192,168,220,16,192,168,200,8
56540.0,80.0,TCP,0.005,5.0,479.0,1,192,168,220,16,192,168,100,6
58844.0,445.0,TCP,0.0,1.0,66.0,0,192,168,220,16,192,168,100,5
55794.0,80.0,TCP,0.005,6.0,545.0,1,192,168,220,16,192,168,100,6
33739.0,80.0,TCP,0.004,5.0,479.0,1,192,168,220,16,192,168,100,6
51357.0,3860.0,TCP,0.0,1.0,58.0,1,192,168,220,16,192,168,200,8
59899.0,80.0,TCP,0.004,6.0,545.0,1,192,168,220,16,192,168,100,6
445.0,49094.0,TCP,0.0,1.0,108.0,0,192,168,100,5,192,168,220,8
34283.0,80.0,TCP,0.005,5.0,479.0,1,192,168,220,16,192,168,100,6
60294.0,80.0,TCP,0.005,5.0,479.0,1,192,168,220,16,192,168,100,6
445.0,37884.0,TCP,0.0,1.0,108.0,0,192,168,100,5,192,168,220,9
445.0,52321.0,TCP,0.0,1.0,108.0,0,192,168,100,5,192,168,220,14
445.0,34743.0,TCP,0.0,1.0,108.0,0,192,168,100,5,192,168,220,11
35933.0,80.0,TCP,0.001,4.0,3023.0,0,192,168,220,6,192,168,100,6
445.0,51146.0,TCP,0.0,1.0,108.0,0,192,168,100,5,192,168,220,5
445.0,52321.0,TCP,0.0,1.0,108.0,0,192,168,100,5,192,168,220,14
60622.0,80.0,TCP,0.005,5.0,479.0,1,192,168,220,16,192,168,100,6
60689.0,445.0,TCP,0.002,2.0,174.0,0,192,168,220,13,192,168,100,5
59744.0,80.0,TCP,0.004,5.0,479.0,1,192,168,220,16,192,168,100,6
55288.0,80.0,TCP,0.006,6.0,545.0,1,192,168,220,16,192,168,100,6
445.0,49094.0,TCP,0.0,1.0,108.0,0,192,168,100,5,192,168,220,8
51357.0,1138.0,TCP,0.0,1.0,58.0,1,192,168,220,16,192,168,200,8
445.0,49094.0,TCP,0.0,1.0,108.0,0,192,168,100,5,192,168,220,8
58064.0,80.0,TCP,0.006,5.0,479.0,1,192,168,220,16,192,168,100,6
49094.0,445.0,TCP,0.002,2.0,174.0,0,192,168,220,8,192,168,100,5
35683.0,80.0,TCP,0.005,5.0,479.0,1,192,168,220,16,192,168,100,6
33136.0,80.0,TCP,0.002,5.0,479.0,1,192,168,220,16,192,168,100,6
445.0,37191.0,TCP,0.0,1.0,108.0,0,192,168,100,5,192,168,220,14
35021.0,80.0,TCP,0.005,5.0,479.0,1,192,168,220,16,192,168,100,6
59383.0,80.0,TCP,0.005,5.0,479.0,1,192,168,220,16,192,168,100,6
51358.0,3869.0,TCP,0.0,1.0,58.0,1,192,168,220,16,192,168,200,9
445.0,51146.0,TCP,0.0,1.0,108.0,0,192,168,100,5,192,168,220,5
51358.0,646.0,TCP,0.0,1.0,58.0,1,192,168,220,16,192,168,200,8
58386.0,80.0,TCP,0.003,5.0,479.0,1,192,168,220,16,192,168,100,6
60297.0,80.0,TCP,0.005,5.0,479.0,1,192,168,220,16,192,168,100,6
58432.0,80.0,TCP,0.005,5.0,479.0,1,192,168,220,16,192,168,100,6
37191.0,445.0,TCP,0.003,2.0,174.0,0,192,168,220,7,192,168,100,5
51358.0,5952.0,TCP,0.0,1.0,58.0,1,192,168,220,16,192,168,200,8
445.0,58844.0,TCP,0.0,1.0,108.0,0,192,168,100,5,192,168,220,16
34135.0,80.0,TCP,0.004,5.0,479.0,1,192,168,220,16,192,168,100,6
58419.0,80.0,TCP,0.005,6.0,545.0,1,192,168,220,16,192,168,100,6
35248.0,80.0,TCP,0.004,5.0,479.0,1,192,168,220,16,192,168,100,6
445.0,60689.0,TCP,0.0,1.0,108.0,0,192,168,100,5,192,168,220,13
59523.0,80.0,TCP,0.004,6.0,545.0,1,192,168,220,16,192,168,100,6
35189.0,80.0,TCP,0.003,5.0,479.0,1,192,168,220,16,192,168,100,6
51357.0,1310.0,TCP,0.0,1.0,58.0,1,192,168,220,16,192,168,200,8
49511.0,445.0,TCP,0.004,2.0,174.0,0,192,168,220,12,192,168,100,5
58856.0,80.0,TCP,0.006,5.0,479.0,1,192,168,220,16,192,168,100,6
445.0,51146.0,TCP,0.0,1.0,108.0,0,192,168,100,5,192,168,220,5
59086.0,80.0,TCP,0.002,5.0,479.0,1,192,168,220,16,192,168,100,6
51358.0,646.0,TCP,0.0,1.0,58.0,1,192,168,220,16,192,168,200,9
60481.0,80.0,TCP,0.004,5.0,479.0,1,192,168,220,16,192,168,100,6
445.0,52321.0,TCP,0.0,1.0,108.0,0,192,168,100,5,192,168,220,14
445.0,37191.0,TCP,0.0,1.0,108.0,0,192,168,100,5,192,168,220,7
43183.0,445.0,TCP,0.002,2.0,174.0,0,192,168,200,4,192,168,100,5
58214.0,80.0,TCP,0.006,5.0,479.0,1,192,168,220,16,192,168,100,6
445.0,58844.0,TCP,0.0,1.0,108.0,0,192,168,100,5,192,168,220,16
58560.0,80.0,TCP,0.003,5.0,479.0,1,192,168,220,16,192,168,100,6
57240.0,80.0,TCP,0.003,6.0,545.0,1,192,168,220,16,192,168,100,6
445.0,60689.0,TCP,0.0,1.0,108.0,0,192,168,100,5,192,168,220,13
445.0,46709.0,TCP,0.0,1.0,108.0,0,192,168,100,5,192,168,220,6
60622.0,80.0,TCP,0.003,5.0,479.0,1,192,168,220,16,192,168,100,6
48888.0,445.0,TCP,0.003,2.0,174.0,0,192,168,220,15,192,168,100,5
51146.0,445.0,TCP,0.003,2.0,174.0,0,192,168,220,5,192,168,100,5
59823.0,80.0,TCP,0.006,6.0,545.0,1,192,168,220,16,192,168,100,6
60529.0,80.0,TCP,0.004,6.0,545.0,1,192,168,220,16,192,168,100,6
35103.0,80.0,TCP,0.006,5.0,479.0,1,192,168,220,16,192,168,100,6
46808.0,445.0,TCP,0.003,2.0,174.0,0,192,168,200,5,192,168,100,5
445.0,37191.0,TCP,0.0,1.0,108.0,0,192,168,100,5,192,168,220,7
33031.0,80.0,TCP,0.005,5.0,479.0,1,192,168,220,16,192,168,100,6
445.0,52321.0,TCP,0.0,1.0,108.0,0,192,168,100,5,192,168,220,14
445.0,43183.0,TCP,0.0,1.0,108.0,0,192,168,100,5,192,168,200,4
37884.0,445.0,TCP,0.002,2.0,174.0,0,192,168,220,9,192,168,100,5
33492.0,80.0,TCP,0.006,5.0,479.0,1,192,168,220,16,192,168,100,6
445.0,48888.0,TCP,0.0,1.0,108.0,0,192,168,100,5,192,168,220,15
60335.0,80.0,TCP,0.003,5.0,479.0,1,192,168,220,16,192,168,100,6
57956.0,80.0,TCP,0.004,5.0,479.0,1,192,168,220,16,192,168,100,6
60532.0,80.0,TCP,0.005,5.0,479.0,1,192,168,220,16,192,168,100,6
58844.0,445.0,TCP,0.004,2.0,174.0,0,192,168,220,16,192,168,100,5
49511.0,445.0,TCP,0.002,2.0,174.0,0,192,168,220,12,192,168,100,5
60689.0,445.0,TCP,0.003,2.0,174.0,0,192,168,220,13,192,168,100,5
51146.0,445.0,TCP,0.003,2.0,174.0,0,192,168,220,16,192,168,100,5
445.0,46808.0,TCP,0.0,1.0,108.0,0,192,168,100,5,192,168,200,5
58372.0,80.0,TCP,0.006,5.0,479.0,1,192,168,220,16,192,168,100,6
445.0,58844.0,TCP,0.0,1.0,108.0,0,192,168,100,5,192,168,220,16
36233.0,80.0,TCP,0.005,5.0,479.0,1,192,168,220,16,192,168,100,6
51357.0,3370.0,TCP,0.0,1.0,58.0,1,192,168,220,16,192,168,200,4
56484.0,80.0,TCP,0.004,5.0,479.0,1,192,168,220,16,192,168,100,6
52321.0,445.0,TCP,0.002,2.0,174.0,0,192,168,220,14,192,168,100,5
57839.0,80.0,TCP,0.004,6.0,545.0,1,192,168,220,16,192,168,100,6
56834.0,80.0,TCP,0.003,5.0,479.0,1,192,168,220,16,192,168,100,6
51146.0,445.0,TCP,0.002,2.0,174.0,0,192,168,220,5,192,168,100,5
51358.0,1117.0,TCP,0.0,1.0,58.0,1,192,168,220,16,192,168,200,8
60572.0,80.0,TCP,0.006,6.0,545.0,1,192,168,220,16,192,168,100,6
445.0,52321.0,TCP,0.0,1.0,108.0,0,192,168,100,5,192,168,220,14
445.0,43183.0,TCP,0.0,1.0,108.0,0,192,168,100,5,192,168,200,4
59281.0,80.0,TCP,0.004,5.0,479.0,1,192,168,220,16,192,168,100,6
43145.0,445.0,TCP,0.003,2.0,174.0,0,192,168,220,4,192,168,100,5
445.0,49511.0,TCP,0.0,1.0,108.0,0,192,168,100,5,192,168,220,12
445.0,49511.0,TCP,0.0,1.0,108.0,0,192,168,100,5,192,168,220,12
445.0,49511.0,TCP,0.0,1.0,108.0,0,192,168,100,5,192,168,220,12
58694.0,80.0,TCP,0.006,5.0,479.0,1,192,168,220,16,192,168,100,6
43145.0,445.0,TCP,0.002,2.0,174.0,0,192,168,220,4,192,168,100,5
445.0,58844.0,TCP,0.0,1.0,108.0,0,192,168,100,5,192,168,220,16
445.0,48888.0,TCP,0.0,1.0,108.0,0,192,168,100,5,192,168,220,15
58526.0,80.0,TCP,0.004,6.0,545.0,1,192,168,220,16,192,168,100,6
51357.0,5915.0,TCP,0.0,1.0,58.0,1,192,168,220,16,192,168,200,1
35261.0,80.0,TCP,0.005,5.0,479.0,1,192,168,220,16,192,168,100,6
445.0,51146.0,TCP,0.0,1.0,108.0,0,192,168,100,5,192,168,220,5
445.0,51146.0,TCP,0.0,1.0,108.0,0,192,168,100,5,192,168,220,5
445.0,52321.0,TCP,0.0,1.0,108.0,0,192,168,100,5,192,168,220,14
60468.0,80.0,TCP,0.004,5.0,479.0,1,192,168,220,16,192,168,100,6
55901.0,80.0,TCP,0.004,5.0,479.0,1,192,168,220,16,192,168,100,6
445.0,37884.0,TCP,0.0,1.0,108.0,0,192,168,100,5,192,168,220,9
46709.0,445.0,TCP,0.002,2.0,174.0,0,192,168,220,6,192,168,100,5
60494.0,80.0,TCP,0.004,5.0,479.0,1,192,168,220,16,192,168,100,6
51358.0,743.0,TCP,0.0,1.0,58.0,1,192,168,220,16,192,168,200,8
37191.0,445.0,TCP,0.005,2.0,174.0,0,192,168,220,7,192,168,100,5
43183.0,445.0,TCP,0.003,2.0,174.0,0,192,168,200,4,192,168,100,5
33122.0,80.0,TCP,0.003,5.0,479.0,1,192,168,220,16,192,168,100,6
445.0,46808.0,TCP,0.0,1.0,70.0,0,192,168,100,5,192,168,200,5
46808.0,445.0,TCP,0.003,2.0,174.0,0,192,168,200,5,192,168,100,5
37191.0,445.0,TCP,0.001,2.0,174.0,0,192,168,220,7,192,168,100,5
445.0,60689.0,TCP,0.0,1.0,70.0,0,192,168,100,5,192,168,220,13
35242.0,80.0,TCP,0.004,5.0,479.0,1,192,168,220,16,192,168,100,6
51357.0,3268.0,TCP,0.0,1.0,58.0,1,192,168,220,16,192,168,100,6
60689.0,445.0,TCP,0.005,2.0,174.0,0,192,168,220,13,192,168,100,5
51357.0,10007.0,TCP,0.0,1.0,58.0,1,192,168,220,16,192,168,200,3
445.0,46709.0,TCP,0.0,1.0,108.0,0,192,168,100,5,192,168,220,6
51357.0,10003.0,TCP,0.0,1.0,58.0,1,192,168,220,16,192,168,200,5
51358.0,671.0,TCP,0.0,1.0,58.0,1,192,168,220,16,192,168,200,8
59963.0,80.0,TCP,0.001,5.0,479.0,1,192,168,220,16,192,168,100,6
137.0,137.0,UDP,0.0,1.0,92.0,0,192,168,220,3,192,168,220,255
51146.0,445.0,TCP,0.004,2.0,174.0,0,192,168,220,5,192,168,100,5
59254.0,80.0,TCP,0.003,5.0,479.0,1,192,168,220,16,192,168,100,6
43183.0,445.0,TCP,0.003,2.0,174.0,0,192,168,200,4,192,168,100,5
56828.0,80.0,TCP,0.002,5.0,479.0,1,192,168,220,16,192,168,100,6
606.0,80.0,TCP,0.005,6.0,545.0,1,192,168,220,16,192,168,100,6
35268.0,80.0,TCP,0.003,5.0,479.0,1,192,168,220,16,192,168,100,6
57535.0,80.0,TCP,0.006,6.0,545.0,1,192,168,220,16,192,168,100,6
37191.0,445.0,TCP,0.006,2.0,174.0,0,192,168,220,7,192,168,100,5
445.0,60689.0,TCP,0.0,1.0,108.0,0,192,168,100,5,192,168,220,13
34743.0,445.0,TCP,0.002,2.0,174.0,0,192,168,220,11,192,168,100,5
60689.0,445.0,TCP,0.002,2.0,174.0,0,192,168,220,13,192,168,100,5
58028.0,80.0,TCP,0.006,5.0,479.0,1,192,168,220,16,192,168,100,6
445.0,43145.0,TCP,0.0,1.0,108.0,0,192,168,100,5,192,168,220,4
34108.0,80.0,TCP,0.003,5.0,479.0,1,192,168,220,16,192,168,100,6
34743.0,445.0,TCP,0.0,2.0,174.0,0,192,168,220,11,192,168,100,5
35044.0,80.0,TCP,0.004,5.0,479.0,1,192,168,220,16,192,168,100,6
48888.0,445.0,TCP,0.003,2.0,174.0,0,192,168,220,15,192,168,100,5
445.0,46808.0,TCP,0.0,1.0,108.0,0,192,168,100,5,192,168,200,5
51357.0,10001.0,TCP,0.0,1.0,58.0,1,192,168,220,16,192,168,200,2
35607.0,80.0,TCP,0.0069999999999999,6.0,545.0,1,192,168,220,16,192,168,100,6
58844.0,445.0,TCP,0.004,2.0,174.0,0,192,168,220,16,192,168,100,5
57777.0,80.0,TCP,0.004,5.0,479.0,1,192,168,220,16,192,168,100,6
48888.0,445.0,TCP,0.001,2.0,174.0,0,192,168,220,15,192,168,100,5
57912.0,80.0,TCP,0.003,5.0,479.0,1,192,168,220,16,192,168,100,6
35256.0,80.0,TCP,0.004,5.0,479.0,1,192,168,220,16,192,168,100,6
59752.0,80.0,TCP,0.004,5.0,479.0,1,192,168,220,16,192,168,100,6
33480.0,80.0,TCP,0.006,5.0,479.0,1,192,168,220,16,192,168,100,6
59818.0,80.0,TCP,0.004,5.0,479.0,1,192,168,220,16,192,168,100,6
445.0,49094.0,TCP,0.0,1.0,108.0,0,192,168,100,5,192,168,220,8
445.0,51146.0,TCP,0.0,1.0,108.0,0,192,168,100,5,192,168,220,5
58270.0,80.0,TCP,0.004,5.0,479.0,1,192,168,220,16,192,168,100,6
57922.0,80.0,TCP,0.004,6.0,545.0,1,192,168,220,16,192,168,100,6
59011.0,80.0,TCP,0.003,5.0,479.0,1,192,168,220,16,192,168,100,6
137.0,137.0,UDP,0.0,1.0,92.0,0,192,168,220,3,192,168,220,255
445.0,37191.0,TCP,0.0,1.0,108.0,0,192,168,100,5,192,168,220,7
59455.0,80.0,TCP,0.004,5.0,479.0,1,192,168,220,16,192,168,100,6
59073.0,80.0,TCP,0.004,5.0,479.0,1,192,168,220,16,192,168,100,6
57073.0,80.0,TCP,0.004,5.0,479.0,1,192,168,220,16,192,168,100,6
445.0,37191.0,TCP,0.0,1.0,108.0,0,192,168,100,5,192,168,220,7
60963.0,80.0,TCP,0.003,5.0,479.0,1,192,168,220,16,192,168,100,6
445.0,37884.0,TCP,0.0,1.0,108.0,0,192,168,100,5,192,168,220,9
58844.0,445.0,TCP,0.002,2.0,174.0,0,192,168,220,16,192,168,100,5
59451.0,80.0,TCP,0.005,5.0,479.0,1,192,168,220,16,192,168,100,6
445.0,51146.0,TCP,0.0,1.0,108.0,0,192,168,100,5,192,168,220,5
60429.0,80.0,TCP,0.006,6.0,545.0,1,192,168,220,16,192,168,100,6
57902.0,80.0,TCP,0.006,5.0,479.0,1,192,168,220,16,192,168,100,6
445.0,40239.0,TCP,0.0,1.0,108.0,0,192,168,100,5,192,168,220,10
43183.0,445.0,TCP,0.005,2.0,174.0,0,192,168,200,4,192,168,100,5
51357.0,500.0,TCP,0.0,1.0,58.0,1,192,168,220,16,192,168,200,1
37191.0,445.0,TCP,0.002,2.0,174.0,0,192,168,220,7,192,168,100,5
137.0,137.0,UDP,0.0,1.0,92.0,0,192,168,220,13,192,168,220,255
52321.0,445.0,TCP,0.0,1.0,66.0,0,192,168,220,14,192,168,100,5
51357.0,514.0,TCP,0.0,1.0,58.0,1,192,168,220,16,192,168,200,3
59527.0,80.0,TCP,0.003,5.0,479.0,1,192,168,220,16,192,168,100,6
33777.0,80.0,TCP,0.002,6.0,545.0,1,192,168,220,16,192,168,100,6
37884.0,445.0,TCP,0.005,2.0,174.0,0,192,168,220,9,192,168,100,5
51431.0,25.0,TCP,0.0,1.0,58.0,1,192,168,220,16,192,168,200,4
58423.0,80.0,TCP,0.005,5.0,479.0,1,192,168,220,16,192,168,100,6
445.0,43145.0,TCP,0.0,1.0,108.0,0,192,168,100,5,192,168,220,4
59869.0,80.0,TCP,0.006,5.0,479.0,1,192,168,220,16,192,168,100,6
40239.0,445.0,TCP,0.002,2.0,174.0,0,192,168,220,10,192,168,100,5
55720.0,80.0,TCP,0.006,5.0,479.0,1,192,168,220,16,192,168,100,6
59820.0,80.0,TCP,0.003,5.0,479.0,1,192,168,220,16,192,168,100,6
55892.0,80.0,TCP,0.004,6.0,545.0,1,192,168,220,16,192,168,100,6
445.0,49094.0,TCP,0.0,1.0,108.0,0,192,168,100,5,192,168,220,8
445.0,34743.0,TCP,0.0,1.0,108.0,0,192,168,100,5,192,168,220,11
51357.0,7004.0,TCP,0.0,1.0,58.0,1,192,168,220,16,192,168,200,2
445.0,46808.0,TCP,0.0,1.0,108.0,0,192,168,100,5,192,168,200,5
57861.0,80.0,TCP,0.005,5.0,479.0,1,192,168,220,16,192,168,100,6
43145.0,445.0,TCP,0.003,2.0,174.0,0,192,168,220,4,192,168,100,5
59056.0,80.0,TCP,0.006,6.0,545.0,1,192,168,220,16,192,168,100,6
57731.0,80.0,TCP,0.004,5.0,479.0,1,192,168,220,16,192,168,100,6
59074.0,80.0,TCP,0.004,5.0,479.0,1,192,168,220,16,192,168,100,6
46755.0,3389.0,TCP,0.0,2.0,112.0,1,192,168,220,16,192,168,210,1
57422.0,80.0,TCP,0.002,6.0,545.0,1,192,168,220,16,192,168,100,6
445.0,48888.0,TCP,0.0,1.0,108.0,0,192,168,100,5,192,168,220,15
58455.0,80.0,TCP,0.003,5.0,479.0,1,192,168,220,16,192,168,100,6
36893.0,80.0,TCP,0.006,5.0,479.0,1,192,168,220,16,192,168,100,6
445.0,37884.0,TCP,0.0,1.0,108.0,0,192,168,100,5,192,168,220,9
445.0,51146.0,TCP,0.0,1.0,108.0,0,192,168,100,5,192,168,220,5
445.0,52321.0,TCP,0.0,1.0,108.0,0,192,168,100,5,192,168,220,14
56900.0,80.0,TCP,0.005,5.0,479.0,1,192,168,220,16,192,168,100,6
48888.0,445.0,TCP,0.004,2.0,174.0,0,192,168,220,15,192,168,100,5
51146.0,445.0,TCP,0.003,2.0,174.0,0,192,168,220,5,192,168,100,5
137.0,137.0,UDP,0.0,1.0,92.0,0,192,168,220,12,192,168,220,255
60451.0,80.0,TCP,0.006,5.0,479.0,1,192,168,220,16,192,168,100,6
445.0,37191.0,TCP,0.0,1.0,108.0,0,192,168,100,5,192,168,220,7
55682.0,80.0,TCP,0.006,6.0,545.0,1,192,168,220,16,192,168,100,6
59987.0,80.0,TCP,0.004,5.0,479.0,1,192,168,220,16,192,168,100,6
56533.0,80.0,TCP,0.004,5.0,479.0,1,192,168,220,16,192,168,100,6
46709.0,445.0,TCP,0.005,2.0,174.0,0,192,168,220,6,192,168,100,5
59913.0,80.0,TCP,0.006,5.0,479.0,1,192,168,220,16,192,168,100,6
60689.0,445.0,TCP,0.002,2.0,174.0,0,192,168,220,13,192,168,100,5
445.0,52321.0,TCP,0.0,1.0,108.0,0,192,168,100,5,192,168,220,14
58942.0,80.0,TCP,0.003,6.0,545.0,1,192,168,220,16,192,168,100,6
55727.0,80.0,TCP,0.006,6.0,545.0,1,192,168,220,16,192,168,100,6
60689.0,445.0,TCP,0.004,2.0,174.0,0,192,168,220,13,192,168,100,5
445.0,37884.0,TCP,0.0,1.0,108.0,0,192,168,100,5,192,168,220,9
445.0,49511.0,TCP,0.0,1.0,108.0,0,192,168,100,5,192,168,220,12
37191.0,445.0,TCP,0.003,2.0,174.0,0,192,168,220,7,192,168,100,5
59383.0,80.0,TCP,0.004,5.0,479.0,1,192,168,220,16,192,168,100,6
57857.0,80.0,TCP,0.006,5.0,479.0,1,192,168,220,16,192,168,100,6
58319.0,80.0,TCP,0.006,6.0,545.0,1,192,168,220,16,192,168,100,6
445.0,58844.0,TCP,0.0,1.0,108.0,0,192,168,100,5,192,168,220,16
46709.0,445.0,TCP,0.001,2.0,174.0,0,192,168,220,6,192,168,100,5
49094.0,445.0,TCP,0.003,2.0,174.0,0,192,168,220,8,192,168,100,5
137.0,137.0,UDP,0.0,1.0,92.0,0,192,168,220,7,192,168,220,255
60349.0,80.0,TCP,0.003,5.0,479.0,1,192,168,220,16,192,168,100,6
58844.0,445.0,TCP,0.002,2.0,174.0,0,192,168,220,16,192,168,100,5
445.0,34743.0,TCP,0.0,1.0,108.0,0,192,168,100,5,192,168,220,11
48888.0,445.0,TCP,0.003,2.0,174.0,0,192,168,220,15,192,168,100,5
57956.0,80.0,TCP,0.003,6.0,545.0,1,192,168,220,16,192,168,100,6
60569.0,80.0,TCP,0.004,5.0,479.0,1,192,168,220,16,192,168,100,6
59920.0,80.0,TCP,0.005,5.0,479.0,1,192,168,220,16,192,168,100,6
37884.0,445.0,TCP,0.002,2.0,174.0,0,192,168,220,9,192,168,100,5
46808.0,445.0,TCP,0.001,2.0,174.0,0,192,168,200,5,192,168,100,5
58894.0,80.0,TCP,0.006,5.0,479.0,1,192,168,220,16,192,168,100,6
57867.0,80.0,TCP,0.002,5.0,479.0,1,192,168,220,16,192,168,100,6
58984.0,80.0,TCP,0.004,6.0,545.0,1,192,168,220,16,192,168,100,6
445.0,60689.0,TCP,0.0,1.0,108.0,0,192,168,100,5,192,168,220,13
37191.0,445.0,TCP,0.005,2.0,174.0,0,192,168,220,7,192,168,100,5
445.0,58844.0,TCP,0.0,1.0,108.0,0,192,168,100,5,192,168,220,16
33135.0,80.0,TCP,0.002,5.0,479.0,1,192,168,220,16,192,168,100,6
445.0,49511.0,TCP,0.0,1.0,108.0,0,192,168,100,5,192,168,220,12
58397.0,80.0,TCP,0.006,5.0,479.0,1,192,168,220,16,192,168,100,6
58424.0,80.0,TCP,0.004,6.0,545.0,1,192,168,220,16,192,168,100,6
445.0,46808.0,TCP,0.0,1.0,108.0,0,192,168,100,5,192,168,200,5
445.0,43145.0,TCP,0.0,1.0,108.0,0,192,168,100,5,192,168,220,4
59143.0,80.0,TCP,0.005,6.0,545.0,1,192,168,220,16,192,168,100,6
37884.0,445.0,TCP,0.0,1.0,66.0,0,192,168,220,9,192,168,100,5
445.0,43145.0,TCP,0.0,1.0,108.0,0,192,168,100,5,192,168,220,4
445.0,37191.0,TCP,0.0,1.0,108.0,0,192,168,100,5,192,168,220,7
58844.0,445.0,TCP,0.001,2.0,174.0,0,192,168,220,16,192,168,100,5
43145.0,445.0,TCP,0.0,1.0,66.0,0,192,168,220,4,192,168,100,5
445.0,60689.0,TCP,0.0,1.0,70.0,0,192,168,100,5,192,168,220,13
445.0,43145.0,TCP,0.0,1.0,108.0,0,192,168,100,5,192,168,220,4
58813.0,80.0,TCP,0.004,6.0,545.0,1,192,168,220,16,192,168,100,6
36309.0,80.0,TCP,0.004,5.0,479.0,1,192,168,220,16,192,168,100,6
137.0,137.0,UDP,0.0,1.0,92.0,0,192,168,220,9,192,168,220,255
59053.0,80.0,TCP,0.005,5.0,479.0,1,192,168,220,16,192,168,100,6
56702.0,80.0,TCP,0.004,5.0,479.0,1,192,168,220,16,192,168,100,6
445.0,37884.0,TCP,0.0,1.0,108.0,0,192,168,100,5,192,168,220,9
43145.0,445.0,TCP,0.004,2.0,174.0,0,192,168,220,4,192,168,100,5
445.0,37884.0,TCP,0.0,1.0,108.0,0,192,168,100,5,192,168,220,9
60773.0,80.0,TCP,0.005,5.0,479.0,1,192,168,220,16,192,168,100,6
37019.0,80.0,TCP,0.004,5.0,479.0,1,192,168,220,16,192,168,100,6
445.0,34743.0,TCP,0.0,1.0,108.0,0,192,168,100,5,192,168,220,11
445.0,52321.0,TCP,0.0,1.0,108.0,0,192,168,100,5,192,168,220,14
46808.0,445.0,TCP,0.001,2.0,174.0,0,192,168,200,5,192,168,100,5
445.0,37884.0,TCP,0.0,1.0,108.0,0,192,168,100,5,192,168,220,9
445.0,34743.0,TCP,0.0,1.0,108.0,0,192,168,100,5,192,168,220,11
59988.0,80.0,TCP,0.004,6.0,545.0,1,192,168,220,16,192,168,100,6
60689.0,445.0,TCP,0.001,2.0,174.0,0,192,168,220,13,192,168,100,5
445.0,58844.0,TCP,0.0,1.0,108.0,0,192,168,100,5,192,168,220,16
57936.0,80.0,TCP,0.006,5.0,479.0,1,192,168,220,16,192,168,100,6
58666.0,80.0,TCP,0.003,5.0,479.0,1,192,168,220,16,192,168,100,6
445.0,34743.0,TCP,0.0,1.0,108.0,0,192,168,100,5,192,168,220,11
59536.0,80.0,TCP,0.004,5.0,479.0,1,192,168,220,16,192,168,100,6
60689.0,445.0,TCP,0.002,2.0,174.0,0,192,168,220,13,192,168,100,5
137.0,137.0,UDP,0.0,1.0,92.0,0,192,168,220,3,192,168,220,255
58844.0,445.0,TCP,0.0,1.0,66.0,1,192,168,220,16,192,168,100,5
51146.0,445.0,TCP,0.004,2.0,174.0,0,192,168,220,5,192,168,100,5
445.0,49511.0,TCP,0.0,1.0,108.0,0,192,168,100,5,192,168,220,12
51472.0,25.0,TCP,0.0,1.0,58.0,1,192,168,220,16,192,168,200,2
445.0,58844.0,TCP,0.0,1.0,108.0,0,192,168,100,5,192,168,220,16
445.0,40239.0,TCP,0.0,1.0,70.0,0,192,168,100,5,192,168,220,10
32776.0,80.0,TCP,0.004,5.0,479.0,1,192,168,220,16,192,168,100,6
51357.0,16001.0,TCP,0.0,1.0,58.0,1,192,168,220,16,192,168,200,3
445.0,40239.0,TCP,0.0,1.0,108.0,0,192,168,100,5,192,168,220,10
43145.0,445.0,TCP,0.003,2.0,174.0,0,192,168,220,4,192,168,100,5
57864.0,80.0,TCP,0.003,5.0,479.0,1,192,168,220,16,192,168,100,6
445.0,60689.0,TCP,0.0,1.0,108.0,0,192,168,100,5,192,168,220,13
46709.0,445.0,TCP,0.003,2.0,174.0,0,192,168,220,6,192,168,100,5
59096.0,80.0,TCP,0.003,5.0,479.0,1,192,168,220,16,192,168,100,6
445.0,48888.0,TCP,0.0,1.0,108.0,0,192,168,100,5,192,168,220,15
37191.0,445.0,TCP,0.006,2.0,174.0,0,192,168,220,7,192,168,100,5
57840.0,80.0,TCP,0.003,6.0,545.0,1,192,168,220,16,192,168,100,6
60637.0,80.0,TCP,0.004,5.0,479.0,1,192,168,220,16,192,168,100,6
40239.0,445.0,TCP,0.002,2.0,174.0,0,192,168,220,10,192,168,100,5
43183.0,445.0,TCP,0.003,2.0,174.0,0,192,168,200,4,192,168,100,5
445.0,49094.0,TCP,0.0,1.0,108.0,0,192,168,100,5,192,168,220,8
58242.0,80.0,TCP,0.004,5.0,479.0,1,192,168,220,16,192,168,100,6
445.0,37191.0,TCP,0.0,1.0,108.0,0,192,168,100,5,192,168,220,7
445.0,60689.0,TCP,0.0,1.0,108.0,0,192,168,100,5,192,168,220,13
49511.0,445.0,TCP,0.001,2.0,174.0,0,192,168,220,12,192,168,100,5
55775.0,80.0,TCP,0.002,6.0,545.0,1,192,168,220,16,192,168,100,6
33000.0,80.0,TCP,0.004,5.0,479.0,1,192,168,220,16,192,168,100,6
43145.0,445.0,TCP,0.001,2.0,174.0,0,192,168,220,4,192,168,100,5
60528.0,80.0,TCP,0.008,6.0,545.0,1,192,168,220,16,192,168,100,6
51357.0,514.0,TCP,0.0,1.0,58.0,1,192,168,220,16,192,168,200,3
59824.0,80.0,TCP,0.005,5.0,479.0,1,192,168,220,16,192,168,100,6
58468.0,80.0,TCP,0.003,5.0,479.0,1,192,168,220,16,192,168,100,6
445.0,43145.0,TCP,0.0,1.0,70.0,0,192,168,100,5,192,168,220,4
48888.0,445.0,TCP,0.004,2.0,174.0,0,192,168,220,15,192,168,100,5
60751.0,80.0,TCP,0.002,6.0,545.0,1,192,168,220,16,192,168,100,6
445.0,48888.0,TCP,0.0,1.0,108.0,0,192,168,100,5,192,168,220,15
58919.0,80.0,TCP,0.005,5.0,479.0,1,192,168,220,16,192,168,100,6
445.0,58844.0,TCP,0.0,1.0,108.0,0,192,168,100,5,192,168,220,16
51358.0,49157.0,TCP,0.0,1.0,58.0,1,192,168,220,16,192,168,200,9
138.0,138.0,UDP,0.0,1.0,262.0,0,192,168,220,13,192,168,220,255
59071.0,80.0,TCP,0.003,5.0,479.0,1,192,168,220,16,192,168,100,6
46709.0,445.0,TCP,0.0,1.0,66.0,0,192,168,220,6,192,168,100,5
60689.0,445.0,TCP,0.004,2.0,174.0,0,192,168,220,13,192,168,100,5
445.0,49094.0,TCP,0.0,1.0,108.0,0,192,168,100,5,192,168,220,8
60331.0,80.0,TCP,0.004,6.0,545.0,1,192,168,220,16,192,168,100,6
445.0,49511.0,TCP,0.0,1.0,108.0,0,192,168,100,5,192,168,220,12
59268.0,80.0,TCP,0.004,5.0,479.0,1,192,168,220,16,192,168,100,6
51440.0,3389.0,TCP,0.005,2.0,112.0,1,192,168,220,16,192,168,200,8
57732.0,80.0,TCP,0.002,6.0,545.0,1,192,168,220,16,192,168,100,6
58804.0,80.0,TCP,0.006,5.0,479.0,1,192,168,220,16,192,168,100,6
445.0,60689.0,TCP,0.0,1.0,108.0,0,192,168,100,5,192,168,220,13
445.0,34743.0,TCP,0.0,1.0,108.0,0,192,168,100,5,192,168,220,11
58524.0,80.0,TCP,0.004,5.0,479.0,1,192,168,220,16,192,168,100,6
48888.0,445.0,TCP,0.001,2.0,174.0,0,192,168,220,15,192,168,100,5
46808.0,445.0,TCP,0.001,2.0,174.0,0,192,168,200,5,192,168,100,5
445.0,58844.0,TCP,0.0,1.0,70.0,0,192,168,100,5,192,168,220,16
51357.0,1071.0,TCP,0.0,1.0,58.0,1,192,168,220,16,192,168,200,1
445.0,60689.0,TCP,0.0,1.0,108.0,0,192,168,100,5,192,168,220,13
445.0,34743.0,TCP,0.0,1.0,108.0,0,192,168,100,5,192,168,220,11
138.0,138.0,UDP,0.0,1.0,262.0,0,192,168,220,4,192,168,220,255
60529.0,80.0,TCP,0.005,5.0,479.0,1,192,168,220,16,192,168,100,6
58931.0,80.0,TCP,0.006,5.0,479.0,1,192,168,220,16,192,168,100,6
57906.0,80.0,TCP,0.001,5.0,479.0,1,192,168,220,16,192,168,100,6
51146.0,445.0,TCP,0.004,2.0,174.0,0,192,168,220,5,192,168,100,5
59455.0,80.0,TCP,0.005,5.0,479.0,1,192,168,220,16,192,168,100,6
37884.0,445.0,TCP,0.002,2.0,174.0,0,192,168,220,9,192,168,100,5
52321.0,445.0,TCP,0.002,2.0,174.0,0,192,168,220,14,192,168,100,5
36576.0,80.0,TCP,0.004,5.0,479.0,1,192,168,220,16,192,168,100,6
55737.0,80.0,TCP,0.004,5.0,479.0,1,192,168,220,16,192,168,100,6
35607.0,80.0,TCP,0.004,5.0,479.0,1,192,168,220,16,192,168,100,6
137.0,137.0,UDP,0.0,1.0,92.0,0,192,168,200,5,192,168,200,255
59834.0,80.0,TCP,0.004,5.0,479.0,1,192,168,220,16,192,168,100,6
32801.0,80.0,TCP,0.004,5.0,479.0,1,192,168,220,16,192,168,100,6
33838.0,80.0,TCP,0.004,5.0,479.0,1,192,168,220,16,192,168,100,6
445.0,58844.0,TCP,0.0,1.0,108.0,0,192,168,100,5,192,168,220,16
57948.0,80.0,TCP,0.005,5.0,479.0,1,192,168,220,16,192,168,100,6
59094.0,80.0,TCP,0.004,6.0,545.0,1,192,168,220,16,192,168,100,6
40239.0,445.0,TCP,0.004,2.0,174.0,0,192,168,220,10,192,168,100,5
138.0,138.0,UDP,0.0,1.0,262.0,0,192,168,220,12,192,168,220,255
51146.0,445.0,TCP,0.0,1.0,66.0,0,192,168,220,5,192,168,100,5
445.0,46808.0,TCP,0.0,1.0,108.0,0,192,168,100,5,192,168,200,5
137.0,137.0,UDP,0.0,1.0,92.0,0,192,168,220,9,192,168,220,255
51357.0,3801.0,TCP,0.0,1.0,58.0,1,192,168,220,16,192,168,200,9
48888.0,445.0,TCP,0.004,2.0,174.0,0,192,168,220,15,192,168,100,5
56873.0,80.0,TCP,0.006,6.0,545.0,1,192,168,220,16,192,168,100,6
137.0,137.0,UDP,0.0,1.0,92.0,0,192,168,220,14,192,168,220,255
34295.0,80.0,TCP,0.004,5.0,479.0,1,192,168,220,16,192,168,100,6
58379.0,80.0,TCP,0.004,5.0,479.0,1,192,168,220,16,192,168,100,6
445.0,51146.0,TCP,0.0,1.0,108.0,0,192,168,100,5,192,168,220,5
58844.0,445.0,TCP,0.002,2.0,174.0,0,192,168,220,16,192,168,100,5
57826.0,80.0,TCP,0.006,5.0,479.0,1,192,168,220,16,192,168,100,6
60689.0,80.0,TCP,0.004,5.0,479.0,1,192,168,220,16,192,168,100,6
60738.0,80.0,TCP,0.005,6.0,545.0,1,192,168,220,16,192,168,100,6
56946.0,80.0,TCP,0.006,5.0,479.0,1,192,168,220,16,192,168,100,6
35682.0,80.0,TCP,0.005,5.0,479.0,1,192,168,220,16,192,168,100,6
33170.0,80.0,TCP,0.004,5.0,479.0,1,192,168,220,16,192,168,100,6
58520.0,80.0,TCP,0.005,6.0,545.0,1,192,168,220,16,192,168,100,6
137.0,137.0,UDP,0.0,1.0,92.0,0,192,168,220,9,192,168,220,255
36540.0,80.0,TCP,0.005,5.0,479.0,1,192,168,220,16,192,168,100,6
58926.0,80.0,TCP,0.005,5.0,479.0,1,192,168,220,16,192,168,100,6
51146.0,445.0,TCP,0.004,2.0,174.0,0,192,168,220,5,192,168,100,5
59868.0,80.0,TCP,0.005,5.0,479.0,1,192,168,220,16,192,168,100,6
445.0,49094.0,TCP,0.0,1.0,70.0,0,192,168,100,5,192,168,220,8
59349.0,80.0,TCP,0.002,6.0,545.0,1,192,168,220,16,192,168,100,6
57813.0,80.0,TCP,0.003,6.0,545.0,1,192,168,220,16,192,168,100,6
35199.0,80.0,TCP,0.004,5.0,479.0,1,192,168,220,16,192,168,100,6
59936.0,80.0,TCP,0.004,5.0,479.0,1,192,168,220,16,192,168,100,6
43183.0,445.0,TCP,0.001,2.0,174.0,0,192,168,200,4,192,168,100,5
59166.0,80.0,TCP,0.0069999999999999,5.0,479.0,1,192,168,220,16,192,168,100,6
48888.0,445.0,TCP,0.004,2.0,174.0,0,192,168,220,15,192,168,100,5
35271.0,80.0,TCP,0.004,5.0,479.0,1,192,168,220,16,192,168,100,6
137.0,137.0,UDP,0.0,1.0,92.0,0,192,168,200,4,192,168,200,255
51357.0,1037.0,TCP,0.0,1.0,58.0,1,192,168,220,16,192,168,200,9
445.0,49094.0,TCP,0.0,1.0,108.0,0,192,168,100,5,192,168,220,8
49511.0,445.0,TCP,0.001,2.0,174.0,0,192,168,220,12,192,168,100,5
51357.0,8.0,TCP,0.0,1.0,58.0,1,192,168,220,16,192,168,200,4
445.0,46709.0,TCP,0.0,1.0,108.0,0,192,168,100,5,192,168,220,6
59916.0,80.0,TCP,0.006,5.0,479.0,1,192,168,220,16,192,168,100,6
46709.0,445.0,TCP,0.002,2.0,174.0,0,192,168,220,6,192,168,100,5
37884.0,445.0,TCP,0.003,2.0,174.0,0,192,168,220,9,192,168,100,5
137.0,137.0,UDP,0.0,1.0,92.0,0,192,168,220,6,192,168,220,255
36944.0,80.0,TCP,0.002,5.0,479.0,1,192,168,220,16,192,168,100,6
57765.0,80.0,TCP,0.006,6.0,545.0,1,192,168,220,16,192,168,100,6
48888.0,445.0,TCP,0.005,2.0,174.0,0,192,168,220,15,192,168,100,5
56876.0,80.0,TCP,0.002,6.0,545.0,1,192,168,220,16,192,168,100,6
59434.0,80.0,TCP,0.006,5.0,479.0,1,192,168,220,16,192,168,100,6
51146.0,445.0,TCP,0.0,1.0,66.0,0,192,168,220,5,192,168,100,5
445.0,48888.0,TCP,0.0,1.0,108.0,0,192,168,100,5,192,168,220,15
445.0,43145.0,TCP,0.0,1.0,108.0,0,192,168,100,5,192,168,220,4
445.0,60689.0,TCP,0.0,1.0,70.0,0,192,168,100,5,192,168,220,13
34743.0,445.0,TCP,0.002,2.0,174.0,0,192,168,220,11,192,168,100,5
57296.0,80.0,TCP,0.006,6.0,545.0,1,192,168,220,16,192,168,100,6
445.0,52321.0,TCP,0.0,1.0,108.0,0,192,168,100,5,192,168,220,14
48888.0,445.0,TCP,0.004,2.0,174.0,0,192,168,220,15,192,168,100,5
46808.0,445.0,TCP,0.004,2.0,174.0,0,192,168,200,5,192,168,100,5
57724.0,80.0,TCP,0.003,5.0,479.0,1,192,168,220,16,192,168,100,6
445.0,43183.0,TCP,0.0,1.0,108.0,0,192,168,100,5,192,168,200,4
56613.0,80.0,TCP,0.003,5.0,479.0,1,192,168,220,16,192,168,100,6
56415.0,80.0,TCP,0.004,6.0,545.0,1,192,168,220,16,192,168,100,6
60675.0,80.0,TCP,0.005,5.0,479.0,1,192,168,220,16,192,168,100,6
59633.0,80.0,TCP,0.006,6.0,545.0,1,192,168,220,16,192,168,100,6
445.0,43183.0,TCP,0.0,1.0,108.0,0,192,168,100,5,192,168,200,4
46808.0,445.0,TCP,0.0,1.0,66.0,0,192,168,200,5,192,168,100,5
445.0,40239.0,TCP,0.0,1.0,70.0,0,192,168,100,5,192,168,220,10
37884.0,445.0,TCP,0.002,2.0,174.0,0,192,168,220,9,192,168,100,5
445.0,58844.0,TCP,0.0,1.0,108.0,0,192,168,100,5,192,168,220,16
34743.0,445.0,TCP,0.003,2.0,174.0,0,192,168,220,11,192,168,100,5
58333.0,80.0,TCP,0.003,5.0,479.0,1,192,168,220,16,192,168,100,6
445.0,37884.0,TCP,0.0,1.0,108.0,0,192,168,100,5,192,168,220,9
34241.0,80.0,TCP,0.003,5.0,479.0,1,192,168,220,16,192,168,100,6
137.0,137.0,UDP,0.0,1.0,92.0,0,192,168,220,15,192,168,220,255
445.0,43145.0,TCP,0.0,1.0,108.0,0,192,168,100,5,192,168,220,4
43145.0,445.0,TCP,0.002,2.0,174.0,0,192,168,220,4,192,168,100,5
58568.0,80.0,TCP,0.002,5.0,479.0,1,192,168,220,16,192,168,100,6
59826.0,80.0,TCP,0.004,5.0,479.0,1,192,168,220,16,192,168,100,6
51146.0,445.0,TCP,0.005,2.0,174.0,0,192,168,220,5,192,168,100,5
33283.0,80.0,TCP,0.004,5.0,479.0,1,192,168,220,16,192,168,100,6
43145.0,445.0,TCP,0.005,2.0,174.0,0,192,168,220,4,192,168,100,5
46709.0,445.0,TCP,0.0,1.0,66.0,0,192,168,220,6,192,168,100,5
59094.0,80.0,TCP,0.001,5.0,479.0,1,192,168,220,16,192,168,100,6
445.0,46808.0,TCP,0.0,1.0,108.0,0,192,168,100,5,192,168,200,5
37998.0,80.0,TCP,0.001,6.0,545.0,1,192,168,220,16,192,168,100,6
36198.0,80.0,TCP,0.003,5.0,479.0,1,192,168,220,16,192,168,100,6
51357.0,1287.0,TCP,0.0,1.0,58.0,1,192,168,220,16,192,168,200,4
445.0,40239.0,TCP,0.0,1.0,108.0,0,192,168,100,5,192,168,220,10
51146.0,445.0,TCP,0.004,2.0,174.0,0,192,168,220,5,192,168,100,5
35751.0,80.0,TCP,0.005,5.0,479.0,1,192,168,220,16,192,168,100,6
445.0,58844.0,TCP,0.0,1.0,108.0,0,192,168,100,5,192,168,220,16
137.0,137.0,UDP,0.0,1.0,92.0,0,192,168,220,14,192,168,220,255
58890.0,80.0,TCP,0.005,5.0,479.0,1,192,168,220,16,192,168,100,6
445.0,43183.0,TCP,0.0,1.0,108.0,0,192,168,100,5,192,168,200,4
51358.0,32786.0,TCP,0.0,1.0,58.0,1,192,168,220,16,192,168,200,9
51146.0,445.0,TCP,0.004,2.0,174.0,0,192,168,220,5,192,168,100,5
445.0,48888.0,TCP,0.0,1.0,108.0,0,192,168,100,5,192,168,220,15
36252.0,80.0,TCP,0.002,5.0,479.0,1,192,168,220,16,192,168,100,6
445.0,46709.0,TCP,0.0,1.0,108.0,0,192,168,100,5,192,168,220,6
59316.0,80.0,TCP,0.005,6.0,545.0,1,192,168,220,16,192,168,100,6
51357.0,6567.0,TCP,0.0,1.0,58.0,1,192,168,220,16,192,168,200,5
58372.0,80.0,TCP,0.002,5.0,479.0,1,192,168,220,16,192,168,100,6
445.0,49094.0,TCP,0.0,1.0,108.0,0,192,168,100,5,192,168,220,8
445.0,34743.0,TCP,0.0,1.0,108.0,0,192,168,100,5,192,168,220,11
59034.0,80.0,TCP,0.003,6.0,545.0,1,192,168,220,16,192,168,100,6
56681.0,80.0,TCP,0.003,5.0,479.0,1,192,168,220,16,192,168,100,6
34743.0,445.0,TCP,0.001,2.0,174.0,0,192,168,220,11,192,168,100,5
58844.0,445.0,TCP,0.003,2.0,174.0,0,192,168,220,16,192,168,100,5
59449.0,80.0,TCP,0.004,6.0,545.0,1,192,168,220,16,192,168,100,6
445.0,34743.0,TCP,0.0,1.0,108.0,0,192,168,100,5,192,168,220,11
40239.0,445.0,TCP,0.005,2.0,174.0,0,192,168,220,10,192,168,100,5
445.0,46709.0,TCP,0.0,1.0,108.0,0,192,168,100,5,192,168,220,6
36753.0,80.0,TCP,0.0069999999999999,5.0,479.0,1,192,168,220,16,192,168,100,6
445.0,51146.0,TCP,0.0,1.0,108.0,0,192,168,100,5,192,168,220,5
51357.0,1287.0,TCP,0.0,1.0,58.0,1,192,168,220,16,192,168,200,2
49511.0,445.0,TCP,0.002,2.0,174.0,0,192,168,220,12,192,168,100,5
445.0,37191.0,TCP,0.0,1.0,108.0,0,192,168,100,5,192,168,220,7
51357.0,4176.0,TCP,0.0,1.0,58.0,1,192,168,220,16,192,168,200,8
33669.0,80.0,TCP,0.006,5.0,479.0,1,192,168,220,16,192,168,100,6
35397.0,80.0,TCP,0.005,5.0,479.0,1,192,168,220,16,192,168,100,6
445.0,40239.0,TCP,0.0,1.0,108.0,0,192,168,100,5,192,168,220,10
51357.0,548.0,TCP,0.0,1.0,58.0,1,192,168,220,16,192,168,200,3
60183.0,80.0,TCP,0.006,5.0,479.0,1,192,168,220,16,192,168,100,6
48888.0,445.0,TCP,0.002,2.0,174.0,0,192,168,220,15,192,168,100,5
46709.0,445.0,TCP,0.002,2.0,174.0,0,192,168,220,6,192,168,100,5
445.0,51146.0,TCP,0.0,1.0,70.0,0,192,168,100,5,192,168,220,5
59963.0,80.0,TCP,0.005,6.0,545.0,1,192,168,220,16,192,168,100,6
445.0,40239.0,TCP,0.0,1.0,108.0,0,192,168,100,5,192,168,220,10
40239.0,445.0,TCP,0.002,2.0,174.0,0,192,168,220,10,192,168,100,5
37884.0,445.0,TCP,0.003,2.0,174.0,0,192,168,220,9,192,168,100,5
51357.0,1090.0,TCP,0.0,1.0,58.0,1,192,168,220,16,192,168,200,5
60689.0,445.0,TCP,0.002,2.0,174.0,0,192,168,220,13,192,168,100,5
59076.0,80.0,TCP,0.002,5.0,479.0,1,192,168,220,16,192,168,100,6
43145.0,445.0,TCP,0.005,2.0,174.0,0,192,168,220,4,192,168,100,5
51357.0,8500.0,TCP,0.0,1.0,58.0,1,192,168,220,16,192,168,200,8
58666.0,80.0,TCP,0.005,5.0,479.0,1,192,168,220,16,192,168,100,6
49511.0,445.0,TCP,0.003,2.0,174.0,0,192,168,220,12,192,168,100,5
51146.0,445.0,TCP,0.001,2.0,174.0,0,192,168,220,5,192,168,100,5
51357.0,2161.0,TCP,0.0,1.0,58.0,1,192,168,220,16,192,168,200,1
445.0,51146.0,TCP,0.0,1.0,108.0,0,192,168,100,5,192,168,220,5
48888.0,445.0,TCP,0.004,2.0,174.0,0,192,168,220,15,192,168,100,5
60622.0,80.0,TCP,0.005,5.0,479.0,1,192,168,220,16,192,168,100,6
51357.0,5003.0,TCP,0.0,1.0,58.0,1,192,168,220,16,192,168,200,8
59518.0,80.0,TCP,0.006,5.0,479.0,1,192,168,220,16,192,168,100,6
51146.0,445.0,TCP,0.0,1.0,66.0,0,192,168,220,5,192,168,100,5
60689.0,445.0,TCP,0.003,2.0,174.0,0,192,168,220,13,192,168,100,5
445.0,51146.0,TCP,0.0,1.0,108.0,0,192,168,100,5,192,168,220,5
37884.0,445.0,TCP,0.002,2.0,174.0,0,192,168,220,9,192,168,100,5
445.0,49511.0,TCP,0.0,1.0,108.0,0,192,168,100,5,192,168,220,12
445.0,43145.0,TCP,0.0,1.0,108.0,0,192,168,100,5,192,168,220,4
58642.0,80.0,TCP,0.004,5.0,479.0,1,192,168,220,16,192,168,100,6
51357.0,4242.0,TCP,0.0,1.0,58.0,1,192,168,220,16,192,168,200,8
59517.0,80.0,TCP,0.008,5.0,479.0,1,192,168,220,16,192,168,100,6
445.0,58844.0,TCP,0.0,1.0,108.0,0,192,168,100,5,192,168,220,16
51357.0,6543.0,TCP,0.0,1.0,58.0,1,192,168,220,16,192,168,200,1
57590.0,80.0,TCP,0.006,6.0,545.0,1,192,168,220,16,192,168,100,6
52321.0,445.0,TCP,0.004,2.0,174.0,0,192,168,220,14,192,168,100,5
34065.0,80.0,TCP,0.005,5.0,479.0,1,192,168,220,16,192,168,100,6
55706.0,80.0,TCP,0.005,6.0,545.0,1,192,168,220,16,192,168,100,6
33421.0,80.0,TCP,0.006,6.0,545.0,1,192,168,220,16,192,168,100,6
445.0,51146.0,TCP,0.0,1.0,108.0,0,192,168,100,5,192,168,220,5
57874.0,80.0,TCP,0.004,5.0,479.0,1,192,168,220,16,192,168,100,6
59421.0,80.0,TCP,0.005,5.0,479.0,1,192,168,220,16,192,168,100,6
37191.0,445.0,TCP,0.003,2.0,174.0,0,192,168,220,7,192,168,100,5
445.0,40239.0,TCP,0.0,1.0,108.0,0,192,168,100,5,192,168,220,10
57732.0,80.0,TCP,0.005,5.0,479.0,1,192,168,220,16,192,168,100,6
43183.0,445.0,TCP,0.002,2.0,174.0,0,192,168,200,4,192,168,100,5
59078.0,80.0,TCP,0.0069999999999999,6.0,545.0,1,192,168,220,16,192,168,100,6
51358.0,5875.0,TCP,0.0,1.0,58.0,1,192,168,220,16,192,168,200,8
445.0,40239.0,TCP,0.0,1.0,108.0,0,192,168,100,5,192,168,220,10
37884.0,445.0,TCP,0.0,2.0,174.0,0,192,168,220,9,192,168,100,5
58926.0,80.0,TCP,0.006,5.0,479.0,1,192,168,220,16,192,168,100,6
58840.0,80.0,TCP,0.003,6.0,545.0,1,192,168,220,16,192,168,100,6
49511.0,445.0,TCP,0.002,2.0,174.0,0,192,168,220,12,192,168,100,5
51357.0,8082.0,TCP,0.0,1.0,58.0,1,192,168,220,16,192,168,200,2
51358.0,5000.0,TCP,0.0,1.0,58.0,1,192,168,220,16,192,168,200,9
59093.0,80.0,TCP,0.005,5.0,479.0,1,192,168,220,16,192,168,100,6
56568.0,80.0,TCP,0.004,5.0,479.0,1,192,168,220,16,192,168,100,6
51358.0,1084.0,TCP,0.0,1.0,58.0,1,192,168,220,16,192,168,200,9
48888.0,445.0,TCP,0.0,1.0,66.0,0,192,168,220,15,192,168,100,5
51357.0,1021.0,TCP,0.0,1.0,58.0,1,192,168,220,16,192,168,200,8
445.0,58844.0,TCP,0.0,1.0,108.0,0,192,168,100,5,192,168,220,16
51357.0,1712.0,TCP,0.0,1.0,58.0,1,192,168,220,16,192,168,200,3
37191.0,445.0,TCP,0.003,2.0,174.0,0,192,168,220,7,192,168,100,5
445.0,43145.0,TCP,0.0,1.0,108.0,0,192,168,100,5,192,168,220,4
445.0,43145.0,TCP,0.0,1.0,108.0,0,192,168,100,5,192,168,220,4
60435.0,80.0,TCP,0.005,5.0,479.0,1,192,168,220,16,192,168,100,6
51357.0,7999.0,TCP,0.0,1.0,58.0,1,192,168,220,16,192,168,200,1
51357.0,2389.0,TCP,0.0,1.0,58.0,1,192,168,220,16,192,168,200,8
49511.0,445.0,TCP,0.002,2.0,174.0,0,192,168,220,12,192,168,100,5
43183.0,445.0,TCP,0.002,2.0,174.0,0,192,168,200,4,192,168,100,5
37884.0,445.0,TCP,0.001,2.0,174.0,0,192,168,220,9,192,168,100,5
43145.0,445.0,TCP,0.005,2.0,174.0,0,192,168,220,4,192,168,100,5
37884.0,445.0,TCP,0.004,2.0,174.0,0,192,168,220,9,192,168,100,5
46808.0,445.0,TCP,0.004,2.0,174.0,0,192,168,200,5,192,168,100,5
58775.0,80.0,TCP,0.004,5.0,479.0,1,192,168,220,16,192,168,100,6
445.0,49094.0,TCP,0.0,1.0,108.0,0,192,168,100,5,192,168,220,8
59954.0,80.0,TCP,0.006,6.0,545.0,1,192,168,220,16,192,168,100,6
58401.0,80.0,TCP,0.005,5.0,479.0,1,192,168,220,16,192,168,100,6
51448.0,25.0,TCP,0.0,1.0,58.0,1,192,168,220,16,192,168,200,4
60689.0,445.0,TCP,0.005,2.0,174.0,0,192,168,220,13,192,168,100,5
58931.0,80.0,TCP,0.004,5.0,479.0,1,192,168,220,16,192,168,100,6
60780.0,80.0,TCP,0.005,5.0,479.0,1,192,168,220,16,192,168,100,6
40239.0,445.0,TCP,0.003,2.0,174.0,0,192,168,220,10,192,168,100,5
51358.0,1106.0,TCP,0.0,1.0,58.0,1,192,168,220,16,192,168,200,8
57283.0,80.0,TCP,0.004,5.0,479.0,1,192,168,220,16,192,168,100,6
57581.0,80.0,TCP,0.005,5.0,479.0,1,192,168,220,16,192,168,100,6
37884.0,445.0,TCP,0.0,1.0,66.0,0,192,168,220,9,192,168,100,5
34533.0,80.0,TCP,0.006,5.0,479.0,1,192,168,220,16,192,168,100,6
445.0,37884.0,TCP,0.0,1.0,108.0,0,192,168,100,5,192,168,220,9
445.0,46808.0,TCP,0.0,1.0,108.0,0,192,168,100,5,192,168,200,5
35997.0,80.0,TCP,0.005,5.0,479.0,1,192,168,220,16,192,168,100,6
51357.0,1066.0,TCP,0.0,1.0,58.0,1,192,168,220,16,192,168,200,2
51146.0,445.0,TCP,0.002,2.0,174.0,0,192,168,220,5,192,168,100,5
445.0,48888.0,TCP,0.0,1.0,108.0,0,192,168,100,5,192,168,220,15
445.0,58844.0,TCP,0.0,1.0,108.0,0,192,168,100,5,192,168,220,16
51357.0,1122.0,TCP,0.0,1.0,58.0,1,192,168,220,16,192,168,200,2
51410.0,25.0,TCP,0.0,1.0,58.0,1,192,168,220,16,192,168,200,5
56069.0,80.0,TCP,0.004,5.0,479.0,1,192,168,220,16,192,168,100,6
46808.0,445.0,TCP,0.002,2.0,174.0,0,192,168,200,5,192,168,100,5
60944.0,80.0,TCP,0.006,5.0,479.0,1,192,168,220,16,192,168,100,6
59171.0,80.0,TCP,0.002,5.0,479.0,1,192,168,220,16,192,168,100,6
445.0,34743.0,TCP,0.0,1.0,108.0,0,192,168,100,5,192,168,220,11
51357.0,5550.0,TCP,0.0,1.0,58.0,1,192,168,220,16,192,168,200,5
56863.0,80.0,TCP,0.005,5.0,479.0,1,192,168,220,16,192,168,100,6
445.0,37884.0,TCP,0.0,1.0,108.0,0,192,168,100,5,192,168,220,9
36805.0,80.0,TCP,0.004,5.0,479.0,1,192,168,220,16,192,168,100,6
58984.0,80.0,TCP,0.005,5.0,479.0,1,192,168,220,16,192,168,100,6
57767.0,80.0,TCP,0.004,5.0,479.0,1,192,168,220,16,192,168,100,6
49094.0,445.0,TCP,0.001,2.0,174.0,0,192,168,220,8,192,168,100,5
137.0,137.0,UDP,0.0,1.0,92.0,0,192,168,200,4,192,168,200,255
56168.0,80.0,TCP,0.005,5.0,479.0,1,192,168,220,16,192,168,100,6
445.0,37191.0,TCP,0.0,1.0,108.0,0,192,168,100,5,192,168,220,7
445.0,58844.0,TCP,0.0,1.0,108.0,0,192,168,100,5,192,168,220,16
34743.0,445.0,TCP,0.004,2.0,174.0,0,192,168,220,11,192,168,100,5
58470.0,80.0,TCP,0.004,6.0,545.0,1,192,168,220,16,192,168,100,6
138.0,138.0,UDP,0.0,1.0,262.0,0,192,168,220,12,192,168,220,255
51357.0,3007.0,TCP,0.0,1.0,58.0,1,192,168,220,16,192,168,200,2
51357.0,51495.0,TCP,0.0,1.0,58.0,1,192,168,220,16,192,168,200,8
445.0,34743.0,TCP,0.0,1.0,108.0,0,192,168,100,5,192,168,220,11
59458.0,80.0,TCP,0.006,6.0,545.0,1,192,168,220,16,192,168,100,6
35035.0,80.0,TCP,0.006,5.0,479.0,1,192,168,220,16,192,168,100,6
57774.0,80.0,TCP,0.005,5.0,479.0,1,192,168,220,16,192,168,100,6
34262.0,80.0,TCP,0.005,5.0,479.0,1,192,168,220,16,192,168,100,6
33372.0,80.0,TCP,0.001,6.0,545.0,1,192,168,220,16,192,168,100,6
57765.0,80.0,TCP,0.006,5.0,479.0,1,192,168,220,16,192,168,100,6
35309.0,80.0,TCP,0.009,5.0,479.0,1,192,168,220,16,192,168,100,6
57720.0,80.0,TCP,0.003,5.0,479.0,1,192,168,220,16,192,168,100,6
33123.0,80.0,TCP,0.003,5.0,479.0,1,192,168,220,16,192,168,100,6
33122.0,80.0,TCP,0.004,5.0,479.0,1,192,168,220,16,192,168,100,6
51357.0,7001.0,TCP,0.0,1.0,58.0,1,192,168,220,16,192,168,200,5
137.0,137.0,UDP,0.0,1.0,92.0,0,192,168,220,4,192,168,220,255
137.0,137.0,UDP,0.0,1.0,92.0,0,192,168,220,7,192,168,220,255
138.0,138.0,UDP,0.0,1.0,262.0,0,192,168,220,7,192,168,220,255
445.0,48888.0,TCP,0.0,1.0,108.0,0,192,168,100,5,192,168,220,15
58813.0,80.0,TCP,0.004,5.0,479.0,1,192,168,220,16,192,168,100,6
34743.0,445.0,TCP,0.004,2.0,174.0,0,192,168,220,11,192,168,100,5
52321.0,445.0,TCP,0.004,2.0,174.0,0,192,168,220,14,192,168,100,5
36740.0,80.0,TCP,0.004,5.0,479.0,1,192,168,220,16,192,168,100,6
35291.0,80.0,TCP,0.006,5.0,479.0,1,192,168,220,16,192,168,100,6
43145.0,445.0,TCP,0.002,2.0,174.0,0,192,168,220,4,192,168,100,5
445.0,58844.0,TCP,0.0,1.0,108.0,0,192,168,100,5,192,168,220,16
46755.0,3389.0,TCP,0.0,1.0,58.0,1,192,168,220,16,192,168,210,1
59125.0,80.0,TCP,0.003,5.0,479.0,1,192,168,220,16,192,168,100,6
445.0,37191.0,TCP,0.0,1.0,108.0,0,192,168,100,5,192,168,220,7
445.0,46808.0,TCP,0.0,1.0,108.0,0,192,168,100,5,192,168,200,5
59271.0,80.0,TCP,0.006,5.0,479.0,1,192,168,220,16,192,168,100,6
57411.0,80.0,TCP,0.006,6.0,545.0,1,192,168,220,16,192,168,100,6
445.0,46709.0,TCP,0.0,1.0,108.0,0,192,168,100,5,192,168,220,6
57227.0,80.0,TCP,0.004,5.0,479.0,1,192,168,220,16,192,168,100,6
33199.0,80.0,TCP,0.006,6.0,545.0,1,192,168,220,16,192,168,100,6
37884.0,445.0,TCP,0.002,2.0,174.0,0,192,168,220,9,192,168,100,5
57795.0,80.0,TCP,0.003,5.0,479.0,1,192,168,220,16,192,168,100,6
58513.0,80.0,TCP,0.005,6.0,545.0,1,192,168,220,16,192,168,100,6
58288.0,80.0,TCP,0.006,5.0,479.0,1,192,168,220,16,192,168,100,6
58086.0,80.0,TCP,0.006,5.0,479.0,1,192,168,220,16,192,168,100,6
58844.0,445.0,TCP,0.004,2.0,174.0,0,192,168,220,16,192,168,100,5
58730.0,80.0,TCP,0.005,5.0,479.0,1,192,168,220,16,192,168,100,6
51358.0,615.0,TCP,0.0,1.0,58.0,1,192,168,220,16,192,168,200,8
445.0,40239.0,TCP,0.0,1.0,70.0,0,192,168,100,5,192,168,220,10
445.0,60689.0,TCP,0.0,1.0,70.0,0,192,168,100,5,192,168,220,13
43145.0,445.0,TCP,0.0,1.0,66.0,0,192,168,220,4,192,168,100,5
445.0,60689.0,TCP,0.0,1.0,108.0,0,192,168,100,5,192,168,220,13
445.0,48888.0,TCP,0.0,1.0,108.0,0,192,168,100,5,192,168,220,15
58844.0,445.0,TCP,0.002,2.0,174.0,0,192,168,220,16,192,168,100,5
445.0,58844.0,TCP,0.0,1.0,108.0,0,192,168,100,5,192,168,220,16
36138.0,80.0,TCP,0.003,5.0,479.0,1,192,168,220,16,192,168,100,6
445.0,40239.0,TCP,0.0,1.0,108.0,0,192,168,100,5,192,168,220,10
49094.0,445.0,TCP,0.003,2.0,174.0,0,192,168,220,8,192,168,100,5
48888.0,445.0,TCP,0.0,1.0,66.0,0,192,168,220,15,192,168,100,5
37884.0,445.0,TCP,0.003,2.0,174.0,0,192,168,220,9,192,168,100,5
445.0,60689.0,TCP,0.0,1.0,108.0,0,192,168,100,5,192,168,220,13
445.0,51146.0,TCP,0.0,1.0,108.0,0,192,168,100,5,192,168,220,5
58740.0,80.0,TCP,0.005,5.0,479.0,1,192,168,220,16,192,168,100,6
37884.0,445.0,TCP,0.005,2.0,174.0,0,192,168,220,9,192,168,100,5
59901.0,80.0,TCP,0.002,6.0,545.0,1,192,168,220,16,192,168,100,6
445.0,51146.0,TCP,0.0,1.0,108.0,0,192,168,100,5,192,168,220,5
49094.0,445.0,TCP,0.003,2.0,174.0,0,192,168,220,8,192,168,100,5
445.0,46808.0,TCP,0.0,1.0,108.0,0,192,168,100,5,192,168,200,5
59754.0,80.0,TCP,0.005,6.0,545.0,1,192,168,220,16,192,168,100,6
43145.0,445.0,TCP,0.003,2.0,174.0,0,192,168,220,4,192,168,100,5
33374.0,80.0,TCP,0.006,5.0,479.0,1,192,168,220,16,192,168,100,6
445.0,37191.0,TCP,0.0,1.0,108.0,0,192,168,100,5,192,168,220,7
57721.0,80.0,TCP,0.003,5.0,479.0,1,192,168,220,16,192,168,100,6
49156.0,80.0,TCP,0.004,2.0,132.0,0,192,168,220,4,192,168,100,6
46709.0,445.0,TCP,0.002,2.0,174.0,0,192,168,220,6,192,168,100,5
5907.0,80.0,TCP,0.005,5.0,479.0,1,192,168,220,16,192,168,100,6
445.0,37191.0,TCP,0.0,1.0,108.0,0,192,168,100,5,192,168,220,7
59997.0,80.0,TCP,0.005,6.0,545.0,1,192,168,220,16,192,168,100,6
49511.0,445.0,TCP,0.002,2.0,174.0,0,192,168,220,12,192,168,100,5
52321.0,445.0,TCP,0.002,2.0,174.0,0,192,168,220,14,192,168,100,5
51357.0,1022.0,TCP,0.0,1.0,58.0,1,192,168,220,16,192,168,200,1
40239.0,445.0,TCP,0.0,2.0,174.0,0,192,168,220,10,192,168,100,5
58350.0,80.0,TCP,0.001,5.0,479.0,1,192,168,220,16,192,168,100,6
37191.0,445.0,TCP,0.004,2.0,174.0,0,192,168,220,7,192,168,100,5
34093.0,80.0,TCP,0.006,6.0,545.0,1,192,168,220,16,192,168,100,6
59111.0,80.0,TCP,0.002,5.0,479.0,1,192,168,220,16,192,168,100,6
56905.0,80.0,TCP,0.006,5.0,479.0,1,192,168,220,16,192,168,100,6
60189.0,80.0,TCP,0.003,5.0,479.0,1,192,168,220,16,192,168,100,6
445.0,34743.0,TCP,0.0,1.0,108.0,0,192,168,100,5,192,168,220,11
445.0,37884.0,TCP,0.0,1.0,108.0,0,192,168,100,5,192,168,220,9
34432.0,80.0,TCP,0.003,5.0,479.0,1,192,168,220,16,192,168,100,6
59564.0,80.0,TCP,0.003,5.0,479.0,1,192,168,220,16,192,168,100,6
58328.0,80.0,TCP,0.006,5.0,479.0,1,192,168,220,16,192,168,100,6
33801.0,80.0,TCP,0.006,5.0,479.0,1,192,168,220,16,192,168,100,6
56728.0,80.0,TCP,0.005,5.0,479.0,1,192,168,220,16,192,168,100,6
60721.0,80.0,TCP,0.006,5.0,479.0,1,192,168,220,16,192,168,100,6
445.0,48888.0,TCP,0.0,1.0,108.0,0,192,168,100,5,192,168,220,15
55648.0,80.0,TCP,0.006,6.0,545.0,1,192,168,220,16,192,168,100,6
46709.0,445.0,TCP,0.004,2.0,174.0,0,192,168,220,6,192,168,100,5
58537.0,80.0,TCP,0.006,5.0,479.0,1,192,168,220,16,192,168,100,6
33339.0,80.0,TCP,0.002,5.0,479.0,1,192,168,220,16,192,168,100,6
43145.0,445.0,TCP,0.002,2.0,174.0,0,192,168,220,4,192,168,100,5
57504.0,80.0,TCP,0.006,6.0,545.0,1,192,168,220,16,192,168,100,6
445.0,40239.0,TCP,0.0,1.0,108.0,0,192,168,100,5,192,168,220,10
57234.0,80.0,TCP,0.005,5.0,479.0,1,192,168,220,16,192,168,100,6
58844.0,445.0,TCP,0.0,1.0,66.0,0,192,168,220,16,192,168,100,5
40239.0,445.0,TCP,0.004,2.0,174.0,0,192,168,220,10,192,168,100,5
445.0,37884.0,TCP,0.0,1.0,108.0,0,192,168,100,5,192,168,220,9
49511.0,445.0,TCP,0.004,2.0,174.0,0,192,168,220,12,192,168,100,5
37241.0,80.0,TCP,0.004,6.0,545.0,1,192,168,220,16,192,168,100,6
49511.0,445.0,TCP,0.003,2.0,174.0,0,192,168,220,12,192,168,100,5
49094.0,445.0,TCP,0.003,2.0,174.0,0,192,168,220,8,192,168,100,5
58716.0,80.0,TCP,0.003,5.0,479.0,1,192,168,220,16,192,168,100,6
48888.0,445.0,TCP,0.003,2.0,174.0,0,192,168,220,15,192,168,100,5
445.0,34743.0,TCP,0.0,1.0,108.0,0,192,168,100,5,192,168,220,11
445.0,40239.0,TCP,0.0,1.0,108.0,0,192,168,100,5,192,168,220,10
445.0,37884.0,TCP,0.0,1.0,108.0,0,192,168,100,5,192,168,220,9
49511.0,445.0,TCP,0.002,2.0,174.0,0,192,168,220,12,192,168,100,5
58269.0,80.0,TCP,0.003,5.0,479.0,1,192,168,220,16,192,168,100,6
52321.0,445.0,TCP,0.003,2.0,174.0,0,192,168,220,14,192,168,100,5
32959.0,80.0,TCP,0.0069999999999999,6.0,545.0,1,192,168,220,16,192,168,100,6
33949.0,80.0,TCP,0.005,5.0,479.0,1,192,168,220,16,192,168,100,6
48888.0,445.0,TCP,0.004,2.0,174.0,0,192,168,220,15,192,168,100,5
43145.0,445.0,TCP,0.0,2.0,174.0,0,192,168,220,4,192,168,100,5
445.0,40239.0,TCP,0.0,1.0,108.0,0,192,168,100,5,192,168,220,10
52321.0,445.0,TCP,0.003,2.0,174.0,0,192,168,220,14,192,168,100,5
445.0,52321.0,TCP,0.0,1.0,108.0,0,192,168,100,5,192,168,220,14
49094.0,445.0,TCP,0.002,2.0,174.0,0,192,168,220,8,192,168,100,5
445.0,37884.0,TCP,0.0,1.0,108.0,0,192,168,100,5,192,168,220,9
445.0,46709.0,TCP,0.0,1.0,108.0,0,192,168,100,5,192,168,220,6
37191.0,445.0,TCP,0.003,2.0,174.0,0,192,168,220,7,192,168,100,5
60489.0,80.0,TCP,0.004,5.0,479.0,1,192,168,220,16,192,168,100,6
445.0,52321.0,TCP,0.0,1.0,108.0,0,192,168,100,5,192,168,220,14
60636.0,80.0,TCP,0.003,5.0,479.0,1,192,168,220,16,192,168,100,6
445.0,43183.0,TCP,0.0,1.0,108.0,0,192,168,100,5,192,168,200,4
445.0,60689.0,TCP,0.0,1.0,108.0,0,192,168,100,5,192,168,220,13
445.0,46808.0,TCP,0.0,1.0,108.0,0,192,168,100,5,192,168,200,5
59427.0,80.0,TCP,0.003,5.0,479.0,1,192,168,220,16,192,168,100,6
49511.0,445.0,TCP,0.003,2.0,174.0,0,192,168,220,12,192,168,100,5
445.0,48888.0,TCP,0.0,1.0,108.0,0,192,168,100,5,192,168,220,15
48888.0,445.0,TCP,0.004,2.0,174.0,0,192,168,220,15,192,168,100,5
57535.0,80.0,TCP,0.006,5.0,479.0,1,192,168,220,16,192,168,100,6
46808.0,445.0,TCP,0.0,1.0,66.0,0,192,168,200,5,192,168,100,5
445.0,49511.0,TCP,0.0,1.0,108.0,0,192,168,100,5,192,168,220,12
60565.0,80.0,TCP,0.004,5.0,479.0,1,192,168,220,16,192,168,100,6
445.0,46808.0,TCP,0.0,1.0,108.0,0,192,168,100,5,192,168,200,5
57862.0,80.0,TCP,0.005,5.0,479.0,1,192,168,220,16,192,168,100,6
57297.0,80.0,TCP,0.006,5.0,479.0,1,192,168,220,16,192,168,100,6
43145.0,445.0,TCP,0.002,2.0,174.0,0,192,168,220,4,192,168,100,5
60651.0,80.0,TCP,0.004,5.0,479.0,1,192,168,220,16,192,168,100,6
445.0,37884.0,TCP,0.0,1.0,108.0,0,192,168,100,5,192,168,220,9
51357.0,1037.0,TCP,0.0,1.0,58.0,1,192,168,220,16,192,168,200,5
60176.0,80.0,TCP,0.003,5.0,479.0,1,192,168,220,16,192,168,100,6
37191.0,445.0,TCP,0.004,2.0,174.0,0,192,168,220,7,192,168,100,5
445.0,34743.0,TCP,0.0,1.0,108.0,0,192,168,100,5,192,168,220,11
445.0,52321.0,TCP,0.0,1.0,108.0,0,192,168,100,5,192,168,220,14
58527.0,80.0,TCP,0.003,6.0,545.0,1,192,168,220,16,192,168,100,6
59076.0,80.0,TCP,0.003,5.0,479.0,1,192,168,220,16,192,168,100,6
60446.0,80.0,TCP,0.006,5.0,479.0,1,192,168,220,16,192,168,100,6
58302.0,80.0,TCP,0.004,5.0,479.0,1,192,168,220,16,192,168,100,6
52321.0,445.0,TCP,0.004,2.0,174.0,0,192,168,220,14,192,168,100,5
43183.0,445.0,TCP,0.003,2.0,174.0,0,192,168,200,4,192,168,100,5
58499.0,80.0,TCP,0.004,5.0,479.0,1,192,168,220,16,192,168,100,6
33579.0,80.0,TCP,0.002,6.0,545.0,1,192,168,220,16,192,168,100,6
137.0,137.0,UDP,0.0,1.0,92.0,0,192,168,220,5,192,168,220,255
46808.0,445.0,TCP,0.003,2.0,174.0,0,192,168,200,5,192,168,100,5
38607.0,80.0,TCP,0.0069999999999999,5.0,476.0,0,192,168,220,6,192,168,100,6
445.0,52321.0,TCP,0.0,1.0,70.0,0,192,168,100,5,192,168,220,14
58291.0,80.0,TCP,0.003,6.0,545.0,1,192,168,220,16,192,168,100,6
137.0,137.0,UDP,0.0,1.0,92.0,0,192,168,220,8,192,168,220,255
60045.0,80.0,TCP,0.004,5.0,479.0,1,192,168,220,16,192,168,100,6
59862.0,80.0,TCP,0.004,5.0,479.0,1,192,168,220,16,192,168,100,6
445.0,37191.0,TCP,0.0,1.0,108.0,0,192,168,100,5,192,168,220,7
138.0,138.0,UDP,0.0,2.0,511.0,0,192,168,100,4,192,168,100,255
59333.0,80.0,TCP,0.005,6.0,545.0,1,192,168,220,16,192,168,100,6
58523.0,80.0,TCP,0.004,5.0,479.0,1,192,168,220,16,192,168,100,6
445.0,37191.0,TCP,0.0,1.0,108.0,0,192,168,100,5,192,168,220,7
51357.0,3389.0,TCP,0.0,1.0,58.0,1,192,168,220,16,192,168,200,5
35312.0,80.0,TCP,0.003,6.0,545.0,1,192,168,220,16,192,168,100,6
56135.0,80.0,TCP,0.006,5.0,479.0,1,192,168,220,16,192,168,100,6
55704.0,80.0,TCP,0.004,6.0,545.0,1,192,168,220,16,192,168,100,6
445.0,58844.0,TCP,0.0,1.0,108.0,0,192,168,100,5,192,168,220,16
32993.0,80.0,TCP,0.003,6.0,545.0,1,192,168,220,16,192,168,100,6
445.0,37884.0,TCP,0.0,1.0,108.0,0,192,168,100,5,192,168,220,9
58844.0,80.0,TCP,0.005,6.0,545.0,1,192,168,220,16,192,168,100,6
43145.0,445.0,TCP,0.005,2.0,174.0,0,192,168,220,4,192,168,100,5
445.0,49094.0,TCP,0.0,1.0,108.0,0,192,168,100,5,192,168,220,8
59611.0,80.0,TCP,0.003,5.0,479.0,1,192,168,220,16,192,168,100,6
33728.0,80.0,TCP,0.004,5.0,479.0,1,192,168,220,16,192,168,100,6
445.0,49511.0,TCP,0.0,1.0,108.0,0,192,168,100,5,192,168,220,12
59847.0,80.0,TCP,0.009,5.0,479.0,1,192,168,220,16,192,168,100,6
40239.0,445.0,TCP,0.004,2.0,174.0,0,192,168,220,10,192,168,100,5
35146.0,80.0,TCP,0.003,5.0,479.0,1,192,168,220,16,192,168,100,6
51358.0,32772.0,TCP,0.0,1.0,58.0,1,192,168,220,16,192,168,200,8
445.0,37884.0,TCP,0.0,1.0,70.0,0,192,168,100,5,192,168,220,9
57831.0,80.0,TCP,0.004,6.0,545.0,1,192,168,220,16,192,168,100,6
445.0,48888.0,TCP,0.0,1.0,108.0,0,192,168,100,5,192,168,220,15
445.0,49511.0,TCP,0.0,1.0,108.0,0,192,168,100,5,192,168,220,12
43183.0,445.0,TCP,0.003,2.0,174.0,0,192,168,200,4,192,168,100,5
57449.0,80.0,TCP,0.002,5.0,479.0,1,192,168,220,16,192,168,100,6
46808.0,445.0,TCP,0.002,2.0,174.0,0,192,168,200,5,192,168,100,5
46808.0,445.0,TCP,0.004,2.0,174.0,0,192,168,200,5,192,168,100,5
58861.0,80.0,TCP,0.006,5.0,479.0,1,192,168,220,16,192,168,100,6
445.0,60689.0,TCP,0.0,1.0,108.0,0,192,168,100,5,192,168,220,13
46709.0,445.0,TCP,0.0,1.0,66.0,0,192,168,220,6,192,168,100,5
56429.0,80.0,TCP,0.008,5.0,479.0,1,192,168,220,16,192,168,100,6
445.0,58844.0,TCP,0.0,1.0,108.0,0,192,168,100,5,192,168,220,16
445.0,46709.0,TCP,0.0,1.0,70.0,0,192,168,100,5,192,168,220,6
58385.0,80.0,TCP,0.005,6.0,545.0,1,192,168,220,16,192,168,100,6
60689.0,445.0,TCP,0.002,2.0,174.0,0,192,168,220,13,192,168,100,5
445.0,58844.0,TCP,0.0,1.0,108.0,0,192,168,100,5,192,168,220,16
48888.0,445.0,TCP,0.001,2.0,174.0,0,192,168,220,15,192,168,100,5
445.0,46709.0,TCP,0.0,1.0,108.0,0,192,168,100,5,192,168,220,6
137.0,137.0,UDP,0.0,1.0,92.0,0,192,168,220,13,192,168,220,255
445.0,46709.0,TCP,0.0,1.0,70.0,0,192,168,100,5,192,168,220,6
52321.0,445.0,TCP,0.002,2.0,174.0,0,192,168,220,14,192,168,100,5
43183.0,445.0,TCP,0.0,1.0,66.0,0,192,168,200,4,192,168,100,5
60274.0,80.0,TCP,0.004,5.0,479.0,1,192,168,220,16,192,168,100,6
51357.0,1064.0,TCP,0.0,1.0,58.0,1,192,168,220,16,192,168,200,2
59701.0,80.0,TCP,0.003,5.0,479.0,1,192,168,220,16,192,168,100,6
445.0,43183.0,TCP,0.0,1.0,108.0,0,192,168,100,5,192,168,200,4
34766.0,80.0,TCP,0.004,5.0,479.0,1,192,168,220,16,192,168,100,6
49094.0,445.0,TCP,0.004,2.0,174.0,0,192,168,220,8,192,168,100,5
56822.0,80.0,TCP,0.003,5.0,479.0,1,192,168,220,16,192,168,100,6
51357.0,16000.0,TCP,0.0,1.0,58.0,1,192,168,220,16,192,168,200,8
35028.0,80.0,TCP,0.003,5.0,479.0,1,192,168,220,16,192,168,100,6
37131.0,80.0,TCP,0.004,5.0,479.0,1,192,168,220,16,192,168,100,6
59146.0,80.0,TCP,0.004,5.0,479.0,1,192,168,220,16,192,168,100,6
59073.0,80.0,TCP,0.006,5.0,479.0,1,192,168,220,16,192,168,100,6
445.0,60689.0,TCP,0.0,1.0,108.0,0,192,168,100,5,192,168,220,13
43183.0,445.0,TCP,0.002,2.0,174.0,0,192,168,200,4,192,168,100,5
49511.0,445.0,TCP,0.004,2.0,174.0,0,192,168,220,12,192,168,100,5
35072.0,80.0,TCP,0.005,5.0,479.0,1,192,168,220,16,192,168,100,6
445.0,52321.0,TCP,0.0,1.0,108.0,0,192,168,100,5,192,168,220,14
33283.0,80.0,TCP,0.006,5.0,479.0,1,192,168,220,16,192,168,100,6
35386.0,80.0,TCP,0.002,5.0,479.0,1,192,168,220,16,192,168,100,6
445.0,46808.0,TCP,0.0,1.0,70.0,0,192,168,100,5,192,168,200,5
59930.0,80.0,TCP,0.006,6.0,545.0,1,192,168,220,16,192,168,100,6
32960.0,80.0,TCP,0.005,5.0,479.0,1,192,168,220,16,192,168,100,6
445.0,49511.0,TCP,0.0,1.0,108.0,0,192,168,100,5,192,168,220,12
56878.0,80.0,TCP,0.004,5.0,479.0,1,192,168,220,16,192,168,100,6
445.0,49094.0,TCP,0.0,1.0,108.0,0,192,168,100,5,192,168,220,8
40239.0,445.0,TCP,0.002,2.0,174.0,0,192,168,220,10,192,168,100,5
445.0,52321.0,TCP,0.0,1.0,108.0,0,192,168,100,5,192,168,220,14
445.0,40239.0,TCP,0.4980000000000002,2.0,178.0,0,192,168,100,5,192,168,220,10
58822.0,80.0,TCP,0.006,5.0,479.0,1,192,168,220,16,192,168,100,6
445.0,49511.0,TCP,0.0,1.0,108.0,0,192,168,100,5,192,168,220,12
34135.0,80.0,TCP,0.006,5.0,479.0,1,192,168,220,16,192,168,100,6
56561.0,80.0,TCP,0.005,5.0,479.0,1,192,168,220,16,192,168,100,6
49094.0,445.0,TCP,0.004,2.0,174.0,0,192,168,220,8,192,168,100,5
33416.0,80.0,TCP,0.006,5.0,479.0,1,192,168,220,16,192,168,100,6
57954.0,80.0,TCP,0.004,5.0,479.0,1,192,168,220,16,192,168,100,6
58866.0,80.0,TCP,0.0069999999999999,5.0,479.0,1,192,168,220,16,192,168,100,6
56829.0,80.0,TCP,0.004,5.0,479.0,1,192,168,220,16,192,168,100,6
36944.0,80.0,TCP,0.006,5.0,479.0,1,192,168,220,16,192,168,100,6
33029.0,80.0,TCP,0.005,5.0,479.0,1,192,168,220,16,192,168,100,6
58287.0,80.0,TCP,0.005,5.0,479.0,1,192,168,220,16,192,168,100,6
58888.0,80.0,TCP,0.004,6.0,545.0,1,192,168,220,16,192,168,100,6
445.0,60689.0,TCP,0.0,1.0,108.0,0,192,168,100,5,192,168,220,13
34306.0,80.0,TCP,0.003,5.0,479.0,1,192,168,220,16,192,168,100,6
445.0,52321.0,TCP,0.0,1.0,108.0,0,192,168,100,5,192,168,220,14
445.0,49094.0,TCP,0.0,1.0,108.0,0,192,168,100,5,192,168,220,8
55845.0,80.0,TCP,0.006,5.0,479.0,1,192,168,220,16,192,168,100,6
445.0,49511.0,TCP,0.0,1.0,108.0,0,192,168,100,5,192,168,220,12
60609.0,80.0,TCP,0.003,5.0,479.0,1,192,168,220,16,192,168,100,6
445.0,37191.0,TCP,0.0,1.0,108.0,0,192,168,100,5,192,168,220,7
49511.0,445.0,TCP,0.004,2.0,174.0,0,192,168,220,12,192,168,100,5
34743.0,445.0,TCP,0.003,2.0,174.0,0,192,168,220,11,192,168,100,5
445.0,58844.0,TCP,0.0,1.0,108.0,0,192,168,100,5,192,168,220,16
445.0,40239.0,TCP,0.0,1.0,108.0,0,192,168,100,5,192,168,220,10
37003.0,80.0,TCP,0.006,5.0,479.0,1,192,168,220,16,192,168,100,6
57731.0,80.0,TCP,0.004,5.0,479.0,1,192,168,220,16,192,168,100,6
137.0,137.0,UDP,0.0,1.0,92.0,0,192,168,220,7,192,168,220,255
40239.0,445.0,TCP,0.004,2.0,174.0,0,192,168,220,10,192,168,100,5
58670.0,80.0,TCP,0.004,5.0,479.0,1,192,168,220,16,192,168,100,6
43183.0,445.0,TCP,0.0,2.0,174.0,0,192,168,200,4,192,168,100,5
33203.0,80.0,TCP,0.002,5.0,479.0,1,192,168,220,16,192,168,100,6
33767.0,80.0,TCP,0.003,5.0,479.0,1,192,168,220,16,192,168,100,6
51358.0,10621.0,TCP,0.0,1.0,58.0,1,192,168,220,16,192,168,200,9
60839.0,80.0,TCP,0.004,5.0,479.0,1,192,168,220,16,192,168,100,6
445.0,34743.0,TCP,0.0,1.0,108.0,0,192,168,100,5,192,168,220,11
445.0,43145.0,TCP,0.0,1.0,108.0,0,192,168,100,5,192,168,220,4
445.0,46808.0,TCP,0.0,1.0,70.0,0,192,168,100,5,192,168,200,5
49094.0,445.0,TCP,0.003,2.0,174.0,0,192,168,220,8,192,168,100,5
52321.0,445.0,TCP,0.002,2.0,174.0,0,192,168,220,14,192,168,100,5
35291.0,80.0,TCP,0.005,5.0,479.0,1,192,168,220,16,192,168,100,6
35160.0,80.0,TCP,0.004,5.0,479.0,1,192,168,220,16,192,168,100,6
43145.0,445.0,TCP,0.003,2.0,174.0,0,192,168,220,4,192,168,100,5
37884.0,445.0,TCP,0.003,2.0,174.0,0,192,168,220,9,192,168,100,5
51357.0,2383.0,TCP,0.0,1.0,58.0,1,192,168,220,16,192,168,200,4
60182.0,80.0,TCP,0.005,6.0,545.0,1,192,168,220,16,192,168,100,6
59814.0,80.0,TCP,0.005,5.0,479.0,1,192,168,220,16,192,168,100,6
445.0,37884.0,TCP,0.0,1.0,108.0,0,192,168,100,5,192,168,220,9
56953.0,80.0,TCP,0.006,6.0,545.0,1,192,168,220,16,192,168,100,6
58938.0,80.0,TCP,0.006,6.0,545.0,1,192,168,220,16,192,168,100,6
52321.0,445.0,TCP,0.005,2.0,174.0,0,192,168,220,14,192,168,100,5
138.0,138.0,UDP,0.0,1.0,262.0,0,192,168,220,14,192,168,220,255
59217.0,80.0,TCP,0.006,5.0,479.0,1,192,168,220,16,192,168,100,6
445.0,34743.0,TCP,0.0,1.0,108.0,0,192,168,100,5,192,168,220,11
51357.0,49661.0,TCP,0.0,1.0,58.0,1,192,168,220,16,192,168,200,8
445.0,48888.0,TCP,0.0,1.0,70.0,0,192,168,100,5,192,168,220,15
48888.0,445.0,TCP,0.002,2.0,174.0,0,192,168,220,15,192,168,100,5
51358.0,49176.0,TCP,0.0,1.0,58.0,1,192,168,220,16,192,168,200,9
34873.0,80.0,TCP,0.006,5.0,479.0,1,192,168,220,16,192,168,100,6
445.0,34743.0,TCP,0.0,1.0,108.0,0,192,168,100,5,192,168,220,11
35268.0,80.0,TCP,0.001,5.0,479.0,1,192,168,220,16,192,168,100,6
34882.0,80.0,TCP,0.004,5.0,479.0,1,192,168,220,16,192,168,100,6
58694.0,80.0,TCP,0.003,5.0,479.0,1,192,168,220,16,192,168,100,6
58067.0,80.0,TCP,0.004,5.0,479.0,1,192,168,220,16,192,168,100,6
58082.0,80.0,TCP,0.003,5.0,479.0,1,192,168,220,16,192,168,100,6
36012.0,80.0,TCP,0.004,5.0,479.0,1,192,168,220,16,192,168,100,6
52321.0,445.0,TCP,0.004,2.0,174.0,0,192,168,220,14,192,168,100,5
58844.0,445.0,TCP,0.005,2.0,174.0,0,192,168,220,16,192,168,100,5
445.0,51146.0,TCP,0.0,1.0,108.0,0,192,168,100,5,192,168,220,5
46808.0,445.0,TCP,0.005,2.0,174.0,0,192,168,200,5,192,168,100,5
58446.0,80.0,TCP,0.003,5.0,479.0,1,192,168,220,16,192,168,100,6
445.0,49511.0,TCP,0.0,1.0,108.0,0,192,168,100,5,192,168,220,12
51358.0,487.0,TCP,0.0,1.0,58.0,1,192,168,220,16,192,168,200,8
445.0,43145.0,TCP,0.0,1.0,108.0,0,192,168,100,5,192,168,220,4
51357.0,1096.0,TCP,0.0,1.0,58.0,1,192,168,220,16,192,168,200,2
51494.0,80.0,TCP,0.004,5.0,479.0,1,192,168,220,16,192,168,100,6
58865.0,80.0,TCP,0.004,5.0,479.0,1,192,168,220,16,192,168,100,6
445.0,37191.0,TCP,0.0,1.0,108.0,0,192,168,100,5,192,168,220,7
60689.0,445.0,TCP,0.003,2.0,174.0,0,192,168,220,13,192,168,100,5
445.0,40239.0,TCP,0.0,1.0,108.0,0,192,168,100,5,192,168,220,10
59142.0,80.0,TCP,0.005,5.0,479.0,1,192,168,220,16,192,168,100,6
57591.0,80.0,TCP,0.005,6.0,545.0,1,192,168,220,16,192,168,100,6
51357.0,3371.0,TCP,0.0,1.0,58.0,1,192,168,220,16,192,168,200,4
59873.0,80.0,TCP,0.002,5.0,479.0,1,192,168,220,16,192,168,100,6
445.0,37884.0,TCP,0.0,1.0,108.0,0,192,168,100,5,192,168,220,9
137.0,137.0,UDP,0.0,1.0,92.0,0,192,168,220,9,192,168,220,255
51357.0,6003.0,TCP,0.0,1.0,58.0,1,192,168,220,16,192,168,200,9
445.0,49511.0,TCP,0.0,1.0,108.0,0,192,168,100,5,192,168,220,12
46808.0,445.0,TCP,0.001,2.0,174.0,0,192,168,200,5,192,168,100,5
33295.0,80.0,TCP,0.006,6.0,545.0,1,192,168,220,16,192,168,100,6
58870.0,80.0,TCP,0.004,5.0,479.0,1,192,168,220,16,192,168,100,6
58830.0,80.0,TCP,0.003,6.0,545.0,1,192,168,220,16,192,168,100,6
58436.0,80.0,TCP,0.003,6.0,545.0,1,192,168,220,16,192,168,100,6
445.0,37191.0,TCP,0.0,1.0,108.0,0,192,168,100,5,192,168,220,7
43145.0,445.0,TCP,0.0,2.0,174.0,0,192,168,220,4,192,168,100,5
445.0,52321.0,TCP,0.0,1.0,108.0,0,192,168,100,5,192,168,220,14
52321.0,445.0,TCP,0.003,2.0,174.0,0,192,168,220,14,192,168,100,5
40239.0,445.0,TCP,0.004,2.0,174.0,0,192,168,220,10,192,168,100,5
51357.0,2000.0,TCP,0.0,1.0,58.0,1,192,168,220,16,192,168,200,4
58353.0,80.0,TCP,0.005,5.0,479.0,1,192,168,220,16,192,168,100,6
58564.0,80.0,TCP,0.004,5.0,479.0,1,192,168,220,16,192,168,100,6
58378.0,80.0,TCP,0.004,5.0,479.0,1,192,168,220,16,192,168,100,6
48888.0,445.0,TCP,0.002,2.0,174.0,0,192,168,220,15,192,168,100,5
445.0,58844.0,TCP,0.0,1.0,108.0,0,192,168,100,5,192,168,220,16
51357.0,1097.0,TCP,0.0,1.0,58.0,1,192,168,220,16,192,168,200,3
59816.0,80.0,TCP,0.003,6.0,545.0,1,192,168,220,16,192,168,100,6
445.0,46808.0,TCP,0.5,2.0,178.0,0,192,168,100,5,192,168,200,5
59105.0,80.0,TCP,0.003,5.0,479.0,1,192,168,220,16,192,168,100,6
445.0,52321.0,TCP,0.0,1.0,108.0,0,192,168,100,5,192,168,220,14
36138.0,80.0,TCP,0.004,5.0,479.0,1,192,168,220,16,192,168,100,6
58844.0,445.0,TCP,0.0,1.0,66.0,0,192,168,220,16,192,168,100,5
57846.0,80.0,TCP,0.006,5.0,479.0,1,192,168,220,16,192,168,100,6
57945.0,80.0,TCP,0.006,6.0,545.0,1,192,168,220,16,192,168,100,6
52321.0,445.0,TCP,0.002,2.0,174.0,0,192,168,220,14,192,168,100,5
48888.0,445.0,TCP,0.005,2.0,174.0,0,192,168,220,15,192,168,100,5
445.0,52321.0,TCP,0.0,1.0,108.0,0,192,168,100,5,192,168,220,14
40239.0,445.0,TCP,0.004,2.0,174.0,0,192,168,220,10,192,168,100,5
59949.0,80.0,TCP,0.006,6.0,545.0,1,192,168,220,16,192,168,100,6
445.0,46808.0,TCP,0.0,1.0,108.0,0,192,168,100,5,192,168,200,5
51357.0,648.0,TCP,0.0,1.0,58.0,1,192,168,220,16,192,168,200,8
57720.0,80.0,TCP,0.004,5.0,479.0,1,192,168,220,16,192,168,100,6
57702.0,80.0,TCP,0.005,6.0,545.0,1,192,168,220,16,192,168,100,6
36003.0,80.0,TCP,0.004,5.0,479.0,1,192,168,220,16,192,168,100,6
51357.0,490.0,TCP,0.0,1.0,58.0,1,192,168,220,16,192,168,200,4
445.0,49511.0,TCP,0.0,1.0,108.0,0,192,168,100,5,192,168,220,12
58446.0,80.0,TCP,0.004,5.0,479.0,1,192,168,220,16,192,168,100,6
34295.0,80.0,TCP,0.004,5.0,479.0,1,192,168,220,16,192,168,100,6
46808.0,445.0,TCP,0.003,2.0,174.0,0,192,168,200,5,192,168,100,5
48888.0,445.0,TCP,0.002,2.0,174.0,0,192,168,220,15,192,168,100,5
51357.0,8082.0,TCP,0.0,1.0,58.0,1,192,168,220,16,192,168,200,2
51357.0,1045.0,TCP,0.0,1.0,58.0,1,192,168,220,16,192,168,200,2
51357.0,1055.0,TCP,0.0,1.0,58.0,1,192,168,220,16,192,168,200,8
445.0,40239.0,TCP,0.0,1.0,108.0,0,192,168,100,5,192,168,220,10
32928.0,80.0,TCP,0.005,5.0,479.0,1,192,168,220,16,192,168,100,6
33388.0,80.0,TCP,0.004,6.0,545.0,1,192,168,220,16,192,168,100,6
445.0,49511.0,TCP,0.0,1.0,108.0,0,192,168,100,5,192,168,220,12
33712.0,80.0,TCP,0.003,5.0,479.0,1,192,168,220,16,192,168,100,6
58828.0,80.0,TCP,0.003,6.0,545.0,1,192,168,220,16,192,168,100,6
58910.0,80.0,TCP,0.0069999999999999,5.0,479.0,1,192,168,220,16,192,168,100,6
445.0,60689.0,TCP,0.0,1.0,108.0,0,192,168,100,5,192,168,220,13
445.0,49511.0,TCP,0.0,1.0,108.0,0,192,168,100,5,192,168,220,12
56682.0,80.0,TCP,0.005,5.0,479.0,1,192,168,220,16,192,168,100,6
445.0,51146.0,TCP,0.0,1.0,108.0,0,192,168,100,5,192,168,220,5
37884.0,445.0,TCP,0.002,2.0,174.0,0,192,168,220,9,192,168,100,5
59154.0,80.0,TCP,0.003,5.0,479.0,1,192,168,220,16,192,168,100,6
58521.0,80.0,TCP,0.003,5.0,479.0,1,192,168,220,16,192,168,100,6
56520.0,80.0,TCP,0.005,6.0,545.0,1,192,168,220,16,192,168,100,6
37191.0,445.0,TCP,0.002,2.0,174.0,0,192,168,220,7,192,168,100,5
51357.0,8190.0,TCP,0.0,1.0,58.0,1,192,168,220,16,192,168,200,8
51447.0,135.0,TCP,0.001,2.0,112.0,1,192,168,220,16,192,168,200,8
445.0,58844.0,TCP,0.0,1.0,108.0,0,192,168,100,5,192,168,220,16
60689.0,445.0,TCP,0.005,2.0,174.0,0,192,168,220,13,192,168,100,5
35963.0,80.0,TCP,0.006,5.0,479.0,1,192,168,220,16,192,168,100,6
58844.0,445.0,TCP,0.002,2.0,174.0,0,192,168,220,16,192,168,100,5
60888.0,80.0,TCP,0.005,5.0,479.0,1,192,168,220,16,192,168,100,6
46709.0,445.0,TCP,0.004,2.0,174.0,0,192,168,220,6,192,168,100,5
445.0,48888.0,TCP,0.0,1.0,108.0,0,192,168,100,5,192,168,220,15
35245.0,80.0,TCP,0.001,5.0,479.0,1,192,168,220,16,192,168,100,6
40239.0,445.0,TCP,0.002,2.0,174.0,0,192,168,220,10,192,168,100,5
58945.0,80.0,TCP,0.004,5.0,479.0,1,192,168,220,16,192,168,100,6
60266.0,80.0,TCP,0.006,6.0,545.0,1,192,168,220,16,192,168,100,6
49511.0,445.0,TCP,0.003,2.0,174.0,0,192,168,220,12,192,168,100,5
51357.0,1482.0,TCP,0.0,1.0,58.0,1,192,168,220,16,192,168,200,3
60689.0,445.0,TCP,0.003,2.0,174.0,0,192,168,220,13,192,168,100,5
58802.0,80.0,TCP,0.004,5.0,479.0,1,192,168,220,16,192,168,100,6
445.0,52321.0,TCP,0.0,1.0,108.0,0,192,168,100,5,192,168,220,14
445.0,48888.0,TCP,0.0,1.0,108.0,0,192,168,100,5,192,168,220,15
445.0,60689.0,TCP,0.0,1.0,108.0,0,192,168,100,5,192,168,220,13
49511.0,445.0,TCP,0.003,2.0,174.0,0,192,168,220,12,192,168,100,5
36504.0,80.0,TCP,0.003,5.0,479.0,1,192,168,220,16,192,168,100,6
445.0,34743.0,TCP,0.0,1.0,108.0,0,192,168,100,5,192,168,220,11
57298.0,80.0,TCP,0.002,5.0,479.0,1,192,168,220,16,192,168,100,6
51357.0,49.0,TCP,0.0,1.0,58.0,1,192,168,220,16,192,168,200,5
445.0,58844.0,TCP,0.0,1.0,108.0,0,192,168,100,5,192,168,220,16
60632.0,80.0,TCP,0.006,5.0,479.0,1,192,168,220,16,192,168,100,6
51146.0,445.0,TCP,0.005,2.0,174.0,0,192,168,220,5,192,168,100,5
445.0,48888.0,TCP,0.0,1.0,108.0,0,192,168,100,5,192,168,220,15
32881.0,80.0,TCP,0.003,5.0,479.0,1,192,168,220,16,192,168,100,6
36734.0,80.0,TCP,0.006,5.0,479.0,1,192,168,220,16,192,168,100,6
46709.0,445.0,TCP,0.0,1.0,66.0,0,192,168,220,6,192,168,100,5
58747.0,80.0,TCP,0.001,5.0,479.0,1,192,168,220,16,192,168,100,6
52321.0,445.0,TCP,0.002,2.0,174.0,0,192,168,220,14,192,168,100,5
58844.0,445.0,TCP,0.0,1.0,66.0,0,192,168,220,16,192,168,100,5
51357.0,1233.0,TCP,0.0,1.0,58.0,1,192,168,220,16,192,168,200,4
46808.0,445.0,TCP,0.002,2.0,174.0,0,192,168,200,5,192,168,100,5
60689.0,445.0,TCP,0.003,2.0,174.0,0,192,168,220,13,192,168,100,5
51146.0,445.0,TCP,0.003,2.0,174.0,0,192,168,220,5,192,168,100,5
445.0,60689.0,TCP,0.0,1.0,108.0,0,192,168,100,5,192,168,220,13
445.0,37884.0,TCP,0.0,1.0,70.0,0,192,168,100,5,192,168,220,9
445.0,43183.0,TCP,0.0,1.0,108.0,0,192,168,100,5,192,168,200,4
58844.0,445.0,TCP,0.06,4.0,13700000.0,0,192,168,220,16,192,168,200,9
58911.0,80.0,TCP,0.005,6.0,545.0,1,192,168,220,16,192,168,100,6
58691.0,80.0,TCP,0.004,5.0,479.0,1,192,168,220,16,192,168,100,6
33329.0,80.0,TCP,0.001,5.0,479.0,1,192,168,220,16,192,168,100,6
445.0,49511.0,TCP,0.0,1.0,108.0,0,192,168,100,5,192,168,220,12
445.0,34743.0,TCP,0.0,1.0,108.0,0,192,168,100,5,192,168,220,11
58540.0,5126.0,TCP,0.006,5.0,479.0,1,192,168,220,16,192,168,100,6
56831.0,80.0,TCP,0.003,5.0,479.0,1,192,168,220,16,192,168,100,6
445.0,37191.0,TCP,0.0,1.0,108.0,0,192,168,100,5,192,168,220,7
138.0,138.0,UDP,0.0,1.0,262.0,0,192,168,220,3,192,168,220,255
57830.0,80.0,TCP,0.004,5.0,479.0,1,192,168,220,16,192,168,100,6
59957.0,80.0,TCP,0.006,6.0,545.0,1,192,168,220,16,192,168,100,6
137.0,137.0,UDP,0.0,1.0,92.0,0,192,168,220,4,192,168,220,255
46808.0,445.0,TCP,0.002,2.0,174.0,0,192,168,200,5,192,168,100,5
43145.0,445.0,TCP,0.0,1.0,66.0,0,192,168,220,4,192,168,100,5
51357.0,5000.0,TCP,0.0,1.0,58.0,1,192,168,220,16,192,168,200,5
52321.0,445.0,TCP,0.003,2.0,174.0,0,192,168,220,14,192,168,100,5
43183.0,445.0,TCP,0.005,2.0,174.0,0,192,168,200,4,192,168,100,5
445.0,37884.0,TCP,0.0,1.0,108.0,0,192,168,100,5,192,168,220,9
59040.0,80.0,TCP,0.003,5.0,479.0,1,192,168,220,16,192,168,100,6
58923.0,80.0,TCP,0.006,5.0,479.0,1,192,168,220,16,192,168,100,6
445.0,52321.0,TCP,0.0,1.0,108.0,0,192,168,100,5,192,168,220,14
43183.0,445.0,TCP,0.0,1.0,66.0,0,192,168,200,4,192,168,100,5
445.0,49511.0,TCP,0.0,1.0,108.0,0,192,168,100,5,192,168,220,12
445.0,46709.0,TCP,0.0,1.0,108.0,0,192,168,100,5,192,168,220,6
58522.0,80.0,TCP,0.004,5.0,479.0,1,192,168,220,16,192,168,100,6
51357.0,2066.0,TCP,0.0,1.0,58.0,1,192,168,220,16,192,168,200,2
46709.0,445.0,TCP,0.002,2.0,174.0,0,192,168,220,6,192,168,100,5
36620.0,80.0,TCP,0.004,5.0,479.0,1,192,168,220,16,192,168,100,6
59810.0,80.0,TCP,0.003,5.0,479.0,1,192,168,220,16,192,168,100,6
35584.0,80.0,TCP,0.006,5.0,479.0,1,192,168,220,16,192,168,100,6
445.0,40239.0,TCP,0.0,1.0,108.0,0,192,168,100,5,192,168,220,10
445.0,58844.0,TCP,0.0,1.0,108.0,0,192,168,100,5,192,168,220,16
445.0,52321.0,TCP,0.0,1.0,108.0,0,192,168,100,5,192,168,220,14
60039.0,80.0,TCP,0.005,5.0,479.0,1,192,168,220,16,192,168,100,6
445.0,46709.0,TCP,0.0,1.0,108.0,0,192,168,100,5,192,168,220,6
80.0,46709.0,TCP,0.003,2.0,108.0,0,192,168,100,6,192,168,220,6
445.0,49511.0,TCP,0.0,1.0,108.0,0,192,168,100,5,192,168,220,12
51357.0,596.0,TCP,0.0,1.0,58.0,1,192,168,220,16,192,168,200,4
58377.0,80.0,TCP,0.004,6.0,545.0,1,192,168,220,16,192,168,100,6
445.0,51146.0,TCP,0.0,1.0,108.0,0,192,168,100,5,192,168,220,5
36113.0,80.0,TCP,0.005,5.0,479.0,1,192,168,220,16,192,168,100,6
59113.0,80.0,TCP,0.002,5.0,479.0,1,192,168,220,16,192,168,100,6
445.0,46709.0,TCP,0.0,1.0,108.0,0,192,168,100,5,192,168,220,6
445.0,52321.0,TCP,0.0,1.0,108.0,0,192,168,100,5,192,168,220,14
445.0,49511.0,TCP,0.0,1.0,108.0,0,192,168,100,5,192,168,220,12
58844.0,445.0,TCP,0.0,2.0,174.0,0,192,168,220,16,192,168,100,5
49511.0,445.0,TCP,0.004,2.0,174.0,0,192,168,220,12,192,168,100,5
60887.0,80.0,TCP,0.004,5.0,479.0,1,192,168,220,16,192,168,100,6
49511.0,445.0,TCP,0.004,2.0,174.0,0,192,168,220,12,192,168,100,5
445.0,52321.0,TCP,0.0,1.0,108.0,0,192,168,100,5,192,168,220,14
60628.0,80.0,TCP,0.006,6.0,545.0,1,192,168,220,16,192,168,100,6
445.0,48888.0,TCP,0.0,1.0,108.0,0,192,168,100,5,192,168,220,15
33160.0,80.0,TCP,0.004,5.0,479.0,1,192,168,220,16,192,168,100,6
445.0,60689.0,TCP,0.0,1.0,108.0,0,192,168,100,5,192,168,220,13
445.0,37191.0,TCP,0.0,1.0,108.0,0,192,168,100,5,192,168,220,7
51146.0,445.0,TCP,0.002,2.0,174.0,0,192,168,220,5,192,168,100,5
58629.0,80.0,TCP,0.002,5.0,479.0,1,192,168,220,16,192,168,100,6
138.0,138.0,UDP,0.0,1.0,262.0,0,192,168,220,9,192,168,220,255
34537.0,80.0,TCP,0.005,6.0,545.0,1,192,168,220,16,192,168,100,6
58868.0,80.0,TCP,0.004,5.0,479.0,1,192,168,220,16,192,168,100,6
59525.0,80.0,TCP,0.001,5.0,479.0,1,192,168,220,16,192,168,100,6
445.0,49094.0,TCP,0.0,1.0,108.0,0,192,168,100,5,192,168,220,8
445.0,52321.0,TCP,0.0,1.0,108.0,0,192,168,100,5,192,168,220,14
57957.0,80.0,TCP,0.003,6.0,545.0,1,192,168,220,16,192,168,100,6
36805.0,80.0,TCP,0.002,5.0,479.0,1,192,168,220,16,192,168,100,6
57798.0,80.0,TCP,0.006,6.0,545.0,1,192,168,220,16,192,168,100,6
138.0,138.0,UDP,0.0,2.0,514.0,0,192,168,220,11,192,168,220,255
445.0,34743.0,TCP,0.0,1.0,108.0,0,192,168,100,5,192,168,220,11
58609.0,80.0,TCP,0.0069999999999999,6.0,545.0,1,192,168,220,16,192,168,100,6
445.0,49511.0,TCP,0.0,1.0,108.0,0,192,168,100,5,192,168,220,12
58684.0,80.0,TCP,0.004,5.0,479.0,1,192,168,220,16,192,168,100,6
445.0,43145.0,TCP,0.0,1.0,108.0,0,192,168,100,5,192,168,220,4
37191.0,445.0,TCP,0.0,1.0,66.0,0,192,168,220,7,192,168,100,5
40239.0,445.0,TCP,0.002,2.0,174.0,0,192,168,220,10,192,168,100,5
51146.0,445.0,TCP,0.003,2.0,174.0,0,192,168,220,5,192,168,100,5
46808.0,445.0,TCP,0.004,2.0,174.0,0,192,168,200,5,192,168,100,5
33172.0,80.0,TCP,0.003,5.0,479.0,1,192,168,220,16,192,168,100,6
34743.0,445.0,TCP,0.005,2.0,174.0,0,192,168,220,11,192,168,100,5
445.0,60689.0,TCP,0.0,1.0,108.0,0,192,168,100,5,192,168,220,13
445.0,40239.0,TCP,0.0,1.0,108.0,0,192,168,100,5,192,168,220,10
51357.0,49167.0,TCP,0.0,1.0,58.0,1,192,168,220,16,192,168,200,4
48888.0,445.0,TCP,0.004,2.0,174.0,0,192,168,220,15,192,168,100,5
60577.0,80.0,TCP,0.006,5.0,479.0,1,192,168,220,16,192,168,100,6
51357.0,1693.0,TCP,0.0,1.0,58.0,1,192,168,220,16,192,168,200,3
58844.0,445.0,TCP,0.002,2.0,174.0,0,192,168,220,16,192,168,100,5
55647.0,80.0,TCP,0.005,5.0,479.0,1,192,168,220,16,192,168,100,6
49511.0,445.0,TCP,0.003,2.0,174.0,0,192,168,220,12,192,168,100,5
60637.0,80.0,TCP,0.004,5.0,479.0,1,192,168,220,16,192,168,100,6
445.0,58844.0,TCP,0.0,1.0,108.0,0,192,168,100,5,192,168,220,16
445.0,43145.0,TCP,0.0,1.0,108.0,0,192,168,100,5,192,168,220,4
55720.0,80.0,TCP,0.004,5.0,479.0,1,192,168,220,16,192,168,100,6
57954.0,80.0,TCP,0.003,5.0,479.0,1,192,168,220,16,192,168,100,6
58844.0,445.0,TCP,0.004,2.0,174.0,0,192,168,220,16,192,168,100,5
59085.0,80.0,TCP,0.004,5.0,479.0,1,192,168,220,16,192,168,100,6
59372.0,80.0,TCP,0.0069999999999999,5.0,479.0,1,192,168,220,16,192,168,100,6
46808.0,445.0,TCP,0.005,2.0,174.0,0,192,168,200,5,192,168,100,5
56914.0,80.0,TCP,0.002,5.0,479.0,1,192,168,220,16,192,168,100,6
445.0,37884.0,TCP,0.0,1.0,108.0,0,192,168,100,5,192,168,220,9
445.0,34743.0,TCP,0.0,1.0,108.0,0,192,168,100,5,192,168,220,11
445.0,48888.0,TCP,0.0,1.0,108.0,0,192,168,100,5,192,168,220,15
137.0,137.0,UDP,0.0,1.0,92.0,0,192,168,200,5,192,168,200,255
60689.0,445.0,TCP,0.002,2.0,174.0,0,192,168,220,13,192,168,100,5
51357.0,400.0,TCP,0.0,1.0,58.0,1,192,168,220,16,192,168,200,5
138.0,138.0,UDP,0.0,1.0,243.0,0,192,168,210,5,192,168,210,255
36482.0,80.0,TCP,0.002,5.0,479.0,1,192,168,220,16,192,168,100,6
43145.0,445.0,TCP,0.002,2.0,174.0,0,192,168,220,4,192,168,100,5
60180.0,80.0,TCP,0.004,6.0,545.0,1,192,168,220,16,192,168,100,6
49511.0,445.0,TCP,0.002,2.0,174.0,0,192,168,220,12,192,168,100,5
51357.0,1061.0,TCP,0.0,1.0,58.0,1,192,168,220,16,192,168,200,3
445.0,34743.0,TCP,0.0,1.0,108.0,0,192,168,100,5,192,168,220,11
138.0,138.0,UDP,0.0,1.0,262.0,0,192,168,200,5,192,168,200,255
56976.0,80.0,TCP,0.003,6.0,545.0,1,192,168,220,16,192,168,100,6
37191.0,445.0,TCP,0.003,2.0,174.0,0,192,168,220,7,192,168,100,5
51358.0,3889.0,TCP,0.0,1.0,58.0,1,192,168,220,16,192,168,200,9
55499.0,80.0,TCP,0.004,5.0,479.0,1,192,168,220,16,192,168,100,6
48888.0,445.0,TCP,0.002,2.0,174.0,0,192,168,220,15,192,168,100,5
46709.0,445.0,TCP,0.001,2.0,174.0,0,192,168,220,6,192,168,100,5
51146.0,445.0,TCP,0.0,2.0,174.0,0,192,168,220,5,192,168,100,5
445.0,43183.0,TCP,0.0,1.0,108.0,0,192,168,100,5,192,168,200,4
51357.0,8081.0,TCP,0.0,1.0,58.0,1,192,168,220,16,192,168,200,2
51358.0,5666.0,TCP,0.0,1.0,58.0,1,192,168,220,16,192,168,200,9
445.0,52321.0,TCP,0.0,1.0,108.0,0,192,168,100,5,192,168,220,14
58844.0,445.0,TCP,0.004,2.0,174.0,0,192,168,220,16,192,168,100,5
51358.0,9081.0,TCP,0.0,1.0,58.0,1,192,168,220,16,192,168,200,8
593.0,80.0,TCP,0.004,6.0,545.0,1,192,168,220,16,192,168,100,6
138.0,138.0,UDP,0.0,1.0,262.0,0,192,168,220,6,192,168,220,255
51357.0,8086.0,TCP,0.0,1.0,58.0,1,192,168,220,16,192,168,200,1
59107.0,80.0,TCP,0.004,5.0,479.0,1,192,168,220,16,192,168,100,6
138.0,138.0,UDP,0.0,1.0,262.0,0,192,168,220,13,192,168,220,255
58809.0,80.0,TCP,0.003,5.0,479.0,1,192,168,220,16,192,168,100,6
51357.0,2869.0,TCP,0.0,1.0,58.0,1,192,168,220,16,192,168,200,4
35997.0,80.0,TCP,0.004,5.0,479.0,1,192,168,220,16,192,168,100,6
59091.0,80.0,TCP,0.004,5.0,479.0,1,192,168,220,16,192,168,100,6
46755.0,2383.0,TCP,0.0,1.0,58.0,1,192,168,220,16,192,168,210,5
37884.0,445.0,TCP,0.004,2.0,174.0,0,192,168,220,9,192,168,100,5
36198.0,80.0,TCP,0.006,5.0,479.0,1,192,168,220,16,192,168,100,6
36805.0,80.0,TCP,0.004,6.0,545.0,1,192,168,220,16,192,168,100,6
43145.0,445.0,TCP,0.002,2.0,174.0,0,192,168,220,4,192,168,100,5
58399.0,80.0,TCP,0.004,5.0,479.0,1,192,168,220,16,192,168,100,6
57724.0,80.0,TCP,0.004,5.0,479.0,1,192,168,220,16,192,168,100,6
445.0,40239.0,TCP,0.0,1.0,108.0,0,192,168,100,5,192,168,220,10
445.0,37191.0,TCP,0.0,1.0,108.0,0,192,168,100,5,192,168,220,7
445.0,40239.0,TCP,0.0,1.0,108.0,0,192,168,100,5,192,168,220,10
59136.0,80.0,TCP,0.006,5.0,479.0,1,192,168,220,16,192,168,100,6
57737.0,80.0,TCP,0.002,5.0,479.0,1,192,168,220,16,192,168,100,6
59156.0,80.0,TCP,0.005,5.0,479.0,1,192,168,220,16,192,168,100,6
58364.0,80.0,TCP,0.002,5.0,479.0,1,192,168,220,16,192,168,100,6
445.0,37884.0,TCP,0.0,1.0,108.0,0,192,168,100,5,192,168,220,9
60418.0,80.0,TCP,0.002,5.0,479.0,1,192,168,220,16,192,168,100,6
58861.0,80.0,TCP,0.001,5.0,479.0,1,192,168,220,16,192,168,100,6
445.0,52321.0,TCP,0.0,1.0,108.0,0,192,168,100,5,192,168,220,14
445.0,49094.0,TCP,0.0,1.0,108.0,0,192,168,100,5,192,168,220,8
40239.0,445.0,TCP,0.002,2.0,174.0,0,192,168,220,10,192,168,100,5
56295.0,80.0,TCP,0.0069999999999999,5.0,479.0,1,192,168,220,16,192,168,100,6
46808.0,445.0,TCP,0.002,2.0,174.0,0,192,168,200,5,192,168,100,5
57567.0,80.0,TCP,0.003,5.0,479.0,1,192,168,220,16,192,168,100,6
445.0,37884.0,TCP,0.0,1.0,108.0,0,192,168,100,5,192,168,220,9
445.0,43145.0,TCP,0.0,1.0,108.0,0,192,168,100,5,192,168,220,4
60303.0,80.0,TCP,0.004,5.0,479.0,1,192,168,220,16,192,168,100,6
34743.0,445.0,TCP,0.004,2.0,174.0,0,192,168,220,11,192,168,100,5
58325.0,80.0,TCP,0.003,5.0,479.0,1,192,168,220,16,192,168,100,6
60804.0,80.0,TCP,0.0069999999999999,5.0,479.0,1,192,168,220,16,192,168,100,6
51357.0,1054.0,TCP,0.0,1.0,58.0,1,192,168,220,16,192,168,200,4
35974.0,80.0,TCP,0.006,5.0,479.0,1,192,168,220,16,192,168,100,6
445.0,43145.0,TCP,0.0,1.0,108.0,0,192,168,100,5,192,168,220,4
60540.0,80.0,TCP,0.005,5.0,479.0,1,192,168,220,16,192,168,100,6
37884.0,445.0,TCP,0.002,2.0,174.0,0,192,168,220,9,192,168,100,5
55637.0,80.0,TCP,0.005,6.0,545.0,1,192,168,220,16,192,168,100,6
55650.0,80.0,TCP,0.002,5.0,479.0,1,192,168,220,16,192,168,100,6
46755.0,5002.0,TCP,0.0,1.0,58.0,1,192,168,220,16,192,168,210,5
37884.0,445.0,TCP,0.005,2.0,174.0,0,192,168,220,9,192,168,100,5
37105.0,80.0,TCP,0.005,5.0,479.0,1,192,168,220,16,192,168,100,6
445.0,34743.0,TCP,0.0,1.0,108.0,0,192,168,100,5,192,168,220,11
58427.0,80.0,TCP,0.006,5.0,479.0,1,192,168,220,16,192,168,100,6
36947.0,80.0,TCP,0.003,5.0,479.0,1,192,168,220,16,192,168,100,6
34077.0,80.0,TCP,0.004,5.0,479.0,1,192,168,220,16,192,168,100,6
51146.0,445.0,TCP,0.003,2.0,174.0,0,192,168,220,5,192,168,100,5
59146.0,80.0,TCP,0.006,5.0,479.0,1,192,168,220,16,192,168,100,6
60946.0,80.0,TCP,0.006,5.0,479.0,1,192,168,220,16,192,168,100,6
57805.0,80.0,TCP,0.0069999999999999,6.0,545.0,1,192,168,220,16,192,168,100,6
51357.0,1057.0,TCP,0.0,1.0,58.0,1,192,168,220,16,192,168,200,9
57774.0,80.0,TCP,0.005,5.0,479.0,1,192,168,220,16,192,168,100,6
58609.0,80.0,TCP,0.005,5.0,479.0,1,192,168,220,16,192,168,100,6
58659.0,80.0,TCP,0.003,5.0,479.0,1,192,168,220,16,192,168,100,6
37191.0,445.0,TCP,0.002,2.0,174.0,0,192,168,220,7,192,168,100,5
51358.0,50003.0,TCP,0.0,1.0,58.0,1,192,168,220,16,192,168,200,8
138.0,138.0,UDP,0.0,2.0,514.0,0,192,168,220,12,192,168,220,255
445.0,46709.0,TCP,0.0,1.0,108.0,0,192,168,100,5,192,168,220,6
60341.0,80.0,TCP,0.005,5.0,479.0,1,192,168,220,16,192,168,100,6
445.0,43183.0,TCP,0.0,1.0,108.0,0,192,168,100,5,192,168,200,4
58844.0,445.0,TCP,0.005,2.0,174.0,0,192,168,220,16,192,168,100,5
58844.0,445.0,TCP,0.002,2.0,174.0,0,192,168,220,16,192,168,100,5
59224.0,80.0,TCP,0.004,5.0,479.0,1,192,168,220,16,192,168,100,6
445.0,60689.0,TCP,0.0,1.0,108.0,0,192,168,100,5,192,168,220,13
58643.0,80.0,TCP,0.006,5.0,479.0,1,192,168,220,16,192,168,100,6
46755.0,80.0,TCP,0.005,5.0,479.0,1,192,168,220,16,192,168,100,6
49094.0,445.0,TCP,0.003,2.0,174.0,0,192,168,220,8,192,168,100,5
52321.0,445.0,TCP,0.002,2.0,174.0,1,192,168,220,16,192,168,100,5
58270.0,80.0,TCP,0.003,5.0,479.0,1,192,168,220,16,192,168,100,6
49094.0,445.0,TCP,0.002,2.0,174.0,0,192,168,220,8,192,168,100,5
445.0,58844.0,TCP,0.0,1.0,108.0,0,192,168,100,5,192,168,220,16
57955.0,80.0,TCP,0.006,5.0,479.0,1,192,168,220,16,192,168,100,6
445.0,51146.0,TCP,0.0,1.0,108.0,0,192,168,100,5,192,168,220,5
58844.0,445.0,TCP,0.0,2.0,174.0,0,192,168,220,16,192,168,100,5
46756.0,1718.0,TCP,0.0,1.0,58.0,1,192,168,220,16,192,168,210,5
445.0,48888.0,TCP,0.0,1.0,108.0,0,192,168,100,5,192,168,220,15
445.0,43145.0,TCP,0.0,1.0,108.0,0,192,168,100,5,192,168,220,4
60432.0,80.0,TCP,0.003,5.0,479.0,1,192,168,220,16,192,168,100,6
58844.0,445.0,TCP,0.003,2.0,174.0,0,192,168,220,16,192,168,100,5
37012.0,80.0,TCP,0.004,5.0,479.0,1,192,168,220,16,192,168,100,6
46755.0,611.0,TCP,0.0,1.0,58.0,1,192,168,220,16,192,168,210,1
51357.0,100.0,TCP,0.0,1.0,58.0,1,192,168,220,16,192,168,200,5
43145.0,445.0,TCP,0.003,2.0,174.0,0,192,168,220,4,192,168,100,5
36188.0,80.0,TCP,0.004,5.0,479.0,1,192,168,220,16,192,168,100,6
57977.0,80.0,TCP,0.005,5.0,479.0,1,192,168,220,16,192,168,100,6
46808.0,445.0,TCP,0.002,2.0,174.0,0,192,168,200,5,192,168,100,5
58428.0,80.0,TCP,0.004,5.0,479.0,1,192,168,220,16,192,168,100,6
138.0,138.0,UDP,0.0,1.0,262.0,0,192,168,220,6,192,168,220,255
445.0,43145.0,TCP,0.0,1.0,108.0,0,192,168,100,5,192,168,220,4
37884.0,445.0,TCP,0.004,2.0,174.0,0,192,168,220,9,192,168,100,5
60641.0,80.0,TCP,0.004,5.0,479.0,1,192,168,220,16,192,168,100,6
36667.0,80.0,TCP,0.006,5.0,479.0,1,192,168,220,16,192,168,100,6
43183.0,445.0,TCP,0.004,2.0,174.0,0,192,168,200,4,192,168,100,5
55892.0,80.0,TCP,0.005,5.0,479.0,1,192,168,220,16,192,168,100,6
58967.0,80.0,TCP,0.004,5.0,479.0,1,192,168,220,16,192,168,100,6
51357.0,6003.0,TCP,0.0,1.0,58.0,0,192,168,220,16,192,168,200,5
58029.0,80.0,TCP,0.003,6.0,545.0,1,192,168,220,16,192,168,100,6
33599.0,80.0,TCP,0.005,5.0,479.0,1,192,168,220,16,192,168,100,6
445.0,58844.0,TCP,0.0,1.0,108.0,0,192,168,100,5,192,168,220,16
59877.0,80.0,TCP,0.006,5.0,479.0,1,192,168,220,16,192,168,100,6
445.0,40239.0,TCP,0.0,1.0,108.0,0,192,168,100,5,192,168,220,10
445.0,48888.0,TCP,0.0,1.0,108.0,0,192,168,100,5,192,168,220,15
445.0,43183.0,TCP,0.0,1.0,108.0,0,192,168,100,5,192,168,200,4
445.0,46709.0,TCP,0.0,1.0,70.0,0,192,168,100,5,192,168,220,6
60689.0,80.0,TCP,0.003,5.0,479.0,1,192,168,220,16,192,168,100,6
137.0,137.0,UDP,0.0,1.0,92.0,0,192,168,220,10,192,168,220,255
56714.0,80.0,TCP,0.003,6.0,545.0,1,192,168,220,16,192,168,100,6
51357.0,5980.0,TCP,0.0,1.0,58.0,1,192,168,220,16,192,168,200,9
58005.0,80.0,TCP,0.004,5.0,479.0,1,192,168,220,16,192,168,100,6
34743.0,445.0,TCP,0.002,2.0,174.0,0,192,168,220,11,192,168,100,5
51357.0,901.0,TCP,0.0,1.0,58.0,1,192,168,220,16,192,168,200,8
60544.0,80.0,TCP,0.004,6.0,545.0,1,192,168,220,16,192,168,100,6
445.0,43145.0,TCP,0.0,1.0,108.0,0,192,168,100,5,192,168,220,4
60279.0,80.0,TCP,0.005,5.0,479.0,1,192,168,220,16,192,168,100,6
445.0,49511.0,TCP,0.0,1.0,108.0,0,192,168,100,5,192,168,220,12
34525.0,80.0,TCP,0.005,6.0,545.0,1,192,168,220,16,192,168,100,6
58385.0,80.0,TCP,0.006,5.0,479.0,1,192,168,220,16,192,168,100,6
58844.0,445.0,TCP,0.002,2.0,174.0,0,192,168,220,16,192,168,100,5
445.0,46709.0,TCP,0.0,1.0,108.0,0,192,168,100,5,192,168,220,6
137.0,137.0,UDP,0.0,1.0,92.0,0,192,168,220,5,192,168,220,255
51357.0,5126.0,TCP,0.0,1.0,58.0,1,192,168,220,16,192,168,200,4
56226.0,80.0,TCP,0.004,5.0,479.0,1,192,168,220,16,192,168,100,6
445.0,43183.0,TCP,0.0,1.0,108.0,0,192,168,100,5,192,168,200,4
36241.0,80.0,TCP,0.005,6.0,545.0,1,192,168,220,16,192,168,100,6
445.0,58844.0,TCP,0.0,1.0,108.0,0,192,168,100,5,192,168,220,16
34109.0,80.0,TCP,0.004,5.0,479.0,1,192,168,220,16,192,168,100,6
445.0,49094.0,TCP,0.0,1.0,108.0,0,192,168,100,5,192,168,220,8
49511.0,445.0,TCP,0.002,2.0,174.0,0,192,168,220,12,192,168,100,5
445.0,48888.0,TCP,0.0,1.0,108.0,0,192,168,100,5,192,168,220,15
445.0,60689.0,TCP,0.0,1.0,108.0,0,192,168,100,5,192,168,220,13
57911.0,80.0,TCP,0.005,5.0,479.0,1,192,168,220,16,192,168,100,6
34761.0,80.0,TCP,0.005,5.0,479.0,1,192,168,220,16,192,168,100,6
51357.0,46725.0,TCP,0.0,1.0,58.0,1,192,168,220,16,192,168,200,9
37191.0,445.0,TCP,0.0,1.0,66.0,0,192,168,220,7,192,168,100,5
46709.0,445.0,TCP,0.002,2.0,174.0,0,192,168,220,6,192,168,100,5
51357.0,514.0,TCP,0.0,1.0,58.0,1,192,168,220,16,192,168,200,4
58417.0,80.0,TCP,0.006,6.0,545.0,1,192,168,220,16,192,168,100,6
34743.0,445.0,TCP,0.004,2.0,174.0,0,192,168,220,11,192,168,100,5
445.0,46808.0,TCP,0.0,1.0,108.0,0,192,168,100,5,192,168,200,5
49511.0,445.0,TCP,0.003,2.0,174.0,0,192,168,220,12,192,168,100,5
33166.0,80.0,TCP,0.004,6.0,545.0,1,192,168,220,16,192,168,100,6
60761.0,80.0,TCP,0.003,5.0,479.0,1,192,168,220,16,192,168,100,6
445.0,46709.0,TCP,0.0,1.0,108.0,0,192,168,100,5,192,168,220,6
445.0,46709.0,TCP,0.0,1.0,108.0,0,192,168,100,5,192,168,220,6
445.0,49511.0,TCP,0.0,1.0,70.0,0,192,168,100,5,192,168,220,12
445.0,52321.0,TCP,0.0,1.0,108.0,0,192,168,100,5,192,168,220,14
51146.0,445.0,TCP,0.002,2.0,174.0,0,192,168,220,5,192,168,100,5
445.0,37884.0,TCP,0.0,1.0,108.0,0,192,168,100,5,192,168,220,9
37884.0,445.0,TCP,0.005,2.0,174.0,0,192,168,220,9,192,168,100,5
445.0,60689.0,TCP,0.0,1.0,108.0,0,192,168,100,5,192,168,220,13
46709.0,445.0,TCP,0.0,1.0,66.0,0,192,168,220,6,192,168,100,5
58694.0,80.0,TCP,0.004,5.0,479.0,1,192,168,220,16,192,168,100,6
35206.0,80.0,TCP,0.004,5.0,479.0,1,192,168,220,16,192,168,100,6
60689.0,445.0,TCP,0.004,2.0,174.0,0,192,168,220,13,192,168,100,5
57809.0,80.0,TCP,0.004,6.0,545.0,1,192,168,220,16,192,168,100,6
60390.0,80.0,TCP,0.005,5.0,479.0,1,192,168,220,16,192,168,100,6
59981.0,80.0,TCP,0.006,5.0,479.0,1,192,168,220,16,192,168,100,6
59268.0,80.0,TCP,0.004,5.0,479.0,1,192,168,220,16,192,168,100,6
49094.0,445.0,TCP,0.002,2.0,174.0,0,192,168,220,8,192,168,100,5
137.0,137.0,UDP,0.0,1.0,92.0,0,192,168,200,4,192,168,200,255
60689.0,445.0,TCP,0.001,2.0,174.0,0,192,168,220,13,192,168,100,5
35607.0,80.0,TCP,0.004,5.0,479.0,1,192,168,220,16,192,168,100,6
445.0,46709.0,TCP,0.0,1.0,108.0,0,192,168,100,5,192,168,220,6
59676.0,80.0,TCP,0.006,5.0,479.0,1,192,168,220,16,192,168,100,6
58480.0,80.0,TCP,0.005,6.0,545.0,1,192,168,220,16,192,168,100,6
59933.0,80.0,TCP,0.005,6.0,545.0,1,192,168,220,16,192,168,100,6
56827.0,80.0,TCP,0.005,5.0,479.0,1,192,168,220,16,192,168,100,6
43145.0,445.0,TCP,0.0,1.0,66.0,0,192,168,220,4,192,168,100,5
40239.0,445.0,TCP,0.004,2.0,174.0,0,192,168,220,10,192,168,100,5
445.0,40239.0,TCP,0.0,1.0,108.0,0,192,168,100,5,192,168,220,10
57755.0,80.0,TCP,0.005,6.0,545.0,1,192,168,220,16,192,168,100,6
36506.0,80.0,TCP,0.003,5.0,479.0,1,192,168,220,16,192,168,100,6
58616.0,80.0,TCP,0.005,5.0,479.0,1,192,168,220,16,192,168,100,6
37884.0,445.0,TCP,0.0,1.0,66.0,0,192,168,220,9,192,168,100,5
34743.0,445.0,TCP,0.0,1.0,66.0,0,192,168,220,11,192,168,100,5
43183.0,445.0,TCP,0.003,2.0,174.0,0,192,168,200,4,192,168,100,5
37884.0,445.0,TCP,0.001,2.0,174.0,0,192,168,220,9,192,168,100,5
445.0,58844.0,TCP,0.0,1.0,108.0,0,192,168,100,5,192,168,220,16
60481.0,80.0,TCP,0.006,5.0,479.0,1,192,168,220,16,192,168,100,6
52321.0,445.0,TCP,0.004,2.0,174.0,0,192,168,220,14,192,168,100,5
445.0,49094.0,TCP,0.0,1.0,108.0,0,192,168,100,5,192,168,220,8
59702.0,80.0,TCP,0.006,5.0,479.0,1,192,168,220,16,192,168,100,6
34787.0,80.0,TCP,0.006,5.0,479.0,1,192,168,220,16,192,168,100,6
445.0,52321.0,TCP,0.0,1.0,108.0,0,192,168,100,5,192,168,220,14
33569.0,80.0,TCP,0.003,5.0,479.0,1,192,168,220,16,192,168,100,6
59470.0,80.0,TCP,0.006,5.0,479.0,1,192,168,220,16,192,168,100,6
445.0,58844.0,TCP,0.0,1.0,108.0,0,192,168,100,5,192,168,220,16
445.0,37191.0,TCP,0.0,1.0,70.0,0,192,168,100,5,192,168,220,7
51357.0,600.0,TCP,0.0,1.0,58.0,1,192,168,220,16,192,168,200,8
445.0,60689.0,TCP,0.0,1.0,108.0,0,192,168,100,5,192,168,220,13
137.0,137.0,UDP,0.0,1.0,92.0,0,192,168,220,3,192,168,220,255
51357.0,1166.0,TCP,0.0,1.0,58.0,1,192,168,220,16,192,168,200,5
51358.0,10616.0,TCP,0.0,1.0,58.0,1,192,168,220,16,192,168,200,9
48888.0,445.0,TCP,0.002,2.0,174.0,0,192,168,220,15,192,168,100,5
52321.0,445.0,TCP,0.003,2.0,174.0,0,192,168,220,14,192,168,100,5
57765.0,80.0,TCP,0.004,5.0,479.0,1,192,168,220,16,192,168,100,6
57732.0,80.0,TCP,0.005,5.0,479.0,1,192,168,220,16,192,168,100,6
58844.0,445.0,TCP,0.005,2.0,174.0,0,192,168,220,16,192,168,100,5
43145.0,445.0,TCP,0.003,2.0,174.0,0,192,168,220,4,192,168,100,5
46756.0,5905.0,TCP,0.0,1.0,58.0,1,192,168,220,16,192,168,210,5
52321.0,445.0,TCP,0.001,2.0,174.0,0,192,168,220,14,192,168,100,5
57294.0,80.0,TCP,0.004,5.0,479.0,1,192,168,220,16,192,168,100,6
57770.0,80.0,TCP,0.0069999999999999,5.0,479.0,1,192,168,220,16,192,168,100,6
52321.0,445.0,TCP,0.003,2.0,174.0,0,192,168,220,14,192,168,100,5
55361.0,80.0,TCP,0.006,5.0,479.0,1,192,168,220,16,192,168,100,6
51357.0,9100.0,TCP,0.0,1.0,58.0,1,192,168,220,16,192,168,200,1
445.0,48888.0,TCP,0.0,1.0,108.0,0,192,168,100,5,192,168,220,15
445.0,34743.0,TCP,0.0,1.0,108.0,0,192,168,100,5,192,168,220,11
58651.0,80.0,TCP,0.005,5.0,479.0,1,192,168,220,16,192,168,100,6
58702.0,80.0,TCP,0.006,5.0,479.0,1,192,168,220,16,192,168,100,6
60769.0,80.0,TCP,0.004,5.0,479.0,1,192,168,220,16,192,168,100,6
445.0,37191.0,TCP,0.0,1.0,70.0,0,192,168,100,5,192,168,220,7
445.0,46709.0,TCP,0.0,1.0,108.0,0,192,168,100,5,192,168,220,6
60689.0,445.0,TCP,0.005,2.0,174.0,0,192,168,220,13,192,168,100,5
445.0,48888.0,TCP,0.0,1.0,108.0,0,192,168,100,5,192,168,220,15
56905.0,80.0,TCP,0.005,5.0,479.0,1,192,168,220,16,192,168,100,6
59945.0,80.0,TCP,0.005,5.0,479.0,1,192,168,220,16,192,168,100,6
34743.0,445.0,TCP,0.002,2.0,174.0,0,192,168,220,11,192,168,100,5
59188.0,80.0,TCP,0.003,6.0,545.0,1,192,168,220,16,192,168,100,6
445.0,40239.0,TCP,0.0,1.0,108.0,0,192,168,100,5,192,168,220,10
60689.0,445.0,TCP,0.002,2.0,174.0,0,192,168,220,13,192,168,100,5
56111.0,80.0,TCP,0.004,5.0,479.0,1,192,168,220,16,192,168,100,6
138.0,138.0,UDP,0.0,1.0,262.0,0,192,168,220,10,192,168,220,255
138.0,138.0,UDP,0.0,1.0,262.0,0,192,168,220,4,192,168,220,255
48888.0,445.0,TCP,0.004,2.0,174.0,0,192,168,220,15,192,168,100,5
46808.0,445.0,TCP,0.003,2.0,174.0,0,192,168,200,5,192,168,100,5
58455.0,80.0,TCP,0.005,5.0,479.0,1,192,168,220,16,192,168,100,6
34743.0,445.0,TCP,0.0,1.0,66.0,0,192,168,220,11,192,168,100,5
46808.0,445.0,TCP,0.003,2.0,174.0,0,192,168,200,5,192,168,100,5
60525.0,80.0,TCP,0.004,6.0,545.0,1,192,168,220,16,192,168,100,6
35204.0,80.0,TCP,0.005,6.0,545.0,1,192,168,220,16,192,168,100,6
445.0,60689.0,TCP,0.0,1.0,70.0,0,192,168,100,5,192,168,220,13
51146.0,445.0,TCP,0.002,2.0,174.0,0,192,168,220,5,192,168,100,5
58844.0,445.0,TCP,0.001,2.0,174.0,0,192,168,220,16,192,168,100,5
58424.0,80.0,TCP,0.001,5.0,479.0,1,192,168,220,16,192,168,100,6
49511.0,445.0,TCP,0.005,2.0,174.0,0,192,168,220,12,192,168,100,5
445.0,49511.0,TCP,0.0,1.0,70.0,0,192,168,100,5,192,168,220,12
445.0,37191.0,TCP,0.0,1.0,70.0,0,192,168,100,5,192,168,220,7
445.0,49094.0,TCP,0.0,1.0,108.0,0,192,168,100,5,192,168,220,8
445.0,46709.0,TCP,0.0,1.0,108.0,0,192,168,100,5,192,168,220,6
58455.0,80.0,TCP,0.003,5.0,479.0,1,192,168,220,16,192,168,100,6
43145.0,445.0,TCP,0.002,2.0,174.0,0,192,168,220,4,192,168,100,5
46808.0,445.0,TCP,0.004,2.0,174.0,0,192,168,200,5,192,168,100,5
34199.0,80.0,TCP,0.003,6.0,545.0,1,192,168,220,16,192,168,100,6
57298.0,80.0,TCP,0.003,5.0,479.0,1,192,168,220,16,192,168,100,6
40239.0,445.0,TCP,0.004,2.0,174.0,0,192,168,220,10,192,168,100,5
57924.0,80.0,TCP,0.005,5.0,479.0,1,192,168,220,16,192,168,100,6
55975.0,80.0,TCP,0.003,5.0,479.0,1,192,168,220,16,192,168,100,6
56445.0,80.0,TCP,0.002,5.0,479.0,1,192,168,220,16,192,168,100,6
51146.0,445.0,TCP,0.0,1.0,66.0,0,192,168,220,5,192,168,100,5
59568.0,80.0,TCP,0.005,5.0,479.0,1,192,168,220,16,192,168,100,6
60679.0,80.0,TCP,0.005,6.0,545.0,1,192,168,220,16,192,168,100,6
56504.0,80.0,TCP,0.004,5.0,479.0,1,192,168,220,16,192,168,100,6
59537.0,80.0,TCP,0.005,5.0,479.0,1,192,168,220,16,192,168,100,6
51357.0,5909.0,TCP,0.0,1.0,58.0,1,192,168,220,16,192,168,200,4
445.0,60689.0,TCP,0.0,1.0,108.0,0,192,168,100,5,192,168,220,13
445.0,37191.0,TCP,0.0,1.0,108.0,0,192,168,100,5,192,168,220,7
60537.0,80.0,TCP,0.005,6.0,545.0,1,192,168,220,16,192,168,100,6
51357.0,2357.0,TCP,0.0,1.0,58.0,1,192,168,220,16,192,168,200,2
37191.0,445.0,TCP,0.003,2.0,174.0,0,192,168,220,7,192,168,100,5
445.0,49511.0,TCP,0.0,1.0,70.0,0,192,168,100,5,192,168,220,12
58708.0,80.0,TCP,0.005,5.0,479.0,1,192,168,220,16,192,168,100,6
58376.0,80.0,TCP,0.005,5.0,479.0,1,192,168,220,16,192,168,100,6
34198.0,80.0,TCP,0.002,6.0,545.0,1,192,168,220,16,192,168,100,6
49511.0,445.0,TCP,0.006,2.0,174.0,0,192,168,220,12,192,168,100,5
33798.0,80.0,TCP,0.003,5.0,479.0,1,192,168,220,16,192,168,100,6
59877.0,80.0,TCP,0.002,6.0,545.0,1,192,168,220,16,192,168,100,6
36169.0,80.0,TCP,0.004,5.0,479.0,1,192,168,220,16,192,168,100,6
445.0,34743.0,TCP,0.0,1.0,108.0,0,192,168,100,5,192,168,220,11
48888.0,445.0,TCP,0.0,1.0,66.0,0,192,168,220,15,192,168,100,5
34180.0,80.0,TCP,0.005,5.0,479.0,1,192,168,220,16,192,168,100,6
58405.0,80.0,TCP,0.004,5.0,479.0,1,192,168,220,16,192,168,100,6
59213.0,80.0,TCP,0.004,5.0,479.0,1,192,168,220,16,192,168,100,6
49094.0,445.0,TCP,0.005,2.0,174.0,0,192,168,220,8,192,168,100,5
48888.0,445.0,TCP,0.003,2.0,174.0,0,192,168,220,15,192,168,100,5
445.0,43145.0,TCP,0.0,1.0,108.0,0,192,168,100,5,192,168,220,4
36138.0,80.0,TCP,0.006,5.0,479.0,1,192,168,220,16,192,168,100,6
445.0,49511.0,TCP,0.0,1.0,108.0,0,192,168,100,5,192,168,220,12
137.0,137.0,UDP,0.0,1.0,92.0,0,192,168,220,4,192,168,220,255
445.0,48888.0,TCP,0.0,1.0,108.0,0,192,168,100,5,192,168,220,15
445.0,46808.0,TCP,0.0,1.0,108.0,0,192,168,100,5,192,168,200,5
51486.0,25.0,TCP,0.004,6.0,58.0,1,192,168,220,16,192,168,200,5
57663.0,80.0,TCP,0.004,6.0,545.0,1,192,168,220,16,192,168,100,6
59813.0,80.0,TCP,0.004,5.0,479.0,1,192,168,220,16,192,168,100,6
60627.0,80.0,TCP,0.004,5.0,479.0,1,192,168,220,16,192,168,100,6
51357.0,1088.0,TCP,0.0,1.0,58.0,1,192,168,220,16,192,168,200,5
33840.0,80.0,TCP,0.006,5.0,479.0,1,192,168,220,16,192,168,100,6
445.0,58844.0,TCP,0.0,1.0,108.0,0,192,168,100,5,192,168,220,16
51358.0,643.0,TCP,0.0,1.0,58.0,1,192,168,220,16,192,168,200,8
43145.0,445.0,TCP,0.001,2.0,174.0,0,192,168,220,4,192,168,100,5
137.0,137.0,UDP,0.0,1.0,92.0,0,192,168,220,15,192,168,220,255
37191.0,445.0,TCP,0.0,2.0,174.0,0,192,168,220,7,192,168,100,5
56675.0,80.0,TCP,0.006,5.0,479.0,1,192,168,220,16,192,168,100,6
46709.0,445.0,TCP,0.003,2.0,174.0,0,192,168,220,6,192,168,100,5
445.0,58844.0,TCP,0.0,1.0,108.0,0,192,168,100,5,192,168,220,16
445.0,51146.0,TCP,0.0,1.0,108.0,0,192,168,100,5,192,168,220,5
57814.0,80.0,TCP,0.004,5.0,479.0,1,192,168,220,16,192,168,100,6
60365.0,80.0,TCP,0.006,5.0,479.0,1,192,168,220,16,192,168,100,6
445.0,60689.0,TCP,0.0,1.0,108.0,0,192,168,100,5,192,168,220,13
445.0,49094.0,TCP,0.0,1.0,108.0,0,192,168,100,5,192,168,220,8
57762.0,80.0,TCP,0.004,6.0,545.0,1,192,168,220,16,192,168,100,6
59075.0,80.0,TCP,0.002,5.0,479.0,1,192,168,220,16,192,168,100,6
445.0,43145.0,TCP,0.0,1.0,108.0,0,192,168,100,5,192,168,220,4
49511.0,445.0,TCP,0.002,2.0,174.0,0,192,168,220,12,192,168,100,5
48888.0,445.0,TCP,0.0,1.0,66.0,0,192,168,220,15,192,168,100,5
60780.0,80.0,TCP,0.006,5.0,479.0,1,192,168,220,16,192,168,100,6
445.0,58844.0,TCP,0.0,1.0,108.0,0,192,168,100,5,192,168,220,16
51357.0,9666.0,TCP,0.0,1.0,58.0,1,192,168,220,16,192,168,200,2
445.0,34743.0,TCP,0.0,1.0,108.0,0,192,168,100,5,192,168,220,11
51431.0,135.0,TCP,0.004,2.0,112.0,1,192,168,220,16,192,168,200,9
56466.0,80.0,TCP,0.005,6.0,545.0,1,192,168,220,16,192,168,100,6
56139.0,80.0,TCP,0.006,5.0,479.0,1,192,168,220,16,192,168,100,6
58844.0,445.0,TCP,0.004,2.0,174.0,0,192,168,220,16,192,168,100,5
445.0,37884.0,TCP,0.0,1.0,108.0,0,192,168,100,5,192,168,220,9
37191.0,445.0,TCP,0.002,2.0,174.0,0,192,168,220,7,192,168,100,5
445.0,40239.0,TCP,0.0,1.0,108.0,0,192,168,100,5,192,168,220,10
48888.0,445.0,TCP,0.0,1.0,66.0,0,192,168,220,15,192,168,100,5
137.0,137.0,UDP,0.0,1.0,92.0,0,192,168,200,4,192,168,200,255
51357.0,4126.0,TCP,0.0,1.0,58.0,1,192,168,220,16,192,168,200,4
445.0,34743.0,TCP,0.0,1.0,108.0,0,192,168,100,5,192,168,220,11
59288.0,80.0,TCP,0.006,5.0,479.0,1,192,168,220,16,192,168,100,6
35253.0,80.0,TCP,0.003,5.0,479.0,1,192,168,220,16,192,168,100,6
56254.0,80.0,TCP,0.003,6.0,545.0,1,192,168,220,16,192,168,100,6
445.0,49094.0,TCP,0.0,1.0,108.0,0,192,168,100,5,192,168,220,8
57298.0,80.0,TCP,0.004,6.0,545.0,1,192,168,220,16,192,168,100,6
34743.0,445.0,TCP,0.002,2.0,174.0,0,192,168,220,11,192,168,100,5
56763.0,80.0,TCP,0.003,5.0,479.0,1,192,168,220,16,192,168,100,6
445.0,58844.0,TCP,0.0,1.0,108.0,0,192,168,100,5,192,168,220,16
58738.0,80.0,TCP,0.004,5.0,479.0,1,192,168,220,16,192,168,100,6
33913.0,80.0,TCP,0.005,5.0,479.0,1,192,168,220,16,192,168,100,6
3546.0,80.0,TCP,0.004,5.0,479.0,1,192,168,220,16,192,168,100,6
35029.0,80.0,TCP,0.003,5.0,479.0,1,192,168,220,16,192,168,100,6
445.0,49094.0,TCP,0.0,1.0,108.0,0,192,168,100,5,192,168,220,8
48888.0,445.0,TCP,0.005,2.0,174.0,0,192,168,220,15,192,168,100,5
58113.0,80.0,TCP,0.005,5.0,479.0,1,192,168,220,16,192,168,100,6
33587.0,80.0,TCP,0.006,5.0,479.0,1,192,168,220,16,192,168,100,6
35293.0,80.0,TCP,0.004,5.0,479.0,1,192,168,220,16,192,168,100,6
48888.0,445.0,TCP,0.003,2.0,174.0,0,192,168,220,15,192,168,100,5
445.0,51146.0,TCP,0.0,1.0,70.0,0,192,168,100,5,192,168,220,5
59637.0,80.0,TCP,0.003,5.0,479.0,1,192,168,220,16,192,168,100,6
58702.0,80.0,TCP,0.005,5.0,479.0,1,192,168,220,16,192,168,100,6
34880.0,80.0,TCP,0.004,5.0,479.0,1,192,168,220,16,192,168,100,6
55679.0,80.0,TCP,0.005,6.0,545.0,1,192,168,220,16,192,168,100,6
59116.0,80.0,TCP,0.006,6.0,545.0,1,192,168,220,16,192,168,100,6
58455.0,80.0,TCP,0.002,5.0,479.0,1,192,168,220,16,192,168,100,6
445.0,52321.0,TCP,0.0,1.0,108.0,0,192,168,100,5,192,168,220,14
137.0,137.0,UDP,0.0,1.0,92.0,0,192,168,220,9,192,168,220,255
55567.0,80.0,TCP,0.003,5.0,479.0,1,192,168,220,16,192,168,100,6
33004.0,80.0,TCP,0.004,5.0,479.0,1,192,168,220,16,192,168,100,6
445.0,40239.0,TCP,0.0,1.0,108.0,0,192,168,100,5,192,168,220,10
445.0,49094.0,TCP,0.0,1.0,108.0,0,192,168,100,5,192,168,220,8
48888.0,445.0,TCP,0.001,2.0,174.0,0,192,168,220,15,192,168,100,5
58840.0,80.0,TCP,0.005,5.0,479.0,1,192,168,220,16,192,168,100,6
51146.0,445.0,TCP,0.003,2.0,174.0,0,192,168,220,5,192,168,100,5
36870.0,80.0,TCP,0.006,5.0,479.0,1,192,168,220,16,192,168,100,6
37191.0,445.0,TCP,0.005,2.0,174.0,0,192,168,220,7,192,168,100,5
40239.0,445.0,TCP,0.002,2.0,174.0,0,192,168,220,10,192,168,100,5
445.0,40239.0,TCP,0.0,1.0,108.0,0,192,168,100,5,192,168,220,10
49094.0,445.0,TCP,0.002,2.0,174.0,0,192,168,220,8,192,168,100,5
58404.0,80.0,TCP,0.003,5.0,479.0,1,192,168,220,16,192,168,100,6
5907.0,80.0,TCP,0.004,5.0,479.0,1,192,168,220,16,192,168,100,6
59106.0,80.0,TCP,0.0069999999999999,6.0,545.0,1,192,168,220,16,192,168,100,6
59752.0,80.0,TCP,0.003,6.0,545.0,1,192,168,220,16,192,168,100,6
55946.0,80.0,TCP,0.006,6.0,545.0,1,192,168,220,16,192,168,100,6
137.0,137.0,UDP,0.0,1.0,92.0,0,192,168,200,5,192,168,200,255
58736.0,80.0,TCP,0.003,6.0,545.0,1,192,168,220,16,192,168,100,6
137.0,137.0,UDP,0.0,1.0,92.0,0,192,168,220,13,192,168,220,255
36000.0,80.0,TCP,0.0069999999999999,6.0,545.0,1,192,168,220,16,192,168,100,6
445.0,48888.0,TCP,0.0,1.0,108.0,0,192,168,100,5,192,168,220,15
35135.0,80.0,TCP,0.003,5.0,479.0,1,192,168,220,16,192,168,100,6
59984.0,80.0,TCP,0.004,5.0,479.0,1,192,168,220,16,192,168,100,6
60414.0,80.0,TCP,0.003,5.0,479.0,1,192,168,220,16,192,168,100,6
445.0,43183.0,TCP,0.0,1.0,108.0,0,192,168,100,5,192,168,200,4
55502.0,80.0,TCP,0.0069999999999999,5.0,479.0,1,192,168,220,16,192,168,100,6
48888.0,445.0,TCP,0.004,2.0,174.0,0,192,168,220,15,192,168,100,5
49511.0,445.0,TCP,0.002,2.0,174.0,0,192,168,220,12,192,168,100,5
56680.0,80.0,TCP,0.006,5.0,479.0,1,192,168,220,16,192,168,100,6
34279.0,80.0,TCP,0.006,5.0,479.0,1,192,168,220,16,192,168,100,6
58804.0,80.0,TCP,0.003,5.0,479.0,1,192,168,220,16,192,168,100,6
43145.0,445.0,TCP,0.004,2.0,174.0,0,192,168,220,4,192,168,100,5
34630.0,80.0,TCP,0.004,5.0,479.0,1,192,168,220,16,192,168,100,6
445.0,49094.0,TCP,0.0,1.0,108.0,0,192,168,100,5,192,168,220,8
40239.0,445.0,TCP,0.003,2.0,174.0,0,192,168,220,10,192,168,100,5
52581.0,587.0,TCP,0.139,11.0,1494.0,0,192,168,220,13,192,168,100,4
46755.0,6689.0,TCP,0.0,1.0,58.0,1,192,168,220,16,192,168,210,5
33362.0,80.0,TCP,0.005,5.0,479.0,1,192,168,220,16,192,168,100,6
445.0,52321.0,TCP,0.0,1.0,108.0,0,192,168,100,5,192,168,220,14
35751.0,80.0,TCP,0.003,5.0,479.0,1,192,168,220,16,192,168,100,6
60233.0,80.0,TCP,0.004,5.0,479.0,1,192,168,220,16,192,168,100,6
59039.0,80.0,TCP,0.005,5.0,479.0,1,192,168,220,16,192,168,100,6
445.0,58844.0,TCP,0.0,1.0,108.0,0,192,168,100,5,192,168,220,16
37191.0,445.0,TCP,0.004,2.0,174.0,0,192,168,220,7,192,168,100,5
32867.0,80.0,TCP,0.003,5.0,479.0,1,192,168,220,16,192,168,100,6
60630.0,80.0,TCP,0.006,5.0,479.0,1,192,168,220,16,192,168,100,6
60689.0,445.0,TCP,0.0,1.0,66.0,0,192,168,220,13,192,168,100,5
43183.0,445.0,TCP,0.001,2.0,174.0,0,192,168,200,4,192,168,100,5
58353.0,80.0,TCP,0.005,5.0,479.0,1,192,168,220,16,192,168,100,6
587.0,54725.0,TCP,0.0,1.0,54.0,1,192,168,100,4,192,168,200,8
33153.0,80.0,TCP,0.002,5.0,479.0,1,192,168,220,16,192,168,100,6
52321.0,445.0,TCP,0.005,2.0,174.0,0,192,168,220,14,192,168,100,5
445.0,34743.0,TCP,0.0,1.0,108.0,0,192,168,100,5,192,168,220,11
58701.0,80.0,TCP,0.006,6.0,545.0,1,192,168,220,16,192,168,100,6
445.0,37884.0,TCP,0.0,1.0,108.0,0,192,168,100,5,192,168,220,9
60689.0,80.0,TCP,0.004,5.0,479.0,1,192,168,220,16,192,168,100,6
60568.0,80.0,TCP,0.006,5.0,479.0,1,192,168,220,16,192,168,100,6
60689.0,445.0,TCP,0.004,2.0,174.0,0,192,168,220,13,192,168,100,5
56702.0,80.0,TCP,0.006,5.0,479.0,1,192,168,220,16,192,168,100,6
445.0,60689.0,TCP,0.0,1.0,108.0,0,192,168,100,5,192,168,220,13
49511.0,445.0,TCP,0.002,2.0,174.0,0,192,168,220,12,192,168,100,5
445.0,43183.0,TCP,0.5,2.0,511.0,0,192,168,100,5,192,168,200,4
32863.0,80.0,TCP,0.002,5.0,479.0,1,192,168,220,16,192,168,100,6
445.0,49094.0,TCP,0.0,1.0,108.0,0,192,168,100,5,192,168,220,8
55915.0,80.0,TCP,0.004,6.0,545.0,1,192,168,220,16,192,168,100,6
59997.0,80.0,TCP,0.003,5.0,479.0,1,192,168,220,16,192,168,100,6
46808.0,445.0,TCP,0.003,2.0,174.0,0,192,168,200,5,192,168,100,5
34743.0,445.0,TCP,0.002,2.0,174.0,0,192,168,220,11,192,168,100,5
46709.0,445.0,TCP,0.004,2.0,174.0,0,192,168,220,6,192,168,100,5
46709.0,445.0,TCP,0.004,2.0,174.0,0,192,168,220,6,192,168,100,5
43183.0,445.0,TCP,0.003,2.0,174.0,0,192,168,200,4,192,168,100,5
37884.0,445.0,TCP,0.001,2.0,174.0,0,192,168,220,9,192,168,100,5
445.0,37191.0,TCP,0.0,1.0,108.0,0,192,168,100,5,192,168,220,7
445.0,49094.0,TCP,0.0,1.0,108.0,0,192,168,100,5,192,168,220,8
57715.0,80.0,TCP,0.005,6.0,545.0,1,192,168,220,16,192,168,100,6
37051.0,80.0,TCP,0.005,5.0,479.0,1,192,168,220,16,192,168,100,6
34743.0,445.0,TCP,0.003,2.0,174.0,0,192,168,220,11,192,168,100,5
445.0,49094.0,TCP,0.0,1.0,108.0,0,192,168,100,5,192,168,220,8
445.0,43145.0,TCP,0.0,1.0,108.0,0,192,168,100,5,192,168,220,4
60762.0,80.0,TCP,0.005,5.0,479.0,1,192,168,220,16,192,168,100,6
35233.0,80.0,TCP,0.004,5.0,479.0,1,192,168,220,16,192,168,100,6
58458.0,80.0,TCP,0.005,5.0,479.0,1,192,168,220,16,192,168,100,6
46709.0,445.0,TCP,0.005,2.0,174.0,0,192,168,220,6,192,168,100,5
445.0,37191.0,TCP,0.0,1.0,108.0,0,192,168,100,5,192,168,220,7
37884.0,445.0,TCP,0.005,2.0,174.0,0,192,168,220,9,192,168,100,5
43145.0,445.0,TCP,0.001,2.0,174.0,0,192,168,220,4,192,168,100,5
58684.0,80.0,TCP,0.003,5.0,479.0,1,192,168,220,16,192,168,100,6
57910.0,80.0,TCP,0.005,5.0,479.0,1,192,168,220,16,192,168,100,6
60458.0,80.0,TCP,0.005,5.0,479.0,1,192,168,220,16,192,168,100,6
445.0,37884.0,TCP,0.0,1.0,108.0,0,192,168,100,5,192,168,220,9
445.0,40239.0,TCP,0.0,1.0,108.0,0,192,168,100,5,192,168,220,10
59100.0,80.0,TCP,0.003,5.0,479.0,1,192,168,220,16,192,168,100,6
60620.0,80.0,TCP,0.003,5.0,479.0,1,192,168,220,16,192,168,100,6
56834.0,80.0,TCP,0.003,5.0,479.0,1,192,168,220,16,192,168,100,6
52321.0,445.0,TCP,0.001,2.0,174.0,0,192,168,220,14,192,168,100,5
51357.0,1021.0,TCP,0.0,1.0,58.0,1,192,168,220,16,192,168,200,9
33765.0,80.0,TCP,0.005,5.0,479.0,1,192,168,220,16,192,168,100,6
138.0,138.0,UDP,0.0,1.0,243.0,0,192,168,200,8,192,168,200,255
59073.0,80.0,TCP,0.004,5.0,479.0,1,192,168,220,16,192,168,100,6
43183.0,445.0,TCP,0.004,2.0,174.0,0,192,168,200,4,192,168,100,5
49094.0,445.0,TCP,0.0,1.0,66.0,0,192,168,220,8,192,168,100,5
60503.0,80.0,TCP,0.0069999999999999,6.0,545.0,1,192,168,220,16,192,168,100,6
58844.0,445.0,TCP,0.003,2.0,174.0,0,192,168,220,16,192,168,100,5
587.0,53844.0,TCP,0.07,11.0,2907.0,0,192,168,100,4,192,168,210,5
445.0,49511.0,TCP,0.0,1.0,108.0,0,192,168,100,5,192,168,220,12
46808.0,445.0,TCP,0.005,2.0,174.0,0,192,168,200,5,192,168,100,5
445.0,43145.0,TCP,0.0,1.0,70.0,0,192,168,100,5,192,168,220,4
57949.0,80.0,TCP,0.005,5.0,479.0,1,192,168,220,16,192,168,100,6
60639.0,80.0,TCP,0.005,6.0,545.0,1,192,168,220,16,192,168,100,6
57803.0,80.0,TCP,0.006,6.0,545.0,1,192,168,220,16,192,168,100,6
445.0,51146.0,TCP,0.0,1.0,108.0,0,192,168,100,5,192,168,220,5
32881.0,80.0,TCP,0.006,5.0,479.0,1,192,168,220,16,192,168,100,6
445.0,49511.0,TCP,0.0,1.0,108.0,0,192,168,100,5,192,168,220,12
445.0,40239.0,TCP,0.0,1.0,108.0,0,192,168,100,5,192,168,220,10
37884.0,445.0,TCP,0.0069999999999999,2.0,174.0,0,192,168,220,9,192,168,100,5
46808.0,445.0,TCP,0.002,2.0,174.0,0,192,168,200,5,192,168,100,5
57864.0,80.0,TCP,0.004,6.0,545.0,1,192,168,220,16,192,168,100,6
59256.0,80.0,TCP,0.004,5.0,479.0,1,192,168,220,16,192,168,100,6
58946.0,80.0,TCP,0.003,5.0,479.0,1,192,168,220,16,192,168,100,6
58420.0,80.0,TCP,0.005,5.0,479.0,1,192,168,220,16,192,168,100,6
52321.0,445.0,TCP,0.005,2.0,174.0,0,192,168,220,14,192,168,100,5
46808.0,445.0,TCP,0.0,2.0,174.0,0,192,168,200,5,192,168,100,5
59943.0,80.0,TCP,0.002,6.0,545.0,1,192,168,220,16,192,168,100,6
34873.0,80.0,TCP,0.004,5.0,479.0,1,192,168,220,16,192,168,100,6
58353.0,80.0,TCP,0.006,5.0,479.0,1,192,168,220,16,192,168,100,6
57786.0,80.0,TCP,0.004,5.0,479.0,1,192,168,220,16,192,168,100,6
51358.0,7.0,TCP,0.0,1.0,58.0,1,192,168,220,16,192,168,200,8
36923.0,80.0,TCP,0.004,5.0,479.0,1,192,168,220,16,192,168,100,6
445.0,49511.0,TCP,0.0,1.0,108.0,0,192,168,100,5,192,168,220,12
60475.0,80.0,TCP,0.004,5.0,479.0,1,192,168,220,16,192,168,100,6
58322.0,80.0,TCP,0.004,6.0,545.0,1,192,168,220,16,192,168,100,6
35299.0,80.0,TCP,0.005,5.0,479.0,1,192,168,220,16,192,168,100,6
37191.0,445.0,TCP,0.003,2.0,174.0,0,192,168,220,7,192,168,100,5
445.0,48888.0,TCP,0.0,1.0,108.0,0,192,168,100,5,192,168,220,15
60369.0,80.0,TCP,0.005,6.0,545.0,1,192,168,220,16,192,168,100,6
46808.0,445.0,TCP,0.002,2.0,174.0,0,192,168,200,5,192,168,100,5
137.0,137.0,UDP,0.0,1.0,92.0,0,192,168,220,13,192,168,220,255
58392.0,80.0,TCP,0.002,5.0,479.0,1,192,168,220,16,192,168,100,6
445.0,51146.0,TCP,0.0,1.0,108.0,0,192,168,100,5,192,168,220,5
445.0,46709.0,TCP,0.0,1.0,108.0,0,192,168,100,5,192,168,220,6
59823.0,80.0,TCP,0.005,5.0,479.0,1,192,168,220,16,192,168,100,6
36757.0,80.0,TCP,0.004,5.0,479.0,1,192,168,220,16,192,168,100,6
46709.0,445.0,TCP,0.003,2.0,174.0,0,192,168,220,6,192,168,100,5
37191.0,445.0,TCP,0.002,2.0,174.0,0,192,168,220,7,192,168,100,5
32871.0,80.0,TCP,0.004,6.0,545.0,1,192,168,220,16,192,168,100,6
445.0,49511.0,TCP,0.0,1.0,108.0,0,192,168,100,5,192,168,220,12
445.0,37191.0,TCP,0.0,1.0,108.0,0,192,168,100,5,192,168,220,7
137.0,137.0,UDP,0.0,1.0,92.0,0,192,168,220,6,192,168,220,255
49094.0,445.0,TCP,0.0,1.0,66.0,0,192,168,220,8,192,168,100,5
445.0,43145.0,TCP,0.0,1.0,108.0,0,192,168,100,5,192,168,220,4
58287.0,80.0,TCP,0.003,5.0,479.0,1,192,168,220,16,192,168,100,6
445.0,60689.0,TCP,0.0,1.0,108.0,0,192,168,100,5,192,168,220,13
51358.0,3810.0,TCP,0.0,1.0,58.0,1,192,168,220,16,192,168,200,8
37884.0,445.0,TCP,0.003,2.0,174.0,0,192,168,220,9,192,168,100,5
58321.0,80.0,TCP,0.002,5.0,479.0,1,192,168,220,16,192,168,100,6
51146.0,445.0,TCP,0.004,2.0,174.0,0,192,168,220,5,192,168,100,5
58844.0,445.0,TCP,0.004,2.0,174.0,0,192,168,220,16,192,168,100,5
58765.0,80.0,TCP,0.002,5.0,479.0,1,192,168,220,16,192,168,100,6
445.0,37884.0,TCP,0.0,1.0,108.0,0,192,168,100,5,192,168,220,9
51146.0,445.0,TCP,0.005,2.0,174.0,0,192,168,220,5,192,168,100,5
43145.0,445.0,TCP,0.003,2.0,174.0,0,192,168,220,4,192,168,100,5
56878.0,80.0,TCP,0.004,5.0,479.0,1,192,168,220,16,192,168,100,6
51357.0,1065.0,TCP,0.0,1.0,58.0,1,192,168,220,16,192,168,200,5
34129.0,80.0,TCP,0.006,6.0,545.0,1,192,168,220,16,192,168,100,6
51358.0,10002.0,TCP,0.0,1.0,58.0,1,192,168,220,16,192,168,200,8
445.0,34743.0,TCP,0.0,1.0,108.0,0,192,168,100,5,192,168,220,11
445.0,60689.0,TCP,0.0,1.0,108.0,0,192,168,100,5,192,168,220,13
445.0,34743.0,TCP,0.0,1.0,108.0,0,192,168,100,5,192,168,220,11
59537.0,80.0,TCP,0.003,5.0,479.0,1,192,168,220,16,192,168,100,6
46709.0,445.0,TCP,0.005,2.0,174.0,0,192,168,220,6,192,168,100,5
52321.0,445.0,TCP,0.005,2.0,174.0,0,192,168,220,14,192,168,100,5
34743.0,445.0,TCP,0.003,2.0,174.0,0,192,168,220,11,192,168,100,5
137.0,137.0,UDP,0.0,1.0,92.0,0,192,168,220,12,192,168,220,255
49094.0,445.0,TCP,0.005,2.0,174.0,0,192,168,220,8,192,168,100,5
35268.0,80.0,TCP,0.006,5.0,479.0,1,192,168,220,16,192,168,100,6
48888.0,445.0,TCP,0.0,1.0,66.0,0,192,168,220,15,192,168,100,5
56414.0,80.0,TCP,0.002,5.0,479.0,1,192,168,220,16,192,168,100,6
46756.0,1068.0,TCP,0.0,1.0,58.0,1,192,168,220,16,192,168,210,5
60534.0,80.0,TCP,0.005,5.0,479.0,1,192,168,220,16,192,168,100,6
445.0,37884.0,TCP,0.0,1.0,108.0,0,192,168,100,5,192,168,220,9
60933.0,80.0,TCP,0.004,5.0,479.0,1,192,168,220,16,192,168,100,6
36201.0,80.0,TCP,0.002,6.0,545.0,1,192,168,220,16,192,168,100,6
445.0,34743.0,TCP,0.0,1.0,108.0,0,192,168,100,5,192,168,220,11
445.0,46808.0,TCP,0.0,1.0,108.0,0,192,168,100,5,192,168,200,5
58920.0,80.0,TCP,0.003,5.0,479.0,1,192,168,220,16,192,168,100,6
49511.0,445.0,TCP,0.002,2.0,174.0,0,192,168,220,12,192,168,100,5
34743.0,445.0,TCP,0.003,2.0,174.0,0,192,168,220,11,192,168,100,5
138.0,138.0,UDP,0.0,1.0,262.0,0,192,168,220,16,192,168,220,255
35204.0,80.0,TCP,0.006,5.0,479.0,1,192,168,220,16,192,168,100,6
58386.0,80.0,TCP,0.004,5.0,479.0,1,192,168,220,16,192,168,100,6
51358.0,1027.0,TCP,0.0,1.0,58.0,1,192,168,220,16,192,168,200,8
445.0,43183.0,TCP,0.0,1.0,108.0,0,192,168,100,5,192,168,200,4
33391.0,80.0,TCP,0.004,5.0,479.0,1,192,168,220,16,192,168,100,6
57445.0,80.0,TCP,0.003,5.0,479.0,1,192,168,220,16,192,168,100,6
58844.0,445.0,TCP,0.004,2.0,174.0,0,192,168,220,16,192,168,100,5
445.0,49094.0,TCP,0.0,1.0,108.0,0,192,168,100,5,192,168,220,8
34809.0,80.0,TCP,0.004,5.0,479.0,1,192,168,220,16,192,168,100,6
57763.0,80.0,TCP,0.006,5.0,479.0,1,192,168,220,16,192,168,100,6
52321.0,445.0,TCP,1.092,4.0,500000.0,0,192,168,220,14,192,168,100,5
57529.0,80.0,TCP,0.004,5.0,479.0,1,192,168,220,16,192,168,100,6
56526.0,80.0,TCP,0.006,5.0,479.0,1,192,168,220,16,192,168,100,6
36940.0,80.0,TCP,0.004,5.0,479.0,1,192,168,220,16,192,168,100,6
445.0,40239.0,TCP,0.0,1.0,108.0,0,192,168,100,5,192,168,220,10
52321.0,445.0,TCP,0.004,2.0,174.0,0,192,168,220,14,192,168,100,5
445.0,34743.0,TCP,0.0,1.0,108.0,0,192,168,100,5,192,168,220,11
445.0,37884.0,TCP,0.0,1.0,108.0,0,192,168,100,5,192,168,220,9
445.0,51146.0,TCP,0.0,1.0,108.0,0,192,168,100,5,192,168,220,5
445.0,43145.0,TCP,0.0,1.0,108.0,0,192,168,100,5,192,168,220,4
445.0,48888.0,TCP,0.0,1.0,108.0,0,192,168,100,5,192,168,220,15
60608.0,80.0,TCP,0.006,5.0,479.0,1,192,168,220,16,192,168,100,6
445.0,60689.0,TCP,0.0,1.0,108.0,0,192,168,100,5,192,168,220,13
445.0,40239.0,TCP,0.0,1.0,70.0,0,192,168,100,5,192,168,220,10
137.0,137.0,UDP,0.0,1.0,92.0,0,192,168,220,16,192,168,220,255
138.0,138.0,UDP,0.0,1.0,262.0,0,192,168,220,12,192,168,220,255
59850.0,80.0,TCP,0.0069999999999999,6.0,545.0,1,192,168,220,16,192,168,100,6
138.0,138.0,UDP,0.003,2.0,514.0,0,192,168,220,10,192,168,220,255
57902.0,80.0,TCP,0.005,5.0,479.0,1,192,168,220,16,192,168,100,6
37206.0,80.0,TCP,0.005,5.0,479.0,1,192,168,220,16,192,168,100,6
445.0,37884.0,TCP,0.0,1.0,108.0,0,192,168,100,5,192,168,220,9
33935.0,80.0,TCP,0.003,5.0,479.0,1,192,168,220,16,192,168,100,6
58455.0,80.0,TCP,0.004,5.0,479.0,1,192,168,220,16,192,168,100,6
445.0,48888.0,TCP,0.0,1.0,108.0,0,192,168,100,5,192,168,220,15
35273.0,80.0,TCP,0.004,5.0,479.0,1,192,168,220,16,192,168,100,6
49094.0,445.0,TCP,0.004,2.0,174.0,0,192,168,220,8,192,168,100,5
46808.0,445.0,TCP,0.002,2.0,174.0,0,192,168,200,5,192,168,100,5
49094.0,445.0,TCP,0.001,2.0,174.0,0,192,168,220,8,192,168,100,5
445.0,52321.0,TCP,0.0,1.0,108.0,0,192,168,100,5,192,168,220,14
46808.0,445.0,TCP,0.005,2.0,174.0,0,192,168,200,5,192,168,100,5
43145.0,445.0,TCP,0.003,2.0,174.0,0,192,168,220,4,192,168,100,5
51357.0,1039.0,TCP,0.0,1.0,58.0,1,192,168,220,16,192,168,200,8
445.0,34743.0,TCP,0.0,1.0,108.0,0,192,168,100,5,192,168,220,11
445.0,58844.0,TCP,0.0,1.0,108.0,0,192,168,100,5,192,168,220,16
57940.0,80.0,TCP,0.005,6.0,545.0,1,192,168,220,16,192,168,100,6
35223.0,80.0,TCP,0.004,5.0,479.0,1,192,168,220,16,192,168,100,6
48888.0,445.0,TCP,0.003,2.0,174.0,0,192,168,220,15,192,168,100,5
137.0,137.0,UDP,0.0,1.0,92.0,0,192,168,220,14,192,168,220,255
445.0,37191.0,TCP,0.0,1.0,108.0,0,192,168,100,5,192,168,220,7
60718.0,80.0,TCP,0.005,5.0,479.0,1,192,168,220,16,192,168,100,6
445.0,58844.0,TCP,0.0,1.0,108.0,0,192,168,100,5,192,168,220,16
49094.0,445.0,TCP,0.003,2.0,174.0,0,192,168,220,8,192,168,100,5
56471.0,80.0,TCP,0.004,5.0,479.0,1,192,168,220,16,192,168,100,6
58828.0,80.0,TCP,0.006,6.0,545.0,1,192,168,220,16,192,168,100,6
445.0,46709.0,TCP,0.0,1.0,108.0,0,192,168,100,5,192,168,220,6
445.0,52321.0,TCP,0.0,1.0,108.0,0,192,168,100,5,192,168,220,14
60952.0,80.0,TCP,0.004,6.0,545.0,1,192,168,220,16,192,168,100,6
445.0,43183.0,TCP,0.0,1.0,108.0,0,192,168,100,5,192,168,200,4
37191.0,445.0,TCP,0.0,1.0,66.0,0,192,168,220,7,192,168,100,5
57164.0,80.0,TCP,0.002,5.0,479.0,1,192,168,220,16,192,168,100,6
138.0,138.0,UDP,0.0,1.0,262.0,0,192,168,220,5,192,168,220,255
445.0,37191.0,TCP,0.0,1.0,108.0,0,192,168,100,5,192,168,220,7
445.0,49511.0,TCP,0.0,1.0,108.0,0,192,168,100,5,192,168,220,12
445.0,46709.0,TCP,0.0,1.0,108.0,0,192,168,100,5,192,168,220,6
445.0,52321.0,TCP,0.0,1.0,108.0,0,192,168,100,5,192,168,220,14
445.0,52321.0,TCP,0.0,1.0,108.0,0,192,168,100,5,192,168,220,14
445.0,34743.0,TCP,0.0,1.0,70.0,0,192,168,100,5,192,168,220,11
56958.0,80.0,TCP,0.006,5.0,479.0,1,192,168,220,16,192,168,100,6
445.0,40239.0,TCP,0.0,1.0,108.0,0,192,168,100,5,192,168,220,10
51358.0,33.0,TCP,0.0,1.0,58.0,1,192,168,220,16,192,168,200,8
587.0,32867.0,TCP,0.089,16.0,612.0,0,192,168,100,4,192,168,210,4
33805.0,80.0,TCP,0.003,6.0,545.0,1,192,168,220,16,192,168,100,6
445.0,37191.0,TCP,0.0,1.0,70.0,0,192,168,100,5,192,168,220,7
138.0,138.0,UDP,0.0,1.0,262.0,0,192,168,220,8,192,168,220,255
56783.0,80.0,TCP,0.003,6.0,545.0,1,192,168,220,16,192,168,100,6
445.0,58844.0,TCP,0.0,1.0,108.0,0,192,168,100,5,192,168,220,16
60641.0,80.0,TCP,0.004,6.0,545.0,1,192,168,220,16,192,168,100,6
445.0,49511.0,TCP,0.0,1.0,108.0,0,192,168,100,5,192,168,220,12
137.0,137.0,UDP,0.0,1.0,92.0,0,192,168,200,5,192,168,200,255
58844.0,445.0,TCP,0.003,2.0,174.0,0,192,168,220,16,192,168,100,5
445.0,58844.0,TCP,0.0,1.0,108.0,0,192,168,100,5,192,168,220,16
33423.0,80.0,TCP,0.004,5.0,479.0,1,192,168,220,16,192,168,100,6
59021.0,80.0,TCP,0.004,5.0,479.0,1,192,168,220,16,192,168,100,6
445.0,46709.0,TCP,0.005,2.0,108.0,0,192,168,100,5,192,168,220,6
57943.0,80.0,TCP,0.005,6.0,545.0,1,192,168,220,16,192,168,100,6
59105.0,80.0,TCP,0.003,5.0,479.0,1,192,168,220,16,192,168,100,6
57907.0,80.0,TCP,0.003,5.0,479.0,1,192,168,220,16,192,168,100,6
56834.0,80.0,TCP,0.004,6.0,545.0,1,192,168,220,16,192,168,100,6
445.0,46808.0,TCP,0.0,1.0,108.0,0,192,168,100,5,192,168,200,5
56124.0,80.0,TCP,0.006,5.0,479.0,1,192,168,220,16,192,168,100,6
445.0,58844.0,TCP,0.0,1.0,108.0,0,192,168,100,5,192,168,220,16
445.0,60689.0,TCP,0.021,2.0,108.0,0,192,168,100,5,192,168,220,13
56226.0,80.0,TCP,0.004,5.0,479.0,1,192,168,220,16,192,168,100,6
59522.0,80.0,TCP,0.006,6.0,545.0,1,192,168,220,16,192,168,100,6
445.0,43145.0,TCP,0.0,1.0,70.0,0,192,168,100,5,192,168,220,4
58444.0,80.0,TCP,0.004,6.0,545.0,1,192,168,220,16,192,168,100,6
59522.0,80.0,TCP,0.003,5.0,479.0,1,192,168,220,16,192,168,100,6
37884.0,445.0,TCP,0.004,2.0,174.0,0,192,168,220,9,192,168,100,5
445.0,49094.0,TCP,0.0,1.0,108.0,0,192,168,100,5,192,168,220,8
445.0,37884.0,TCP,0.0,1.0,108.0,0,192,168,100,5,192,168,220,9
37884.0,445.0,TCP,0.004,2.0,174.0,0,192,168,220,9,192,168,100,5
59114.0,80.0,TCP,0.003,6.0,545.0,1,192,168,220,16,192,168,100,6
36000.0,80.0,TCP,0.006,5.0,479.0,1,192,168,220,16,192,168,100,6
36135.0,80.0,TCP,0.002,5.0,479.0,1,192,168,220,16,192,168,100,6
445.0,37884.0,TCP,0.0,1.0,108.0,0,192,168,100,5,192,168,220,9
51435.0,25.0,TCP,0.0,1.0,58.0,1,192,168,220,16,192,168,200,3
49511.0,445.0,TCP,0.004,2.0,174.0,0,192,168,220,12,192,168,100,5
36203.0,80.0,TCP,0.003,5.0,479.0,1,192,168,220,16,192,168,100,6
48888.0,445.0,TCP,0.003,2.0,174.0,0,192,168,220,15,192,168,100,5
59634.0,80.0,TCP,0.001,6.0,545.0,1,192,168,220,16,192,168,100,6
51357.0,5200.0,TCP,0.0,1.0,58.0,1,192,168,220,16,192,168,200,5
58888.0,80.0,TCP,0.004,5.0,479.0,1,192,168,220,16,192,168,100,6
445.0,43183.0,TCP,0.0,1.0,70.0,0,192,168,100,5,192,168,200,4
58844.0,445.0,TCP,0.001,2.0,174.0,0,192,168,220,16,192,168,100,5
57224.0,80.0,TCP,0.004,5.0,479.0,1,192,168,220,16,192,168,100,6
59098.0,80.0,TCP,0.005,6.0,545.0,1,192,168,220,16,192,168,100,6
59012.0,80.0,TCP,0.006,5.0,479.0,1,192,168,220,16,192,168,100,6
60667.0,80.0,TCP,0.006,5.0,479.0,1,192,168,220,16,192,168,100,6
37884.0,445.0,TCP,0.003,2.0,174.0,0,192,168,220,9,192,168,100,5
52321.0,445.0,TCP,0.003,2.0,174.0,0,192,168,220,14,192,168,100,5
37191.0,445.0,TCP,0.004,2.0,174.0,0,192,168,220,7,192,168,100,5
59837.0,80.0,TCP,0.001,5.0,479.0,1,192,168,220,16,192,168,100,6
445.0,43183.0,TCP,0.0,1.0,70.0,0,192,168,100,5,192,168,200,4
59737.0,80.0,TCP,0.003,5.0,479.0,1,192,168,220,16,192,168,100,6
59156.0,80.0,TCP,0.006,5.0,479.0,1,192,168,220,16,192,168,100,6
33861.0,80.0,TCP,0.003,6.0,545.0,1,192,168,220,16,192,168,100,6
445.0,43145.0,TCP,0.0,1.0,70.0,0,192,168,100,5,192,168,220,4
445.0,37191.0,TCP,0.0,1.0,108.0,0,192,168,100,5,192,168,220,7
36967.0,80.0,TCP,0.004,5.0,479.0,1,192,168,220,16,192,168,100,6
35753.0,80.0,TCP,0.006,5.0,479.0,1,192,168,220,16,192,168,100,6
51357.0,2191.0,TCP,0.0,1.0,58.0,1,192,168,220,16,192,168,200,3
36871.0,80.0,TCP,0.005,5.0,479.0,1,192,168,220,16,192,168,100,6
56774.0,80.0,TCP,0.003,6.0,545.0,1,192,168,220,16,192,168,100,6
46709.0,445.0,TCP,0.003,2.0,174.0,0,192,168,220,6,192,168,100,5
46808.0,445.0,TCP,0.002,2.0,174.0,0,192,168,200,5,192,168,100,5
57123.0,80.0,TCP,0.006,6.0,545.0,1,192,168,220,16,192,168,100,6
59861.0,80.0,TCP,0.005,6.0,545.0,1,192,168,220,16,192,168,100,6
34743.0,445.0,TCP,0.004,2.0,174.0,0,192,168,220,11,192,168,100,5
60832.0,80.0,TCP,0.005,5.0,479.0,1,192,168,220,16,192,168,100,6
37191.0,445.0,TCP,0.003,2.0,174.0,0,192,168,220,7,192,168,100,5
57760.0,80.0,TCP,0.006,5.0,479.0,1,192,168,220,16,192,168,100,6
60769.0,80.0,TCP,0.002,5.0,479.0,1,192,168,220,16,192,168,100,6
137.0,137.0,UDP,0.0,1.0,92.0,0,192,168,100,5,192,168,100,255
37884.0,445.0,TCP,0.001,2.0,174.0,0,192,168,220,9,192,168,100,5
445.0,34743.0,TCP,0.0,1.0,70.0,0,192,168,100,5,192,168,220,11
445.0,34743.0,TCP,0.0,1.0,108.0,0,192,168,100,5,192,168,220,11
56901.0,80.0,TCP,0.004,5.0,479.0,1,192,168,220,16,192,168,100,6
58708.0,80.0,TCP,0.006,5.0,479.0,1,192,168,220,16,192,168,100,6
51394.0,25.0,TCP,0.0,1.0,58.0,1,192,168,220,16,192,168,200,5
445.0,40239.0,TCP,0.0,1.0,108.0,0,192,168,100,5,192,168,220,10
58242.0,80.0,TCP,0.005,5.0,479.0,1,192,168,220,16,192,168,100,6
57702.0,80.0,TCP,0.004,6.0,545.0,1,192,168,220,16,192,168,100,6
55789.0,80.0,TCP,0.005,5.0,479.0,1,192,168,220,16,192,168,100,6
445.0,43183.0,TCP,0.0,1.0,108.0,0,192,168,100,5,192,168,200,4
58002.0,80.0,TCP,0.001,5.0,479.0,1,192,168,220,16,192,168,100,6
46709.0,445.0,TCP,0.001,2.0,174.0,0,192,168,220,6,192,168,100,5
37191.0,445.0,TCP,0.003,2.0,174.0,0,192,168,220,7,192,168,100,5
52321.0,445.0,TCP,0.003,2.0,174.0,0,192,168,220,14,192,168,100,5
137.0,137.0,UDP,0.0,1.0,92.0,0,192,168,200,5,192,168,200,255
445.0,51146.0,TCP,0.0,1.0,108.0,0,192,168,100,5,192,168,220,5
46808.0,445.0,TCP,0.0,2.0,174.0,0,192,168,200,5,192,168,100,5
445.0,46709.0,TCP,0.0,1.0,108.0,0,192,168,100,5,192,168,220,6
445.0,46709.0,TCP,0.0,1.0,108.0,0,192,168,100,5,192,168,220,6
59977.0,80.0,TCP,0.004,5.0,479.0,1,192,168,220,16,192,168,100,6
33332.0,80.0,TCP,0.003,5.0,479.0,1,192,168,220,16,192,168,100,6
43183.0,445.0,TCP,0.004,2.0,174.0,0,192,168,200,4,192,168,100,5
445.0,37191.0,TCP,0.0,1.0,108.0,0,192,168,100,5,192,168,220,7
445.0,51146.0,TCP,0.0,1.0,108.0,0,192,168,100,5,192,168,220,5
58287.0,80.0,TCP,0.003,6.0,545.0,1,192,168,220,16,192,168,100,6
40239.0,445.0,TCP,0.005,2.0,174.0,0,192,168,220,10,192,168,100,5
445.0,49094.0,TCP,0.0,1.0,108.0,0,192,168,100,5,192,168,220,8
56792.0,80.0,TCP,0.005,5.0,479.0,1,192,168,220,16,192,168,100,6
51357.0,49519.0,TCP,0.0,1.0,58.0,1,192,168,220,16,192,168,200,4
445.0,58844.0,TCP,0.0,1.0,108.0,0,192,168,100,5,192,168,220,16
51357.0,8086.0,TCP,0.0,1.0,58.0,1,192,168,220,16,192,168,200,1
137.0,137.0,UDP,0.0,1.0,92.0,0,192,168,100,4,192,168,100,255
37884.0,445.0,TCP,0.005,2.0,174.0,0,192,168,220,9,192,168,100,5
137.0,137.0,UDP,0.0,1.0,92.0,0,192,168,220,8,192,168,220,255
58913.0,80.0,TCP,0.005,5.0,479.0,1,192,168,220,16,192,168,100,6
56905.0,80.0,TCP,0.006,6.0,545.0,1,192,168,220,16,192,168,100,6
445.0,40239.0,TCP,0.0,1.0,108.0,0,192,168,100,5,192,168,220,10
56670.0,80.0,TCP,0.004,5.0,479.0,1,192,168,220,16,192,168,100,6
36166.0,80.0,TCP,0.004,5.0,479.0,1,192,168,220,16,192,168,100,6
57790.0,80.0,TCP,0.002,6.0,545.0,1,192,168,220,16,192,168,100,6
445.0,48888.0,TCP,0.0,1.0,108.0,0,192,168,100,5,192,168,220,15
48888.0,445.0,TCP,0.002,2.0,174.0,0,192,168,220,15,192,168,100,5
51357.0,7103.0,TCP,0.0,1.0,58.0,1,192,168,220,16,192,168,200,2
48888.0,445.0,TCP,0.0,1.0,66.0,0,192,168,220,15,192,168,100,5
58844.0,445.0,TCP,0.002,2.0,174.0,0,192,168,220,16,192,168,100,5
43183.0,445.0,TCP,0.003,2.0,174.0,0,192,168,200,4,192,168,100,5
40239.0,445.0,TCP,0.001,2.0,174.0,0,192,168,220,10,192,168,100,5
445.0,43145.0,TCP,0.0,1.0,108.0,0,192,168,100,5,192,168,220,4
49094.0,445.0,TCP,0.0,1.0,66.0,0,192,168,220,8,192,168,100,5
51146.0,445.0,TCP,0.0,2.0,174.0,0,192,168,220,5,192,168,100,5
52321.0,445.0,TCP,0.004,2.0,174.0,0,192,168,220,14,192,168,100,5
46709.0,445.0,TCP,0.0,1.0,66.0,0,192,168,220,6,192,168,100,5
445.0,37884.0,TCP,0.0,1.0,108.0,0,192,168,100,5,192,168,220,9
51358.0,1061.0,TCP,0.0,1.0,58.0,1,192,168,220,16,192,168,200,8
51146.0,445.0,TCP,0.003,2.0,174.0,0,192,168,220,5,192,168,100,5
58920.0,80.0,TCP,0.002,5.0,479.0,1,192,168,220,16,192,168,100,6
35025.0,80.0,TCP,0.003,5.0,479.0,1,192,168,220,16,192,168,100,6
51357.0,1083.0,TCP,0.0,1.0,58.0,1,192,168,220,16,192,168,200,2
37191.0,445.0,TCP,0.002,2.0,174.0,0,192,168,220,7,192,168,100,5
57953.0,80.0,TCP,0.004,6.0,545.0,1,192,168,220,16,192,168,100,6
445.0,51146.0,TCP,0.0,1.0,108.0,0,192,168,100,5,192,168,220,5
51414.0,25.0,TCP,0.0,1.0,58.0,1,192,168,220,16,192,168,200,1
46709.0,445.0,TCP,0.002,2.0,174.0,0,192,168,220,6,192,168,100,5
445.0,37884.0,TCP,0.0,1.0,108.0,0,192,168,100,5,192,168,220,9
35335.0,80.0,TCP,0.004,6.0,545.0,1,192,168,220,16,192,168,100,6
51492.0,25.0,TCP,0.0,1.0,58.0,1,192,168,220,16,192,168,200,4
60552.0,80.0,TCP,0.006,6.0,545.0,1,192,168,220,16,192,168,100,6
32931.0,80.0,TCP,0.004,5.0,479.0,1,192,168,220,16,192,168,100,6
60182.0,80.0,TCP,0.006,6.0,545.0,1,192,168,220,16,192,168,100,6
46709.0,445.0,TCP,0.001,2.0,174.0,0,192,168,220,6,192,168,100,5
51357.0,25.0,TCP,0.0,1.0,58.0,1,192,168,220,16,192,168,200,1
34743.0,445.0,TCP,0.002,2.0,174.0,0,192,168,220,11,192,168,100,5
33430.0,80.0,TCP,0.004,5.0,479.0,1,192,168,220,16,192,168,100,6
445.0,43183.0,TCP,0.0,1.0,108.0,0,192,168,100,5,192,168,200,4
59780.0,80.0,TCP,0.002,5.0,479.0,1,192,168,220,16,192,168,100,6
58844.0,445.0,TCP,0.004,2.0,174.0,0,192,168,220,16,192,168,100,5
51358.0,9268.0,TCP,0.0,1.0,58.0,1,192,168,220,16,192,168,200,9
52321.0,445.0,TCP,0.003,2.0,174.0,0,192,168,220,14,192,168,100,5
445.0,37191.0,TCP,0.0,1.0,108.0,0,192,168,100,5,192,168,220,7
33285.0,80.0,TCP,0.003,6.0,545.0,1,192,168,220,16,192,168,100,6
59093.0,80.0,TCP,0.006,6.0,545.0,1,192,168,220,16,192,168,100,6
59072.0,80.0,TCP,0.006,6.0,545.0,1,192,168,220,16,192,168,100,6
137.0,137.0,UDP,0.0,1.0,92.0,0,192,168,220,7,192,168,220,255
56564.0,80.0,TCP,0.006,5.0,479.0,1,192,168,220,16,192,168,100,6
60689.0,445.0,TCP,0.0,2.0,174.0,0,192,168,220,13,192,168,100,5
445.0,40239.0,TCP,0.0,1.0,70.0,0,192,168,100,5,192,168,220,10
35397.0,80.0,TCP,0.003,5.0,479.0,1,192,168,220,16,192,168,100,6
587.0,57425.0,TCP,0.06,6.0,612.0,0,192,168,100,4,192,168,210,4
59146.0,80.0,TCP,0.003,5.0,479.0,1,192,168,220,16,192,168,100,6
445.0,60689.0,TCP,0.0,1.0,108.0,0,192,168,100,5,192,168,220,13
51358.0,1066.0,TCP,0.0,1.0,58.0,1,192,168,220,16,192,168,200,9
56737.0,80.0,TCP,0.004,5.0,479.0,1,192,168,220,16,192,168,100,6
43145.0,445.0,TCP,0.004,2.0,174.0,0,192,168,220,4,192,168,100,5
60522.0,80.0,TCP,0.006,6.0,545.0,1,192,168,220,16,192,168,100,6
58256.0,80.0,TCP,0.005,6.0,545.0,1,192,168,220,16,192,168,100,6
58668.0,80.0,TCP,0.005,5.0,479.0,1,192,168,220,16,192,168,100,6
51357.0,3063.0,TCP,0.0,1.0,58.0,1,192,168,220,16,192,168,200,3
60915.0,80.0,TCP,0.003,5.0,479.0,1,192,168,220,16,192,168,100,6
445.0,49511.0,TCP,0.0,1.0,108.0,0,192,168,100,5,192,168,220,12
445.0,46808.0,TCP,0.0,1.0,108.0,0,192,168,100,5,192,168,200,5
51357.0,1561.0,TCP,0.0,1.0,58.0,1,192,168,220,16,192,168,200,9
59455.0,80.0,TCP,0.006,5.0,479.0,1,192,168,220,16,192,168,100,6
36943.0,80.0,TCP,0.003,5.0,479.0,1,192,168,220,16,192,168,100,6
57927.0,80.0,TCP,0.001,5.0,479.0,1,192,168,220,16,192,168,100,6
51146.0,445.0,TCP,0.004,2.0,174.0,0,192,168,220,5,192,168,100,5
40239.0,445.0,TCP,0.002,2.0,174.0,0,192,168,220,10,192,168,100,5
35822.0,80.0,TCP,0.005,5.0,479.0,1,192,168,220,16,192,168,100,6
60870.0,80.0,TCP,0.005,6.0,545.0,1,192,168,220,16,192,168,100,6
445.0,60689.0,TCP,0.0,1.0,108.0,0,192,168,100,5,192,168,220,13
51146.0,445.0,TCP,0.002,2.0,174.0,0,192,168,220,5,192,168,100,5
58635.0,80.0,TCP,0.002,5.0,479.0,1,192,168,220,16,192,168,100,6
46808.0,445.0,TCP,0.002,2.0,174.0,0,192,168,200,5,192,168,100,5
445.0,48888.0,TCP,0.0,1.0,108.0,0,192,168,100,5,192,168,220,15
36241.0,80.0,TCP,0.005,5.0,479.0,1,192,168,220,16,192,168,100,6
445.0,49094.0,TCP,0.0,1.0,108.0,0,192,168,100,5,192,168,220,8
32839.0,80.0,TCP,0.005,6.0,545.0,1,192,168,220,16,192,168,100,6
445.0,40239.0,TCP,0.0,1.0,108.0,0,192,168,100,5,192,168,220,10
445.0,40239.0,TCP,0.0,1.0,108.0,0,192,168,100,5,192,168,220,10
59077.0,80.0,TCP,0.004,5.0,479.0,1,192,168,220,16,192,168,100,6
59874.0,80.0,TCP,0.002,5.0,479.0,1,192,168,220,16,192,168,100,6
59912.0,80.0,TCP,0.004,6.0,545.0,1,192,168,220,16,192,168,100,6
43183.0,445.0,TCP,0.004,2.0,174.0,0,192,168,200,4,192,168,100,5
43183.0,445.0,TCP,0.005,2.0,174.0,0,192,168,200,4,192,168,100,5
445.0,46709.0,TCP,0.0,1.0,108.0,0,192,168,100,5,192,168,220,6
51357.0,1065.0,TCP,0.0,1.0,58.0,1,192,168,220,16,192,168,200,3
46709.0,445.0,TCP,0.002,2.0,174.0,0,192,168,220,6,192,168,100,5
58736.0,80.0,TCP,0.002,5.0,479.0,1,192,168,220,16,192,168,100,6
57302.0,80.0,TCP,0.006,5.0,479.0,1,192,168,220,16,192,168,100,6
445.0,37191.0,TCP,0.0,1.0,108.0,0,192,168,100,5,192,168,220,7
445.0,43183.0,TCP,0.0,1.0,108.0,0,192,168,100,5,192,168,200,4
445.0,58844.0,TCP,0.0,1.0,70.0,0,192,168,100,5,192,168,220,16
59078.0,80.0,TCP,0.004,6.0,545.0,1,192,168,220,16,192,168,100,6
138.0,138.0,UDP,0.0,1.0,262.0,0,192,168,220,10,192,168,220,255
57247.0,80.0,TCP,0.003,5.0,479.0,1,192,168,220,16,192,168,100,6
35397.0,80.0,TCP,0.005,5.0,479.0,1,192,168,220,16,192,168,100,6
51146.0,445.0,TCP,0.0,1.0,66.0,0,192,168,220,5,192,168,100,5
56416.0,80.0,TCP,0.005,5.0,479.0,1,192,168,220,16,192,168,100,6
445.0,40239.0,TCP,0.0,1.0,108.0,0,192,168,100,5,192,168,220,10
56724.0,80.0,TCP,0.003,5.0,479.0,1,192,168,220,16,192,168,100,6
37191.0,445.0,TCP,0.003,2.0,174.0,0,192,168,220,7,192,168,100,5
34506.0,80.0,TCP,0.006,5.0,479.0,1,192,168,220,16,192,168,100,6
137.0,137.0,UDP,0.0,1.0,92.0,0,192,168,220,6,192,168,220,255
52321.0,445.0,TCP,0.002,2.0,174.0,0,192,168,220,14,192,168,100,5
137.0,137.0,UDP,0.0,1.0,92.0,0,192,168,220,5,192,168,220,255
32814.0,80.0,TCP,0.004,5.0,479.0,1,192,168,220,16,192,168,100,6
58705.0,80.0,TCP,0.006,6.0,545.0,1,192,168,220,16,192,168,100,6
59445.0,80.0,TCP,0.004,6.0,545.0,1,192,168,220,16,192,168,100,6
58539.0,80.0,TCP,0.003,5.0,479.0,1,192,168,220,16,192,168,100,6
35506.0,80.0,TCP,0.003,5.0,479.0,1,192,168,220,16,192,168,100,6
51146.0,445.0,TCP,0.004,2.0,174.0,0,192,168,220,5,192,168,100,5
58981.0,80.0,TCP,0.004,5.0,479.0,1,192,168,220,16,192,168,100,6
137.0,137.0,UDP,0.0,1.0,92.0,0,192,168,220,7,192,168,220,255
56514.0,80.0,TCP,0.006,5.0,479.0,1,192,168,220,16,192,168,100,6
59106.0,80.0,TCP,0.004,5.0,479.0,1,192,168,220,16,192,168,100,6
445.0,43145.0,TCP,0.0,1.0,108.0,0,192,168,100,5,192,168,220,4
56772.0,80.0,TCP,0.005,6.0,545.0,1,192,168,220,16,192,168,100,6
59927.0,80.0,TCP,0.005,5.0,479.0,1,192,168,220,16,192,168,100,6
35995.0,80.0,TCP,0.006,5.0,479.0,1,192,168,220,16,192,168,100,6
56713.0,80.0,TCP,0.003,6.0,545.0,1,192,168,220,16,192,168,100,6
37884.0,445.0,TCP,0.005,2.0,174.0,0,192,168,220,9,192,168,100,5
445.0,43145.0,TCP,0.0,1.0,108.0,0,192,168,100,5,192,168,220,4
37884.0,445.0,TCP,0.0,1.0,66.0,0,192,168,220,9,192,168,100,5
35097.0,80.0,TCP,0.003,5.0,479.0,1,192,168,220,16,192,168,100,6
60644.0,80.0,TCP,0.004,5.0,479.0,1,192,168,220,16,192,168,100,6
57895.0,80.0,TCP,0.005,5.0,479.0,1,192,168,220,16,192,168,100,6
33420.0,80.0,TCP,0.003,5.0,479.0,1,192,168,220,16,192,168,100,6
59952.0,80.0,TCP,0.006,6.0,545.0,1,192,168,220,16,192,168,100,6
445.0,58844.0,TCP,0.0,1.0,108.0,0,192,168,100,5,192,168,220,16
445.0,51146.0,TCP,0.0,1.0,108.0,0,192,168,100,5,192,168,220,5
35880.0,80.0,TCP,0.005,5.0,479.0,1,192,168,220,16,192,168,100,6
445.0,48888.0,TCP,0.0,1.0,108.0,0,192,168,100,5,192,168,220,15
445.0,43183.0,TCP,0.0,1.0,108.0,0,192,168,100,5,192,168,200,4
33325.0,80.0,TCP,0.005,6.0,545.0,1,192,168,220,16,192,168,100,6
445.0,58844.0,TCP,0.0,1.0,108.0,0,192,168,100,5,192,168,220,16
57873.0,80.0,TCP,0.004,5.0,479.0,1,192,168,220,16,192,168,100,6
137.0,137.0,UDP,0.0,1.0,92.0,0,192,168,220,8,192,168,220,255
60788.0,80.0,TCP,0.005,5.0,479.0,1,192,168,220,16,192,168,100,6
58833.0,80.0,TCP,0.006,6.0,545.0,1,192,168,220,16,192,168,100,6
57967.0,80.0,TCP,0.004,5.0,479.0,1,192,168,220,16,192,168,100,6
59097.0,80.0,TCP,0.002,5.0,479.0,1,192,168,220,16,192,168,100,6
445.0,43145.0,TCP,0.0,1.0,108.0,0,192,168,100,5,192,168,220,4
59537.0,80.0,TCP,0.003,5.0,479.0,1,192,168,220,16,192,168,100,6
137.0,137.0,UDP,0.0,1.0,92.0,0,192,168,220,5,192,168,220,255
43183.0,445.0,TCP,0.003,2.0,174.0,0,192,168,200,4,192,168,100,5
445.0,60689.0,TCP,0.0,1.0,108.0,0,192,168,100,5,192,168,220,13
34460.0,80.0,TCP,0.006,5.0,479.0,1,192,168,220,16,192,168,100,6
51357.0,1071.0,TCP,0.0,1.0,58.0,1,192,168,220,16,192,168,200,4
445.0,48888.0,TCP,0.0,1.0,108.0,0,192,168,100,5,192,168,220,15
445.0,37884.0,TCP,0.0,1.0,108.0,0,192,168,100,5,192,168,220,9
445.0,43145.0,TCP,0.0,1.0,108.0,0,192,168,100,5,192,168,220,4
56123.0,80.0,TCP,0.005,5.0,479.0,1,192,168,220,16,192,168,100,6
55788.0,80.0,TCP,0.005,5.0,479.0,1,192,168,220,16,192,168,100,6
445.0,43145.0,TCP,0.0,1.0,108.0,0,192,168,100,5,192,168,220,4
37884.0,445.0,TCP,0.004,2.0,174.0,0,192,168,220,9,192,168,100,5
37884.0,445.0,TCP,0.002,2.0,174.0,0,192,168,220,9,192,168,100,5
445.0,37191.0,TCP,0.0,1.0,108.0,0,192,168,100,5,192,168,220,7
59321.0,80.0,TCP,0.006,5.0,479.0,1,192,168,220,16,192,168,100,6
59071.0,80.0,TCP,0.005,5.0,479.0,1,192,168,220,16,192,168,100,6
57286.0,80.0,TCP,0.005,5.0,479.0,1,192,168,220,16,192,168,100,6
35179.0,80.0,TCP,0.003,5.0,479.0,1,192,168,220,16,192,168,100,6
59504.0,80.0,TCP,0.003,6.0,545.0,1,192,168,220,16,192,168,100,6
37884.0,445.0,TCP,0.0,1.0,66.0,0,192,168,220,9,192,168,100,5
445.0,48888.0,TCP,0.0,1.0,108.0,0,192,168,100,5,192,168,220,15
59139.0,80.0,TCP,0.005,5.0,479.0,1,192,168,220,16,192,168,100,6
138.0,138.0,UDP,0.0,1.0,262.0,0,192,168,220,3,192,168,220,255
60630.0,80.0,TCP,0.004,6.0,545.0,1,192,168,220,16,192,168,100,6
60152.0,80.0,TCP,0.006,5.0,479.0,1,192,168,220,16,192,168,100,6
57876.0,80.0,TCP,0.003,5.0,479.0,1,192,168,220,16,192,168,100,6
43183.0,445.0,TCP,0.001,2.0,174.0,0,192,168,200,4,192,168,100,5
56476.0,80.0,TCP,0.002,5.0,479.0,1,192,168,220,16,192,168,100,6
58266.0,80.0,TCP,0.004,5.0,479.0,1,192,168,220,16,192,168,100,6
445.0,37191.0,TCP,0.0,1.0,70.0,0,192,168,100,5,192,168,220,7
445.0,46709.0,TCP,0.0,1.0,70.0,0,192,168,100,5,192,168,220,6
445.0,46808.0,TCP,0.0,1.0,108.0,0,192,168,100,5,192,168,200,5
445.0,58844.0,TCP,0.0,1.0,108.0,0,192,168,100,5,192,168,220,16
137.0,137.0,UDP,0.0,1.0,92.0,0,192,168,220,6,192,168,220,255
33767.0,80.0,TCP,0.005,6.0,545.0,1,192,168,220,16,192,168,100,6
445.0,58844.0,TCP,0.0,1.0,108.0,0,192,168,100,5,192,168,220,16
58086.0,80.0,TCP,0.005,5.0,479.0,1,192,168,220,16,192,168,100,6
137.0,137.0,UDP,0.0,1.0,92.0,0,192,168,220,3,192,168,220,255
46755.0,1089.0,TCP,0.0,1.0,58.0,1,192,168,220,16,192,168,210,1
60230.0,80.0,TCP,0.003,5.0,479.0,1,192,168,220,16,192,168,100,6
43183.0,445.0,TCP,0.002,2.0,174.0,0,192,168,200,4,192,168,100,5
56931.0,80.0,TCP,0.006,6.0,545.0,1,192,168,220,16,192,168,100,6
60623.0,80.0,TCP,0.005,5.0,479.0,1,192,168,220,16,192,168,100,6
445.0,52321.0,TCP,0.0,1.0,108.0,0,192,168,100,5,192,168,220,14
445.0,51146.0,TCP,0.0,1.0,108.0,0,192,168,100,5,192,168,220,5
445.0,37191.0,TCP,0.0,1.0,108.0,0,192,168,100,5,192,168,220,7
445.0,48888.0,TCP,0.0,1.0,108.0,0,192,168,100,5,192,168,220,15
138.0,138.0,UDP,0.0,1.0,243.0,0,192,168,200,9,192,168,200,255
58090.0,80.0,TCP,0.006,6.0,545.0,1,192,168,220,16,192,168,100,6
445.0,52321.0,TCP,0.0,1.0,70.0,0,192,168,100,5,192,168,220,14
445.0,52321.0,TCP,0.0,1.0,108.0,0,192,168,100,5,192,168,220,14
33553.0,80.0,TCP,0.006,6.0,545.0,1,192,168,220,16,192,168,100,6
51357.0,1082.0,TCP,0.0,1.0,58.0,1,192,168,220,16,192,168,200,8
51357.0,497.0,TCP,0.0,1.0,58.0,1,192,168,220,16,192,168,200,4
57594.0,80.0,TCP,0.004,5.0,479.0,1,192,168,220,16,192,168,100,6
48888.0,445.0,TCP,0.003,2.0,174.0,0,192,168,220,15,192,168,100,5
445.0,60689.0,TCP,0.0,1.0,108.0,0,192,168,100,5,192,168,220,13
445.0,52321.0,TCP,0.0,1.0,70.0,0,192,168,100,5,192,168,220,14
445.0,52321.0,TCP,0.0,1.0,108.0,0,192,168,100,5,192,168,220,14
43145.0,445.0,TCP,0.004,2.0,174.0,0,192,168,220,4,192,168,100,5
51357.0,1034.0,TCP,0.0,1.0,58.0,1,192,168,220,16,192,168,200,5
445.0,49511.0,TCP,0.0,1.0,108.0,0,192,168,100,5,192,168,220,12
46756.0,1040.0,TCP,0.0,1.0,58.0,1,192,168,220,16,192,168,210,4
35287.0,80.0,TCP,0.004,5.0,479.0,1,192,168,220,16,192,168,100,6
43183.0,445.0,TCP,0.002,2.0,174.0,0,192,168,200,4,192,168,100,5
445.0,34743.0,TCP,0.0,1.0,108.0,0,192,168,100,5,192,168,220,11
445.0,40239.0,TCP,0.0,1.0,108.0,0,192,168,100,5,192,168,220,10
57847.0,80.0,TCP,0.004,5.0,479.0,1,192,168,220,16,192,168,100,6
445.0,51146.0,TCP,0.0,1.0,108.0,0,192,168,100,5,192,168,220,5
58286.0,80.0,TCP,0.003,5.0,479.0,1,192,168,220,16,192,168,100,6
57298.0,80.0,TCP,0.005,5.0,479.0,1,192,168,220,16,192,168,100,6
60372.0,80.0,TCP,0.004,5.0,479.0,1,192,168,220,16,192,168,100,6
35369.0,80.0,TCP,0.004,5.0,479.0,1,192,168,220,16,192,168,100,6
58775.0,80.0,TCP,0.0069999999999999,5.0,479.0,1,192,168,220,16,192,168,100,6
58984.0,80.0,TCP,0.005,5.0,479.0,1,192,168,220,16,192,168,100,6
37189.0,80.0,TCP,0.004,5.0,479.0,1,192,168,220,16,192,168,100,6
34831.0,80.0,TCP,0.006,5.0,479.0,1,192,168,220,16,192,168,100,6
445.0,58844.0,TCP,0.0,1.0,108.0,0,192,168,100,5,192,168,220,16
51146.0,445.0,TCP,0.004,2.0,174.0,0,192,168,220,5,192,168,100,5
445.0,52321.0,TCP,0.0,1.0,108.0,0,192,168,100,5,192,168,220,14
35682.0,80.0,TCP,0.004,5.0,479.0,1,192,168,220,16,192,168,100,6
59100.0,80.0,TCP,0.006,5.0,479.0,1,192,168,220,16,192,168,100,6
445.0,52321.0,TCP,0.0,1.0,108.0,0,192,168,100,5,192,168,220,14
46808.0,445.0,TCP,0.001,2.0,174.0,0,192,168,200,5,192,168,100,5
49511.0,445.0,TCP,0.002,2.0,174.0,0,192,168,220,12,192,168,100,5
33383.0,80.0,TCP,0.003,6.0,545.0,1,192,168,220,16,192,168,100,6
445.0,37884.0,TCP,0.0,1.0,108.0,0,192,168,100,5,192,168,220,9
58723.0,80.0,TCP,0.006,6.0,545.0,1,192,168,220,16,192,168,100,6
445.0,49511.0,TCP,0.0,1.0,108.0,0,192,168,100,5,192,168,220,12
51357.0,1037.0,TCP,0.0,1.0,58.0,1,192,168,220,16,192,168,200,8
57915.0,80.0,TCP,0.004,6.0,545.0,1,192,168,220,16,192,168,100,6
33810.0,80.0,TCP,0.002,5.0,479.0,1,192,168,220,16,192,168,100,6
58385.0,80.0,TCP,0.004,5.0,479.0,1,192,168,220,16,192,168,100,6
445.0,43145.0,TCP,0.0,1.0,108.0,0,192,168,100,5,192,168,220,4
445.0,51146.0,TCP,0.0,1.0,70.0,0,192,168,100,5,192,168,220,5
40239.0,445.0,TCP,0.002,2.0,174.0,0,192,168,220,10,192,168,100,5
35269.0,80.0,TCP,0.004,6.0,545.0,1,192,168,220,16,192,168,100,6
51357.0,1154.0,TCP,0.0,1.0,58.0,1,192,168,220,16,192,168,200,2
445.0,37191.0,TCP,0.0,1.0,108.0,0,192,168,100,5,192,168,220,7
43145.0,445.0,TCP,0.002,2.0,174.0,0,192,168,220,4,192,168,100,5
51467.0,25.0,TCP,0.0,1.0,58.0,1,192,168,220,16,192,168,200,5
35204.0,80.0,TCP,0.006,5.0,479.0,1,192,168,220,16,192,168,100,6
37191.0,445.0,TCP,0.003,2.0,174.0,0,192,168,220,7,192,168,100,5
43145.0,445.0,TCP,0.004,2.0,174.0,0,192,168,220,4,192,168,100,5
57504.0,80.0,TCP,0.003,6.0,545.0,1,192,168,220,16,192,168,100,6
445.0,48888.0,TCP,0.0,1.0,70.0,0,192,168,100,5,192,168,220,15
46709.0,445.0,TCP,0.003,2.0,174.0,0,192,168,220,6,192,168,100,5
138.0,138.0,UDP,0.0,1.0,262.0,0,192,168,220,15,192,168,220,255
48888.0,445.0,TCP,0.004,2.0,174.0,0,192,168,220,15,192,168,100,5
35308.0,80.0,TCP,0.005,5.0,479.0,1,192,168,220,16,192,168,100,6
51357.0,2393.0,TCP,0.0,1.0,58.0,1,192,168,220,16,192,168,200,5
57823.0,80.0,TCP,0.005,6.0,545.0,1,192,168,220,16,192,168,100,6
58916.0,80.0,TCP,0.004,5.0,479.0,1,192,168,220,16,192,168,100,6
56983.0,80.0,TCP,0.005,5.0,479.0,1,192,168,220,16,192,168,100,6
445.0,51146.0,TCP,0.0,1.0,108.0,0,192,168,100,5,192,168,220,5
49511.0,445.0,TCP,0.002,2.0,174.0,0,192,168,220,12,192,168,100,5
43145.0,445.0,TCP,0.003,2.0,174.0,0,192,168,220,4,192,168,100,5
59912.0,80.0,TCP,0.004,6.0,545.0,1,192,168,220,16,192,168,100,6
34126.0,80.0,TCP,0.005,5.0,479.0,1,192,168,220,16,192,168,100,6
59071.0,80.0,TCP,0.003,5.0,479.0,1,192,168,220,16,192,168,100,6
445.0,37191.0,TCP,0.0,1.0,108.0,0,192,168,100,5,192,168,220,7
60085.0,80.0,TCP,0.002,5.0,479.0,1,192,168,220,16,192,168,100,6
60689.0,445.0,TCP,0.004,2.0,174.0,0,192,168,220,13,192,168,100,5
60734.0,80.0,TCP,0.004,5.0,479.0,1,192,168,220,16,192,168,100,6
35268.0,80.0,TCP,0.002,5.0,479.0,1,192,168,220,16,192,168,100,6
445.0,37191.0,TCP,0.0,1.0,108.0,0,192,168,100,5,192,168,220,7
32860.0,80.0,TCP,0.006,5.0,479.0,1,192,168,220,16,192,168,100,6
445.0,48888.0,TCP,0.0,1.0,108.0,0,192,168,100,5,192,168,220,15
587.0,587.0,TCP,0.063,6.0,540.0,0,192,168,210,5,192,168,220,13
40239.0,445.0,TCP,0.003,2.0,174.0,0,192,168,220,10,192,168,100,5
52321.0,445.0,TCP,0.005,2.0,174.0,0,192,168,220,14,192,168,100,5
445.0,34743.0,TCP,0.0,1.0,108.0,0,192,168,100,5,192,168,220,11
445.0,51146.0,TCP,0.0,1.0,108.0,0,192,168,100,5,192,168,220,5
49511.0,445.0,TCP,0.004,2.0,174.0,0,192,168,220,12,192,168,100,5
445.0,46709.0,TCP,0.0,1.0,108.0,0,192,168,100,5,192,168,220,6
59159.0,80.0,TCP,0.005,6.0,545.0,1,192,168,220,16,192,168,100,6
40239.0,445.0,TCP,0.002,2.0,174.0,0,192,168,220,10,192,168,100,5
51146.0,445.0,TCP,0.003,2.0,174.0,0,192,168,220,5,192,168,100,5
60686.0,80.0,TCP,0.005,5.0,479.0,1,192,168,220,16,192,168,100,6
37191.0,445.0,TCP,0.004,2.0,174.0,0,192,168,220,7,192,168,100,5
59546.0,80.0,TCP,0.003,5.0,479.0,1,192,168,220,16,192,168,100,6
33161.0,80.0,TCP,0.004,5.0,479.0,1,192,168,220,16,192,168,100,6
49162.0,445.0,TCP,0.006,3.0,692.0,0,192,168,210,5,192,168,100,5
58938.0,80.0,TCP,0.002,5.0,479.0,1,192,168,220,16,192,168,100,6
46808.0,445.0,TCP,0.002,2.0,174.0,0,192,168,200,5,192,168,100,5
34743.0,445.0,TCP,0.002,2.0,174.0,0,192,168,220,11,192,168,100,5
445.0,51146.0,TCP,0.0,1.0,108.0,0,192,168,100,5,192,168,220,5
60163.0,80.0,TCP,0.0069999999999999,6.0,545.0,1,192,168,220,16,192,168,100,6
58439.0,80.0,TCP,0.006,5.0,479.0,1,192,168,220,16,192,168,100,6
57324.0,80.0,TCP,0.006,6.0,545.0,1,192,168,220,16,192,168,100,6
60689.0,445.0,TCP,0.0,1.0,66.0,0,192,168,220,13,192,168,100,5
33070.0,80.0,TCP,0.002,5.0,479.0,1,192,168,220,16,192,168,100,6
445.0,51146.0,TCP,0.0,1.0,108.0,0,192,168,100,5,192,168,220,5
51146.0,445.0,TCP,0.004,2.0,174.0,0,192,168,220,5,192,168,100,5
60689.0,445.0,TCP,0.003,2.0,174.0,0,192,168,220,13,192,168,100,5
59705.0,80.0,TCP,0.003,5.0,479.0,1,192,168,220,16,192,168,100,6
58736.0,80.0,TCP,0.003,6.0,545.0,1,192,168,220,16,192,168,100,6
35999.0,80.0,TCP,0.004,5.0,479.0,1,192,168,220,16,192,168,100,6
57148.0,80.0,TCP,0.005,5.0,479.0,1,192,168,220,16,192,168,100,6
445.0,37191.0,TCP,0.0,1.0,108.0,0,192,168,100,5,192,168,220,7
32981.0,80.0,TCP,0.004,5.0,479.0,1,192,168,220,16,192,168,100,6
445.0,48888.0,TCP,0.0,1.0,108.0,0,192,168,100,5,192,168,220,15
445.0,51146.0,TCP,0.0,1.0,108.0,0,192,168,100,5,192,168,220,5
58473.0,80.0,TCP,0.004,5.0,479.0,1,192,168,220,16,192,168,100,6
445.0,43145.0,TCP,0.0,1.0,108.0,0,192,168,100,5,192,168,220,4
445.0,52321.0,TCP,0.0,1.0,108.0,0,192,168,100,5,192,168,220,14
34743.0,445.0,TCP,0.004,2.0,174.0,0,192,168,220,11,192,168,100,5
56889.0,80.0,TCP,0.004,6.0,545.0,1,192,168,220,16,192,168,100,6
55878.0,80.0,TCP,0.002,6.0,545.0,1,192,168,220,16,192,168,100,6
48888.0,445.0,TCP,0.0,1.0,66.0,0,192,168,220,15,192,168,100,5
445.0,49511.0,TCP,0.0,1.0,108.0,0,192,168,100,5,192,168,220,12
57940.0,80.0,TCP,0.005,6.0,545.0,1,192,168,220,16,192,168,100,6
58709.0,80.0,TCP,0.004,6.0,545.0,1,192,168,220,16,192,168,100,6
445.0,40239.0,TCP,0.0,1.0,108.0,0,192,168,100,5,192,168,220,10
445.0,46808.0,TCP,0.0,1.0,108.0,0,192,168,100,5,192,168,200,5
49094.0,445.0,TCP,0.003,2.0,174.0,0,192,168,220,8,192,168,100,5
59410.0,80.0,TCP,0.006,5.0,479.0,1,192,168,220,16,192,168,100,6
49511.0,445.0,TCP,0.004,2.0,174.0,0,192,168,220,12,192,168,100,5
60077.0,80.0,TCP,0.003,5.0,479.0,1,192,168,220,16,192,168,100,6
445.0,48888.0,TCP,0.0,1.0,108.0,0,192,168,100,5,192,168,220,15
57321.0,80.0,TCP,0.004,6.0,545.0,1,192,168,220,16,192,168,100,6
33979.0,80.0,TCP,0.0069999999999999,6.0,545.0,1,192,168,220,16,192,168,100,6
59114.0,80.0,TCP,0.004,5.0,479.0,1,192,168,220,16,192,168,100,6
445.0,48888.0,TCP,0.0,1.0,70.0,0,192,168,100,5,192,168,220,15
57775.0,80.0,TCP,0.006,6.0,545.0,1,192,168,220,16,192,168,100,6
58945.0,80.0,TCP,0.003,6.0,545.0,1,192,168,220,16,192,168,100,6
445.0,52321.0,TCP,0.0,1.0,108.0,0,192,168,100,5,192,168,220,14
37191.0,445.0,TCP,0.005,2.0,174.0,0,192,168,220,7,192,168,100,5
60512.0,80.0,TCP,0.0069999999999999,5.0,479.0,1,192,168,220,16,192,168,100,6
46808.0,445.0,TCP,0.004,2.0,174.0,0,192,168,200,5,192,168,100,5
445.0,52321.0,TCP,0.0,1.0,108.0,0,192,168,100,5,192,168,220,14
51357.0,1455.0,TCP,0.0,1.0,58.0,1,192,168,220,16,192,168,200,5
35271.0,80.0,TCP,0.005,5.0,479.0,1,192,168,220,16,192,168,100,6
35273.0,80.0,TCP,0.004,5.0,479.0,1,192,168,220,16,192,168,100,6
57809.0,80.0,TCP,0.003,6.0,545.0,1,192,168,220,16,192,168,100,6
43145.0,445.0,TCP,0.003,2.0,174.0,0,192,168,220,4,192,168,100,5
445.0,46709.0,TCP,0.0,1.0,108.0,0,192,168,100,5,192,168,220,6
35309.0,80.0,TCP,0.003,5.0,479.0,1,192,168,220,16,192,168,100,6
60839.0,80.0,TCP,0.003,5.0,479.0,1,192,168,220,16,192,168,100,6
57850.0,80.0,TCP,0.005,5.0,479.0,1,192,168,220,16,192,168,100,6
34029.0,80.0,TCP,0.008,6.0,545.0,1,192,168,220,16,192,168,100,6
445.0,60689.0,TCP,0.0,1.0,108.0,0,192,168,100,5,192,168,220,13
138.0,138.0,UDP,0.0,1.0,262.0,0,192,168,220,16,192,168,220,255
51357.0,5810.0,TCP,0.0,1.0,58.0,1,192,168,220,16,192,168,200,5
60689.0,445.0,TCP,0.0,2.0,174.0,0,192,168,220,13,192,168,100,5
445.0,37191.0,TCP,0.0,1.0,108.0,0,192,168,100,5,192,168,220,7
46756.0,51493.0,TCP,0.005,2.0,112.0,1,192,168,220,16,192,168,210,4
51357.0,1099.0,TCP,0.0,1.0,58.0,1,192,168,220,16,192,168,200,5
59672.0,80.0,TCP,0.006,6.0,545.0,1,192,168,220,16,192,168,100,6
58322.0,80.0,TCP,0.004,5.0,479.0,1,192,168,220,16,192,168,100,6
51357.0,1130.0,TCP,0.0,1.0,58.0,1,192,168,220,16,192,168,200,3
445.0,48888.0,TCP,0.0,1.0,108.0,0,192,168,100,5,192,168,220,15
59031.0,80.0,TCP,0.003,5.0,479.0,1,192,168,220,16,192,168,100,6
445.0,43145.0,TCP,0.0,1.0,108.0,0,192,168,100,5,192,168,220,4
56954.0,80.0,TCP,0.002,5.0,479.0,1,192,168,220,16,192,168,100,6
445.0,49094.0,TCP,0.0,1.0,108.0,0,192,168,100,5,192,168,220,8
35506.0,80.0,TCP,0.006,5.0,479.0,1,192,168,220,16,192,168,100,6
34743.0,445.0,TCP,0.004,2.0,174.0,0,192,168,220,11,192,168,100,5
49094.0,445.0,TCP,0.004,2.0,174.0,0,192,168,220,8,192,168,100,5
59421.0,80.0,TCP,0.003,6.0,545.0,1,192,168,220,16,192,168,100,6
35974.0,80.0,TCP,0.005,6.0,545.0,1,192,168,220,16,192,168,100,6
57846.0,80.0,TCP,0.005,6.0,545.0,1,192,168,220,16,192,168,100,6
445.0,51146.0,TCP,0.0,1.0,108.0,0,192,168,100,5,192,168,220,5
51146.0,445.0,TCP,0.004,2.0,174.0,0,192,168,220,5,192,168,100,5
33859.0,80.0,TCP,0.006,6.0,545.0,1,192,168,220,16,192,168,100,6
59146.0,80.0,TCP,0.003,5.0,479.0,1,192,168,220,16,192,168,100,6
37884.0,445.0,TCP,0.0,1.0,66.0,0,192,168,220,9,192,168,100,5
58844.0,445.0,TCP,0.0,1.0,66.0,0,192,168,220,16,192,168,100,5
445.0,43183.0,TCP,1.205,2.0,178.0,0,192,168,100,5,192,168,200,4
33142.0,80.0,TCP,0.003,5.0,479.0,1,192,168,220,16,192,168,100,6
46808.0,445.0,TCP,0.004,2.0,174.0,0,192,168,200,5,192,168,100,5
60289.0,80.0,TCP,0.004,5.0,479.0,1,192,168,220,16,192,168,100,6
35985.0,80.0,TCP,0.003,5.0,479.0,1,192,168,220,16,192,168,100,6
445.0,43183.0,TCP,0.0,1.0,108.0,0,192,168,100,5,192,168,200,4
60689.0,445.0,TCP,0.005,2.0,174.0,0,192,168,220,13,192,168,100,5
51357.0,1169.0,TCP,0.0,1.0,58.0,1,192,168,220,16,192,168,200,3
445.0,43145.0,TCP,0.0,1.0,108.0,0,192,168,100,5,192,168,220,4
51357.0,23.0,TCP,0.0,1.0,58.0,1,192,168,220,16,192,168,200,9
445.0,46808.0,TCP,0.0,1.0,108.0,0,192,168,100,5,192,168,200,5
43145.0,445.0,TCP,0.002,2.0,174.0,0,192,168,220,4,192,168,100,5
46808.0,445.0,TCP,0.004,2.0,174.0,0,192,168,200,5,192,168,100,5
51357.0,1054.0,TCP,0.0,1.0,58.0,1,192,168,220,16,192,168,200,9
445.0,37884.0,TCP,0.0,1.0,70.0,0,192,168,100,5,192,168,220,9
445.0,40239.0,TCP,0.0,1.0,108.0,0,192,168,100,5,192,168,220,10
34606.0,80.0,TCP,0.003,5.0,479.0,1,192,168,220,16,192,168,100,6
36919.0,80.0,TCP,0.005,5.0,479.0,1,192,168,220,16,192,168,100,6
37884.0,445.0,TCP,0.003,2.0,174.0,0,192,168,220,9,192,168,100,5
445.0,48888.0,TCP,0.0,1.0,108.0,0,192,168,100,5,192,168,220,15
137.0,137.0,UDP,0.0,1.0,92.0,0,192,168,220,4,192,168,220,255
137.0,137.0,UDP,0.0,1.0,92.0,0,192,168,220,6,192,168,220,255
58849.0,80.0,TCP,0.005,5.0,479.0,1,192,168,220,16,192,168,100,6
445.0,48888.0,TCP,0.0,1.0,108.0,0,192,168,100,5,192,168,220,15
46709.0,445.0,TCP,0.004,2.0,174.0,0,192,168,220,6,192,168,100,5
34182.0,80.0,TCP,0.006,5.0,479.0,1,192,168,220,16,192,168,100,6
445.0,60689.0,TCP,0.0,1.0,108.0,0,192,168,100,5,192,168,220,13
137.0,137.0,UDP,0.0,1.0,92.0,0,192,168,220,7,192,168,220,255
43145.0,445.0,TCP,0.004,2.0,174.0,0,192,168,220,4,192,168,100,5
57765.0,80.0,TCP,0.006,6.0,545.0,1,192,168,220,16,192,168,100,6
56475.0,80.0,TCP,0.006,5.0,479.0,1,192,168,220,16,192,168,100,6
48888.0,445.0,TCP,0.0,1.0,66.0,0,192,168,220,15,192,168,100,5
52321.0,445.0,TCP,0.002,2.0,174.0,0,192,168,220,14,192,168,100,5
35103.0,80.0,TCP,0.003,5.0,479.0,1,192,168,220,16,192,168,100,6
58414.0,80.0,TCP,0.005,5.0,479.0,1,192,168,220,16,192,168,100,6
445.0,48888.0,TCP,0.0,1.0,108.0,0,192,168,100,5,192,168,220,15
59075.0,80.0,TCP,0.005,5.0,479.0,1,192,168,220,16,192,168,100,6
58271.0,80.0,TCP,0.005,5.0,479.0,1,192,168,220,16,192,168,100,6
33017.0,80.0,TCP,0.004,5.0,479.0,1,192,168,220,16,192,168,100,6
49094.0,445.0,TCP,0.005,2.0,174.0,0,192,168,220,8,192,168,100,5
58844.0,445.0,TCP,0.005,2.0,174.0,0,192,168,220,16,192,168,100,5
49511.0,445.0,TCP,0.002,2.0,174.0,0,192,168,220,12,192,168,100,5
137.0,137.0,UDP,0.0,1.0,92.0,0,192,168,200,4,192,168,200,255
445.0,40239.0,TCP,0.0,1.0,108.0,0,192,168,100,5,192,168,220,10
60390.0,80.0,TCP,0.004,5.0,479.0,1,192,168,220,16,192,168,100,6
445.0,43145.0,TCP,0.0,1.0,108.0,0,192,168,100,5,192,168,220,4
445.0,48888.0,TCP,0.0,1.0,108.0,0,192,168,100,5,192,168,220,15
60689.0,445.0,TCP,0.005,2.0,174.0,0,192,168,220,13,192,168,100,5
58844.0,445.0,TCP,0.0,1.0,66.0,0,192,168,220,16,192,168,100,5
137.0,137.0,UDP,0.0,1.0,92.0,0,192,168,220,6,192,168,220,255
445.0,51146.0,TCP,0.0,1.0,70.0,0,192,168,100,5,192,168,220,5
58566.0,80.0,TCP,0.004,5.0,479.0,1,192,168,220,16,192,168,100,6
56123.0,80.0,TCP,0.004,5.0,479.0,1,192,168,220,16,192,168,100,6
445.0,37884.0,TCP,0.0,1.0,108.0,0,192,168,100,5,192,168,220,9
57783.0,80.0,TCP,0.004,5.0,479.0,1,192,168,220,16,192,168,100,6
58739.0,80.0,TCP,0.003,6.0,545.0,1,192,168,220,16,192,168,100,6
58489.0,80.0,TCP,0.006,5.0,479.0,1,192,168,220,16,192,168,100,6
36871.0,80.0,TCP,0.003,5.0,479.0,1,192,168,220,16,192,168,100,6
60702.0,80.0,TCP,0.003,5.0,479.0,1,192,168,220,16,192,168,100,6
52321.0,445.0,TCP,0.004,2.0,174.0,0,192,168,220,14,192,168,100,5
137.0,137.0,UDP,0.0,1.0,92.0,0,192,168,220,14,192,168,220,255
58684.0,80.0,TCP,0.005,6.0,545.0,1,192,168,220,16,192,168,100,6
60164.0,80.0,TCP,0.004,5.0,479.0,1,192,168,220,16,192,168,100,6
51357.0,514.0,TCP,0.0,1.0,58.0,1,192,168,220,16,192,168,200,1
35866.0,80.0,TCP,0.004,5.0,479.0,1,192,168,220,16,192,168,100,6
57739.0,80.0,TCP,0.003,6.0,545.0,1,192,168,220,16,192,168,100,6
58844.0,445.0,TCP,0.002,2.0,174.0,0,192,168,220,16,192,168,100,5
34895.0,80.0,TCP,0.005,6.0,545.0,1,192,168,220,16,192,168,100,6
37646.0,80.0,TCP,0.004,5.0,479.0,1,192,168,220,16,192,168,100,6
445.0,37884.0,TCP,0.0,1.0,108.0,0,192,168,100,5,192,168,220,9
37884.0,445.0,TCP,0.002,2.0,174.0,0,192,168,220,9,192,168,100,5
51146.0,445.0,TCP,0.004,2.0,174.0,0,192,168,220,5,192,168,100,5
57745.0,80.0,TCP,0.002,5.0,479.0,1,192,168,220,16,192,168,100,6
49511.0,445.0,TCP,0.002,2.0,174.0,0,192,168,220,12,192,168,100,5
60564.0,80.0,TCP,0.005,5.0,479.0,1,192,168,220,16,192,168,100,6
58844.0,445.0,TCP,0.005,2.0,174.0,0,192,168,220,16,192,168,100,5
138.0,138.0,UDP,0.0,1.0,262.0,0,192,168,220,15,192,168,220,255
51457.0,25.0,TCP,0.0,1.0,58.0,1,192,168,220,16,192,168,200,1
58386.0,80.0,TCP,0.005,6.0,545.0,1,192,168,220,16,192,168,100,6
51357.0,3389.0,TCP,0.0,1.0,58.0,1,192,168,220,16,192,168,200,9
445.0,43183.0,TCP,0.0,1.0,108.0,0,192,168,100,5,192,168,200,4
60188.0,80.0,TCP,0.006,5.0,479.0,1,192,168,220,16,192,168,100,6
51358.0,1068.0,TCP,0.0,1.0,58.0,1,192,168,220,16,192,168,200,4
40239.0,445.0,TCP,0.005,2.0,174.0,0,192,168,220,10,192,168,100,5
59560.0,80.0,TCP,0.002,5.0,479.0,1,192,168,220,16,192,168,100,6
58911.0,80.0,TCP,0.006,6.0,545.0,1,192,168,220,16,192,168,100,6
445.0,49511.0,TCP,0.0,1.0,108.0,0,192,168,100,5,192,168,220,12
33077.0,80.0,TCP,0.005,5.0,479.0,1,192,168,220,16,192,168,100,6
58288.0,80.0,TCP,0.005,6.0,545.0,1,192,168,220,16,192,168,100,6
37191.0,445.0,TCP,0.002,2.0,174.0,0,192,168,220,7,192,168,100,5
33248.0,80.0,TCP,0.004,5.0,479.0,1,192,168,220,16,192,168,100,6
57957.0,80.0,TCP,0.006,5.0,479.0,1,192,168,220,16,192,168,100,6
37191.0,445.0,TCP,0.004,2.0,174.0,0,192,168,220,7,192,168,100,5
58093.0,80.0,TCP,0.003,6.0,545.0,1,192,168,220,16,192,168,100,6
60621.0,80.0,TCP,0.005,6.0,545.0,1,192,168,220,16,192,168,100,6
60182.0,80.0,TCP,0.006,5.0,479.0,1,192,168,220,16,192,168,100,6
445.0,43183.0,TCP,0.0,1.0,108.0,0,192,168,100,5,192,168,200,4
36184.0,80.0,TCP,0.006,5.0,479.0,1,192,168,220,16,192,168,100,6
56742.0,80.0,TCP,0.006,6.0,545.0,1,192,168,220,16,192,168,100,6
445.0,51146.0,TCP,0.0,1.0,108.0,0,192,168,100,5,192,168,220,5
51357.0,10010.0,TCP,0.0,1.0,58.0,1,192,168,220,16,192,168,200,8
52321.0,445.0,TCP,0.005,2.0,174.0,0,192,168,220,14,192,168,100,5
33799.0,80.0,TCP,0.003,6.0,545.0,1,192,168,220,16,192,168,100,6
33241.0,80.0,TCP,0.004,5.0,479.0,1,192,168,220,16,192,168,100,6
51448.0,25.0,TCP,0.0,1.0,58.0,1,192,168,220,16,192,168,200,5
445.0,58844.0,TCP,0.0,1.0,108.0,0,192,168,100,5,192,168,220,16
51357.0,46755.0,TCP,0.0,1.0,58.0,1,192,168,220,16,192,168,200,9
43145.0,445.0,TCP,0.0,1.0,66.0,0,192,168,220,4,192,168,100,5
445.0,34743.0,TCP,0.0,1.0,108.0,0,192,168,100,5,192,168,220,11
445.0,49094.0,TCP,0.0,1.0,108.0,0,192,168,100,5,192,168,220,8
35006.0,587.0,TCP,0.139,24.0,1166.0,0,192,168,220,15,192,168,100,4
57733.0,80.0,TCP,0.003,5.0,479.0,1,192,168,220,16,192,168,100,6
445.0,37191.0,TCP,0.0,1.0,108.0,0,192,168,100,5,192,168,220,7
58926.0,80.0,TCP,0.003,5.0,479.0,1,192,168,220,16,192,168,100,6
49511.0,445.0,TCP,0.004,2.0,174.0,0,192,168,220,12,192,168,100,5
445.0,60689.0,TCP,0.0,1.0,70.0,0,192,168,100,5,192,168,220,13
445.0,46808.0,TCP,0.0,1.0,108.0,0,192,168,100,5,192,168,200,5
34054.0,80.0,TCP,0.001,5.0,479.0,1,192,168,220,16,192,168,100,6
51357.0,8800.0,TCP,0.0,1.0,58.0,1,192,168,220,16,192,168,200,3
445.0,46808.0,TCP,0.0,1.0,70.0,0,192,168,100,5,192,168,200,5
445.0,43145.0,TCP,0.0,1.0,108.0,0,192,168,100,5,192,168,220,4
59340.0,80.0,TCP,0.004,6.0,545.0,1,192,168,220,16,192,168,100,6
445.0,43145.0,TCP,0.0,1.0,108.0,0,192,168,100,5,192,168,220,4
59341.0,80.0,TCP,0.006,5.0,479.0,1,192,168,220,16,192,168,100,6
59942.0,80.0,TCP,0.003,5.0,479.0,1,192,168,220,16,192,168,100,6
58754.0,80.0,TCP,0.005,5.0,479.0,1,192,168,220,16,192,168,100,6
49511.0,445.0,TCP,0.004,2.0,174.0,0,192,168,220,12,192,168,100,5
59332.0,80.0,TCP,0.004,5.0,479.0,1,192,168,220,16,192,168,100,6
49511.0,445.0,TCP,0.004,2.0,174.0,0,192,168,220,12,192,168,100,5
68.0,67.0,UDP,0.0,1.0,342.0,0,192,168,200,9,255,255,255,255
49094.0,445.0,TCP,0.003,2.0,174.0,0,192,168,220,8,192,168,100,5
43183.0,445.0,TCP,0.0,1.0,66.0,0,192,168,200,4,192,168,100,5
48888.0,445.0,TCP,0.001,2.0,174.0,0,192,168,220,15,192,168,100,5
59918.0,80.0,TCP,0.002,5.0,479.0,1,192,168,220,16,192,168,100,6
40239.0,445.0,TCP,0.003,2.0,174.0,0,192,168,220,10,192,168,100,5
59699.0,80.0,TCP,0.006,6.0,545.0,1,192,168,220,16,192,168,100,6
34614.0,80.0,TCP,0.005,5.0,479.0,1,192,168,220,16,192,168,100,6
137.0,137.0,UDP,0.0,1.0,92.0,0,192,168,220,5,192,168,220,255
445.0,43145.0,TCP,0.0,1.0,108.0,0,192,168,100,5,192,168,220,4
445.0,51146.0,TCP,0.0,1.0,108.0,0,192,168,100,5,192,168,220,5
48888.0,445.0,TCP,0.003,2.0,174.0,0,192,168,220,15,192,168,100,5
51146.0,445.0,TCP,0.0,1.0,66.0,0,192,168,220,5,192,168,100,5
43145.0,445.0,TCP,0.004,2.0,174.0,0,192,168,220,4,192,168,100,5
55945.0,80.0,TCP,0.005,5.0,479.0,1,192,168,220,16,192,168,100,6
445.0,40239.0,TCP,0.0,1.0,108.0,0,192,168,100,5,192,168,220,10
59567.0,80.0,TCP,0.0069999999999999,5.0,479.0,1,192,168,220,16,192,168,100,6
445.0,46709.0,TCP,0.0,1.0,108.0,0,192,168,100,5,192,168,220,6
445.0,46709.0,TCP,0.0,1.0,108.0,0,192,168,100,5,192,168,220,6
445.0,51146.0,TCP,0.0,1.0,108.0,0,192,168,100,5,192,168,220,5
445.0,46808.0,TCP,0.0,1.0,108.0,0,192,168,100,5,192,168,200,5
445.0,40239.0,TCP,0.0,1.0,108.0,0,192,168,100,5,192,168,220,10
51146.0,445.0,TCP,0.005,2.0,174.0,0,192,168,220,5,192,168,100,5
34131.0,80.0,TCP,0.005,5.0,479.0,1,192,168,220,16,192,168,100,6
57283.0,80.0,TCP,0.001,6.0,545.0,1,192,168,220,16,192,168,100,6
34864.0,80.0,TCP,0.006,5.0,479.0,1,192,168,220,16,192,168,100,6
49094.0,445.0,TCP,0.003,2.0,174.0,0,192,168,220,8,192,168,100,5
43183.0,445.0,TCP,0.001,2.0,174.0,0,192,168,200,4,192,168,100,5
51146.0,445.0,TCP,0.0,1.0,66.0,0,192,168,220,5,192,168,100,5
57994.0,80.0,TCP,0.004,6.0,545.0,1,192,168,220,16,192,168,100,6
33623.0,80.0,TCP,0.002,5.0,479.0,1,192,168,220,16,192,168,100,6
37884.0,445.0,TCP,0.003,2.0,174.0,0,192,168,220,9,192,168,100,5
51357.0,1031.0,TCP,0.0,1.0,58.0,1,192,168,220,16,192,168,200,5
57914.0,80.0,TCP,0.004,5.0,479.0,1,192,168,220,16,192,168,100,6
445.0,40239.0,TCP,0.0,1.0,108.0,0,192,168,100,5,192,168,220,10
58844.0,445.0,TCP,0.005,2.0,174.0,0,192,168,220,16,192,168,100,5
445.0,34743.0,TCP,0.0,1.0,108.0,0,192,168,100,5,192,168,220,11
49094.0,445.0,TCP,0.002,2.0,174.0,0,192,168,220,8,192,168,100,5
37191.0,445.0,TCP,0.003,2.0,174.0,0,192,168,220,7,192,168,100,5
445.0,34743.0,TCP,0.0,1.0,108.0,0,192,168,100,5,192,168,220,11
55731.0,80.0,TCP,0.003,5.0,479.0,1,192,168,220,16,192,168,100,6
445.0,49511.0,TCP,0.0,1.0,108.0,0,192,168,100,5,192,168,220,12
445.0,51146.0,TCP,0.0,1.0,108.0,0,192,168,100,5,192,168,220,5
37191.0,445.0,TCP,0.002,2.0,174.0,0,192,168,220,7,192,168,100,5
5898.0,80.0,TCP,0.003,6.0,545.0,1,192,168,220,16,192,168,100,6
51357.0,665.0,TCP,0.0,1.0,58.0,1,192,168,220,16,192,168,200,5
57392.0,80.0,TCP,0.006,5.0,479.0,1,192,168,220,16,192,168,100,6
58240.0,80.0,TCP,0.006,5.0,479.0,1,192,168,220,16,192,168,100,6
58002.0,80.0,TCP,0.005,6.0,545.0,1,192,168,220,16,192,168,100,6
445.0,51146.0,TCP,0.0,1.0,108.0,0,192,168,100,5,192,168,220,5
46756.0,3325.0,TCP,0.0,1.0,58.0,1,192,168,220,16,192,168,210,5
59100.0,80.0,TCP,0.006,5.0,479.0,1,192,168,220,16,192,168,100,6
137.0,137.0,UDP,0.0,1.0,92.0,0,192,168,200,5,192,168,200,255
60643.0,80.0,TCP,0.006,5.0,479.0,1,192,168,220,16,192,168,100,6
137.0,137.0,UDP,0.0,1.0,92.0,0,192,168,220,12,192,168,220,255
43183.0,445.0,TCP,0.001,2.0,174.0,0,192,168,200,4,192,168,100,5
57628.0,80.0,TCP,0.002,6.0,545.0,1,192,168,220,16,192,168,100,6
59269.0,80.0,TCP,0.002,5.0,479.0,1,192,168,220,16,192,168,100,6
37884.0,445.0,TCP,0.003,2.0,174.0,0,192,168,220,9,192,168,100,5
59114.0,80.0,TCP,0.004,6.0,545.0,1,192,168,220,16,192,168,100,6
59766.0,80.0,TCP,0.006,6.0,545.0,1,192,168,220,16,192,168,100,6
58897.0,80.0,TCP,0.005,5.0,479.0,1,192,168,220,16,192,168,100,6
445.0,43145.0,TCP,0.0,1.0,108.0,0,192,168,100,5,192,168,220,4
49511.0,445.0,TCP,0.002,2.0,174.0,0,192,168,220,12,192,168,100,5
59729.0,80.0,TCP,0.006,6.0,545.0,1,192,168,220,16,192,168,100,6
58967.0,80.0,TCP,0.004,5.0,479.0,1,192,168,220,16,192,168,100,6
35385.0,80.0,TCP,0.004,5.0,479.0,1,192,168,220,16,192,168,100,6
445.0,34743.0,TCP,0.0,1.0,108.0,0,192,168,100,5,192,168,220,11
445.0,37884.0,TCP,0.0,1.0,108.0,0,192,168,100,5,192,168,220,9
46808.0,445.0,TCP,0.005,2.0,174.0,0,192,168,200,5,192,168,100,5
34743.0,445.0,TCP,0.002,2.0,174.0,0,192,168,220,11,192,168,100,5
59316.0,80.0,TCP,0.002,6.0,545.0,1,192,168,220,16,192,168,100,6
37884.0,445.0,TCP,0.002,2.0,174.0,0,192,168,220,9,192,168,100,5
36138.0,80.0,TCP,0.004,5.0,479.0,1,192,168,220,16,192,168,100,6
59425.0,80.0,TCP,0.003,5.0,479.0,1,192,168,220,16,192,168,100,6
59291.0,80.0,TCP,0.005,6.0,545.0,1,192,168,220,16,192,168,100,6
137.0,137.0,UDP,0.0,1.0,92.0,0,192,168,220,10,192,168,220,255
445.0,43183.0,TCP,0.0,1.0,70.0,0,192,168,100,5,192,168,200,4
55943.0,80.0,TCP,0.002,6.0,545.0,1,192,168,220,16,192,168,100,6
445.0,48888.0,TCP,0.0,1.0,108.0,0,192,168,100,5,192,168,220,15
138.0,138.0,UDP,0.0,1.0,262.0,0,192,168,220,12,192,168,220,255
60614.0,80.0,TCP,0.005,5.0,479.0,1,192,168,220,16,192,168,100,6
59073.0,80.0,TCP,0.004,6.0,545.0,1,192,168,220,16,192,168,100,6
49094.0,445.0,TCP,0.004,2.0,174.0,0,192,168,220,8,192,168,100,5
138.0,138.0,UDP,0.0,2.0,514.0,0,192,168,200,3,192,168,200,255
58844.0,445.0,TCP,0.003,2.0,174.0,0,192,168,220,16,192,168,100,5
43145.0,445.0,TCP,0.005,2.0,174.0,0,192,168,220,4,192,168,100,5
49511.0,445.0,TCP,0.004,2.0,174.0,0,192,168,220,12,192,168,100,5
137.0,137.0,UDP,0.0,1.0,92.0,0,192,168,220,14,192,168,220,255
445.0,46709.0,TCP,0.0,1.0,108.0,0,192,168,100,5,192,168,220,6
60766.0,80.0,TCP,0.004,5.0,479.0,1,192,168,220,16,192,168,100,6
445.0,49511.0,TCP,0.0,1.0,108.0,0,192,168,100,5,192,168,220,12
445.0,58844.0,TCP,0.0,1.0,108.0,0,192,168,100,5,192,168,220,16
58702.0,80.0,TCP,0.003,5.0,479.0,1,192,168,220,16,192,168,100,6
55986.0,80.0,TCP,0.004,6.0,545.0,1,192,168,220,16,192,168,100,6
32986.0,80.0,TCP,0.004,5.0,479.0,1,192,168,220,16,192,168,100,6
51357.0,1131.0,TCP,0.0,1.0,58.0,1,192,168,220,16,192,168,200,1
52321.0,445.0,TCP,0.0,2.0,174.0,0,192,168,220,14,192,168,100,5
34743.0,445.0,TCP,0.005,2.0,174.0,0,192,168,220,11,192,168,100,5
57971.0,80.0,TCP,0.006,5.0,479.0,1,192,168,220,16,192,168,100,6
52321.0,445.0,TCP,0.004,2.0,174.0,0,192,168,220,14,192,168,100,5
445.0,40239.0,TCP,0.0,1.0,108.0,0,192,168,100,5,192,168,220,10
57316.0,80.0,TCP,0.005,5.0,479.0,1,192,168,220,16,192,168,100,6
51146.0,445.0,TCP,0.003,2.0,174.0,0,192,168,220,5,192,168,100,5
445.0,49511.0,TCP,0.0,1.0,108.0,0,192,168,100,5,192,168,220,12
58844.0,445.0,TCP,0.004,2.0,174.0,1,192,168,220,16,192,168,100,5
59455.0,80.0,TCP,0.003,5.0,479.0,1,192,168,220,16,192,168,100,6
445.0,40239.0,TCP,0.0,1.0,108.0,0,192,168,100,5,192,168,220,10
56574.0,80.0,TCP,0.006,5.0,479.0,1,192,168,220,16,192,168,100,6
137.0,137.0,UDP,0.0,1.0,92.0,0,192,168,220,6,192,168,220,255
40239.0,445.0,TCP,0.006,2.0,174.0,0,192,168,220,10,192,168,100,5
445.0,46808.0,TCP,0.0,1.0,108.0,0,192,168,100,5,192,168,200,5
34046.0,80.0,TCP,0.004,6.0,545.0,1,192,168,220,16,192,168,100,6
35291.0,80.0,TCP,0.004,5.0,479.0,1,192,168,220,16,192,168,100,6
37191.0,445.0,TCP,0.003,2.0,174.0,0,192,168,220,7,192,168,100,5
60689.0,445.0,TCP,0.003,2.0,174.0,0,192,168,220,13,192,168,100,5
34743.0,445.0,TCP,0.003,2.0,174.0,0,192,168,220,11,192,168,100,5
60457.0,80.0,TCP,0.004,6.0,545.0,1,192,168,220,16,192,168,100,6
445.0,46808.0,TCP,0.0,1.0,108.0,0,192,168,100,5,192,168,200,5
51357.0,25.0,TCP,0.0,1.0,58.0,1,192,168,220,16,192,168,200,5
49511.0,445.0,TCP,0.001,2.0,174.0,0,192,168,220,12,192,168,100,5
51357.0,3389.0,TCP,0.0,1.0,58.0,1,192,168,220,16,192,168,200,2
137.0,137.0,UDP,0.0,1.0,92.0,0,192,168,220,5,192,168,220,255
59353.0,80.0,TCP,0.004,5.0,479.0,1,192,168,220,16,192,168,100,6
35607.0,80.0,TCP,0.003,5.0,479.0,1,192,168,220,16,192,168,100,6
51146.0,445.0,TCP,0.002,2.0,174.0,0,192,168,220,5,192,168,100,5
59031.0,80.0,TCP,0.005,5.0,479.0,1,192,168,220,16,192,168,100,6
51357.0,64680.0,TCP,0.0,1.0,58.0,1,192,168,220,16,192,168,200,4
34743.0,445.0,TCP,0.005,2.0,174.0,0,192,168,220,11,192,168,100,5
51358.0,2068.0,TCP,0.0,1.0,58.0,1,192,168,220,16,192,168,200,8
37884.0,445.0,TCP,0.005,2.0,174.0,0,192,168,220,9,192,168,100,5
445.0,40239.0,TCP,0.0,1.0,108.0,0,192,168,100,5,192,168,220,10
445.0,58844.0,TCP,0.0,1.0,108.0,0,192,168,100,5,192,168,220,16
445.0,49094.0,TCP,0.0,1.0,108.0,0,192,168,100,5,192,168,220,8
445.0,43145.0,TCP,0.0,1.0,108.0,0,192,168,100,5,192,168,220,4
52321.0,445.0,TCP,0.002,2.0,174.0,0,192,168,220,14,192,168,100,5
138.0,138.0,UDP,0.0,1.0,262.0,0,192,168,220,8,192,168,220,255
137.0,137.0,UDP,0.0,1.0,92.0,0,192,168,220,13,192,168,220,255
60392.0,80.0,TCP,0.003,5.0,479.0,1,192,168,220,16,192,168,100,6
59869.0,80.0,TCP,0.003,5.0,479.0,1,192,168,220,16,192,168,100,6
60293.0,80.0,TCP,0.006,6.0,545.0,1,192,168,220,16,192,168,100,6
59063.0,80.0,TCP,0.006,5.0,479.0,1,192,168,220,16,192,168,100,6
51357.0,1072.0,TCP,0.0,1.0,58.0,1,192,168,220,16,192,168,200,5
137.0,137.0,UDP,0.0,1.0,92.0,0,192,168,220,10,192,168,220,255
57848.0,80.0,TCP,0.001,5.0,479.0,1,192,168,220,16,192,168,100,6
48888.0,445.0,TCP,0.001,2.0,174.0,0,192,168,220,15,192,168,100,5
445.0,34743.0,TCP,0.0,1.0,108.0,0,192,168,100,5,192,168,220,11
57958.0,80.0,TCP,0.005,5.0,479.0,1,192,168,220,16,192,168,100,6
51146.0,445.0,TCP,0.0,2.0,174.0,0,192,168,220,5,192,168,100,5
445.0,40239.0,TCP,0.0,1.0,108.0,0,192,168,100,5,192,168,220,10
445.0,46808.0,TCP,0.0,1.0,108.0,0,192,168,100,5,192,168,200,5
445.0,58844.0,TCP,0.0,1.0,70.0,0,192,168,100,5,192,168,220,16
60053.0,80.0,TCP,0.003,5.0,479.0,1,192,168,220,16,192,168,100,6
445.0,34743.0,TCP,0.0,1.0,108.0,0,192,168,100,5,192,168,220,11
46709.0,445.0,TCP,0.005,2.0,174.0,0,192,168,220,6,192,168,100,5
33081.0,80.0,TCP,0.003,5.0,479.0,1,192,168,220,16,192,168,100,6
445.0,52321.0,TCP,0.0,1.0,108.0,0,192,168,100,5,192,168,220,14
59724.0,80.0,TCP,0.005,6.0,545.0,1,192,168,220,16,192,168,100,6
57933.0,80.0,TCP,0.003,5.0,479.0,1,192,168,220,16,192,168,100,6
51357.0,554.0,TCP,0.0,1.0,58.0,1,192,168,220,16,192,168,200,8
587.0,80.0,TCP,0.003,5.0,486.0,0,192,168,220,14,192,168,100,6
37264.0,80.0,TCP,0.005,5.0,479.0,1,192,168,220,16,192,168,100,6
37191.0,445.0,TCP,0.0,1.0,66.0,0,192,168,220,7,192,168,100,5
445.0,37884.0,TCP,0.0,1.0,108.0,0,192,168,100,5,192,168,220,9
445.0,34743.0,TCP,0.0,1.0,108.0,0,192,168,100,5,192,168,220,11
56829.0,80.0,TCP,0.004,5.0,479.0,1,192,168,220,16,192,168,100,6
51357.0,64623.0,TCP,0.0,1.0,58.0,1,192,168,220,16,192,168,200,5
59154.0,80.0,TCP,0.002,5.0,479.0,1,192,168,220,16,192,168,100,6
33886.0,80.0,TCP,0.004,5.0,479.0,1,192,168,220,16,192,168,100,6
35188.0,80.0,TCP,0.004,5.0,479.0,1,192,168,220,16,192,168,100,6
58844.0,445.0,TCP,0.002,2.0,174.0,0,192,168,220,16,192,168,100,5
59672.0,80.0,TCP,0.003,5.0,479.0,1,192,168,220,16,192,168,100,6
445.0,48888.0,TCP,0.0,1.0,108.0,0,192,168,100,5,192,168,220,15
137.0,137.0,UDP,0.0,1.0,92.0,0,192,168,220,9,192,168,220,255
34045.0,80.0,TCP,0.004,5.0,479.0,1,192,168,220,16,192,168,100,6
60689.0,445.0,TCP,0.003,2.0,174.0,0,192,168,220,13,192,168,100,5
48888.0,445.0,TCP,0.003,2.0,174.0,0,192,168,220,15,192,168,100,5
57737.0,80.0,TCP,0.002,6.0,545.0,1,192,168,220,16,192,168,100,6
55341.0,80.0,TCP,0.004,5.0,479.0,1,192,168,220,16,192,168,100,6
59290.0,80.0,TCP,0.006,6.0,545.0,1,192,168,220,16,192,168,100,6
37644.0,80.0,TCP,0.005,5.0,479.0,1,192,168,220,16,192,168,100,6
55793.0,80.0,TCP,0.005,5.0,479.0,1,192,168,220,16,192,168,100,6
445.0,58844.0,TCP,0.0,1.0,108.0,0,192,168,220,16,192,168,100,5
59475.0,80.0,TCP,0.003,5.0,479.0,1,192,168,220,16,192,168,100,6
445.0,51146.0,TCP,0.0,1.0,108.0,0,192,168,100,5,192,168,220,5
58455.0,80.0,TCP,0.003,6.0,545.0,1,192,168,220,16,192,168,100,6
445.0,37191.0,TCP,0.0,1.0,108.0,0,192,168,100,5,192,168,220,5
34743.0,445.0,TCP,0.0,1.0,66.0,0,192,168,220,11,192,168,100,5
445.0,58844.0,TCP,0.0,1.0,108.0,0,192,168,100,5,192,168,220,16
60457.0,80.0,TCP,0.005,5.0,479.0,1,192,168,220,16,192,168,100,6
59076.0,80.0,TCP,0.003,5.0,479.0,1,192,168,220,16,192,168,100,6
46808.0,445.0,TCP,0.005,2.0,174.0,0,192,168,200,5,192,168,100,5
445.0,60689.0,TCP,0.0,1.0,108.0,0,192,168,100,5,192,168,220,13
37191.0,445.0,TCP,0.002,2.0,174.0,0,192,168,220,7,192,168,100,5
58512.0,80.0,TCP,0.004,5.0,479.0,1,192,168,220,16,192,168,100,6
445.0,58844.0,TCP,0.0,1.0,108.0,0,192,168,100,5,192,168,220,16
56584.0,80.0,TCP,0.003,6.0,545.0,1,192,168,220,16,192,168,100,6
52321.0,445.0,TCP,0.005,2.0,174.0,0,192,168,220,14,192,168,100,5
57903.0,80.0,TCP,0.005,5.0,479.0,1,192,168,220,16,192,168,100,6
59071.0,80.0,TCP,0.005,5.0,479.0,1,192,168,220,16,192,168,100,6
57644.0,80.0,TCP,0.004,5.0,479.0,1,192,168,220,16,192,168,100,6
52321.0,445.0,TCP,0.001,2.0,174.0,0,192,168,220,14,192,168,100,5
58609.0,80.0,TCP,0.004,5.0,479.0,1,192,168,220,16,192,168,100,6
37191.0,445.0,TCP,0.002,2.0,174.0,0,192,168,220,7,192,168,100,5
51146.0,445.0,TCP,0.005,2.0,174.0,0,192,168,220,5,192,168,100,5
445.0,37884.0,TCP,0.0,1.0,70.0,0,192,168,100,5,192,168,220,9
37884.0,445.0,TCP,0.004,2.0,174.0,0,192,168,220,9,192,168,100,5
445.0,43183.0,TCP,0.0,1.0,108.0,0,192,168,100,5,192,168,200,4
57824.0,80.0,TCP,0.004,5.0,479.0,1,192,168,220,16,192,168,100,6
58844.0,445.0,TCP,0.001,2.0,174.0,0,192,168,220,16,192,168,100,5
445.0,46709.0,TCP,0.0,1.0,70.0,0,192,168,100,5,192,168,220,6
51357.0,4925.0,TCP,0.0,1.0,58.0,1,192,168,220,16,192,168,200,9
34021.0,80.0,TCP,0.005,5.0,479.0,1,192,168,220,16,192,168,100,6
46808.0,445.0,TCP,0.002,2.0,174.0,0,192,168,200,5,192,168,100,5
58937.0,80.0,TCP,0.006,5.0,479.0,1,192,168,220,16,192,168,100,6
58704.0,80.0,TCP,0.002,5.0,479.0,1,192,168,220,16,192,168,100,6
59290.0,80.0,TCP,0.006,5.0,479.0,1,192,168,220,16,192,168,100,6
445.0,52321.0,TCP,0.0,1.0,108.0,0,192,168,100,5,192,168,220,14
49511.0,445.0,TCP,0.001,2.0,174.0,0,192,168,220,12,192,168,100,5
59517.0,80.0,TCP,0.004,5.0,479.0,1,192,168,220,16,192,168,100,6
445.0,51146.0,TCP,0.0,1.0,108.0,0,192,168,100,5,192,168,220,5
137.0,137.0,UDP,0.0,1.0,92.0,0,192,168,220,4,192,168,220,255
56876.0,80.0,TCP,0.005,5.0,479.0,1,192,168,220,16,192,168,100,6
35493.0,80.0,TCP,0.003,5.0,479.0,1,192,168,220,16,192,168,100,6
445.0,49094.0,TCP,0.0,1.0,108.0,0,192,168,100,5,192,168,220,8
58427.0,80.0,TCP,0.005,5.0,479.0,1,192,168,220,16,192,168,100,6
445.0,58844.0,TCP,0.0,1.0,70.0,0,192,168,100,5,192,168,220,16
49511.0,445.0,TCP,0.003,2.0,174.0,0,192,168,220,12,192,168,100,5
36012.0,80.0,TCP,0.005,5.0,479.0,1,192,168,220,16,192,168,100,6
58715.0,80.0,TCP,0.004,5.0,479.0,1,192,168,220,16,192,168,100,6
58468.0,80.0,TCP,0.004,5.0,479.0,1,192,168,220,16,192,168,100,6
445.0,49511.0,TCP,0.0,1.0,108.0,0,192,168,100,5,192,168,220,12
445.0,43183.0,TCP,0.0,1.0,70.0,0,192,168,100,5,192,168,200,4
60611.0,80.0,TCP,0.004,6.0,545.0,1,192,168,220,16,192,168,100,6
43145.0,445.0,TCP,0.005,2.0,174.0,0,192,168,220,4,192,168,100,5
60997.0,80.0,TCP,0.005,6.0,545.0,1,192,168,220,16,192,168,100,6
51357.0,111.0,TCP,0.0,1.0,58.0,1,192,168,220,16,192,168,200,3
48888.0,445.0,TCP,0.003,2.0,174.0,0,192,168,220,15,192,168,100,5
445.0,51146.0,TCP,0.0,1.0,70.0,0,192,168,100,5,192,168,220,5
59864.0,80.0,TCP,0.005,5.0,479.0,1,192,168,220,16,192,168,100,6
59255.0,80.0,TCP,0.003,5.0,479.0,1,192,168,220,16,192,168,100,6
58844.0,445.0,TCP,0.006,2.0,174.0,0,192,168,220,16,192,168,100,5
445.0,48888.0,TCP,0.0,1.0,108.0,0,192,168,100,5,192,168,220,15
138.0,138.0,UDP,0.0,1.0,262.0,0,192,168,200,5,192,168,200,255
51357.0,80.0,TCP,0.0,1.0,58.0,1,192,168,220,16,192,168,200,9
60303.0,80.0,TCP,0.003,5.0,479.0,1,192,168,220,16,192,168,100,6
51357.0,6689.0,TCP,0.0,1.0,58.0,1,192,168,220,16,192,168,200,8
58837.0,80.0,TCP,0.003,5.0,479.0,1,192,168,220,16,192,168,100,6
445.0,58844.0,TCP,0.0,1.0,108.0,0,192,168,100,5,192,168,220,16
46766.0,3389.0,TCP,0.003,2.0,112.0,1,192,168,220,16,192,168,210,5
43183.0,445.0,TCP,0.003,2.0,174.0,0,192,168,200,4,192,168,100,5
137.0,137.0,UDP,0.0,1.0,92.0,0,192,168,220,12,192,168,220,255
445.0,60689.0,TCP,0.0,1.0,108.0,0,192,168,100,5,192,168,220,13
56283.0,80.0,TCP,0.003,5.0,479.0,1,192,168,220,16,192,168,100,6
35856.0,80.0,TCP,0.003,5.0,479.0,1,192,168,220,16,192,168,100,6
60161.0,80.0,TCP,0.006,6.0,545.0,1,192,168,220,16,192,168,100,6
52321.0,445.0,TCP,0.0,1.0,66.0,0,192,168,220,14,192,168,100,5
445.0,58844.0,TCP,0.0,1.0,108.0,0,192,168,100,5,192,168,220,16
59997.0,80.0,TCP,0.003,5.0,479.0,1,192,168,220,16,192,168,100,6
46774.0,135.0,TCP,0.001,2.0,112.0,1,192,168,220,16,192,168,200,8
445.0,48888.0,TCP,0.0,1.0,108.0,0,192,168,100,5,192,168,220,15
445.0,43145.0,TCP,0.0,1.0,70.0,0,192,168,100,5,192,168,220,4
51357.0,80.0,TCP,0.0,1.0,58.0,1,192,168,220,16,192,168,200,8
60689.0,445.0,TCP,0.002,2.0,174.0,0,192,168,220,13,192,168,100,5
445.0,43183.0,TCP,0.0,1.0,108.0,0,192,168,100,5,192,168,200,4
60233.0,80.0,TCP,0.004,5.0,479.0,1,192,168,220,16,192,168,100,6
445.0,51146.0,TCP,0.0,1.0,108.0,0,192,168,100,5,192,168,220,5
46808.0,445.0,TCP,0.0,1.0,66.0,0,192,168,200,5,192,168,100,5
445.0,46709.0,TCP,0.0,1.0,108.0,0,192,168,100,5,192,168,220,6
60689.0,445.0,TCP,0.002,2.0,174.0,0,192,168,220,13,192,168,100,5
445.0,60689.0,TCP,0.0,1.0,108.0,0,192,168,100,5,192,168,220,13
51357.0,1056.0,TCP,0.0,1.0,58.0,1,192,168,220,16,192,168,200,2
57732.0,80.0,TCP,0.005,5.0,479.0,1,192,168,220,16,192,168,100,6
51357.0,7103.0,TCP,0.0,1.0,58.0,1,192,168,220,16,192,168,200,3
445.0,58844.0,TCP,0.0,1.0,108.0,0,192,168,100,5,192,168,220,16
58886.0,80.0,TCP,0.0069999999999999,6.0,545.0,1,192,168,220,16,192,168,100,6
37191.0,445.0,TCP,0.0,1.0,66.0,0,192,168,220,7,192,168,100,5
445.0,34743.0,TCP,0.0,1.0,108.0,0,192,168,100,5,192,168,220,11
46808.0,445.0,TCP,0.004,2.0,174.0,0,192,168,200,5,192,168,100,5
445.0,37191.0,TCP,0.0,1.0,108.0,0,192,168,100,5,192,168,220,7
445.0,58844.0,TCP,0.0,1.0,108.0,0,192,168,100,5,192,168,220,16
60725.0,80.0,TCP,0.006,6.0,545.0,1,192,168,220,16,192,168,100,6
58369.0,80.0,TCP,0.005,6.0,545.0,1,192,168,220,16,192,168,100,6
60912.0,80.0,TCP,0.004,5.0,479.0,1,192,168,220,16,192,168,100,6
51146.0,445.0,TCP,0.004,2.0,174.0,0,192,168,220,5,192,168,100,5
49094.0,445.0,TCP,0.0,1.0,66.0,0,192,168,220,8,192,168,100,5
46709.0,445.0,TCP,0.0,1.0,66.0,0,192,168,220,6,192,168,100,5
51357.0,5961.0,TCP,0.0,1.0,58.0,1,192,168,220,16,192,168,200,5
46755.0,2602.0,TCP,0.0,1.0,58.0,1,192,168,220,16,192,168,210,5
43145.0,445.0,TCP,0.0,2.0,174.0,0,192,168,220,4,192,168,100,5
60043.0,80.0,TCP,0.004,5.0,479.0,1,192,168,220,16,192,168,100,6
59537.0,80.0,TCP,0.006,6.0,545.0,1,192,168,220,16,192,168,100,6
51146.0,445.0,TCP,0.001,2.0,174.0,0,192,168,220,5,192,168,100,5
43145.0,445.0,TCP,0.003,2.0,174.0,0,192,168,220,4,192,168,100,5
57566.0,80.0,TCP,0.003,5.0,479.0,1,192,168,220,16,192,168,100,6
34199.0,80.0,TCP,0.004,5.0,479.0,1,192,168,220,16,192,168,100,6
60638.0,80.0,TCP,0.003,5.0,479.0,1,192,168,220,16,192,168,100,6
137.0,137.0,UDP,0.0,1.0,92.0,0,192,168,220,4,192,168,220,255
59136.0,80.0,TCP,0.004,5.0,479.0,1,192,168,220,16,192,168,100,6
40239.0,445.0,TCP,0.003,2.0,174.0,0,192,168,220,10,192,168,100,5
58430.0,80.0,TCP,0.006,5.0,479.0,1,192,168,220,16,192,168,100,6
59087.0,80.0,TCP,0.001,6.0,545.0,1,192,168,220,16,192,168,100,6
445.0,40239.0,TCP,0.0,1.0,108.0,0,192,168,100,5,192,168,220,10
33412.0,80.0,TCP,0.005,5.0,479.0,1,192,168,220,16,192,168,100,6
51358.0,32777.0,TCP,0.0,1.0,58.0,1,192,168,220,16,192,168,200,8
445.0,37884.0,TCP,0.0,1.0,108.0,0,192,168,100,5,192,168,220,9
48888.0,445.0,TCP,0.004,2.0,174.0,0,192,168,220,15,192,168,100,5
445.0,58844.0,TCP,0.0,1.0,108.0,0,192,168,100,5,192,168,220,16
58007.0,80.0,TCP,0.005,5.0,479.0,1,192,168,220,16,192,168,100,6
137.0,137.0,UDP,0.0,1.0,92.0,0,192,168,220,6,192,168,220,255
445.0,46709.0,TCP,0.0,1.0,108.0,0,192,168,100,5,192,168,220,6
49511.0,445.0,TCP,0.002,2.0,174.0,0,192,168,220,12,192,168,100,5
445.0,58844.0,TCP,0.0,1.0,108.0,0,192,168,100,5,192,168,220,16
445.0,52321.0,TCP,0.0,1.0,108.0,0,192,168,100,5,192,168,220,14
445.0,52321.0,TCP,0.0,1.0,108.0,0,192,168,100,5,192,168,220,14
445.0,58844.0,TCP,0.0,1.0,108.0,0,192,168,100,5,192,168,220,16
137.0,137.0,UDP,0.0,1.0,92.0,0,192,168,220,7,192,168,220,255
60621.0,80.0,TCP,0.003,5.0,479.0,1,192,168,220,16,192,168,100,6
58666.0,80.0,TCP,0.002,5.0,479.0,1,192,168,220,16,192,168,100,6
137.0,137.0,UDP,0.0,1.0,92.0,0,192,168,220,13,192,168,220,255
51430.0,135.0,TCP,0.005,2.0,112.0,1,192,168,220,16,192,168,200,8
35179.0,80.0,TCP,0.004,5.0,479.0,1,192,168,220,16,192,168,100,6
51357.0,603.0,TCP,0.0,1.0,58.0,1,192,168,220,16,192,168,200,4
49511.0,445.0,TCP,0.003,2.0,174.0,0,192,168,220,12,192,168,100,5
58844.0,445.0,TCP,0.002,2.0,174.0,0,192,168,220,16,192,168,100,5
57303.0,80.0,TCP,0.005,6.0,545.0,1,192,168,220,16,192,168,100,6
51357.0,1091.0,TCP,0.0,1.0,58.0,1,192,168,220,16,192,168,200,8
445.0,60689.0,TCP,0.0,1.0,108.0,0,192,168,100,5,192,168,220,13
46755.0,1089.0,TCP,0.0,1.0,58.0,1,192,168,220,16,192,168,210,1
59580.0,80.0,TCP,0.005,5.0,479.0,1,192,168,220,16,192,168,100,6
445.0,46709.0,TCP,0.0,1.0,108.0,0,192,168,100,5,192,168,220,6
445.0,52321.0,TCP,0.0,1.0,108.0,0,192,168,100,5,192,168,220,14
51357.0,548.0,TCP,0.0,1.0,58.0,1,192,168,220,16,192,168,200,5
138.0,138.0,UDP,0.0,1.0,262.0,0,192,168,220,12,192,168,220,255
445.0,43183.0,TCP,0.0,1.0,108.0,0,192,168,100,5,192,168,200,4
59837.0,80.0,TCP,0.001,5.0,479.0,1,192,168,220,16,192,168,100,6
35204.0,80.0,TCP,0.004,5.0,479.0,1,192,168,220,16,192,168,100,6
51357.0,6666.0,TCP,0.0,1.0,58.0,1,192,168,220,16,192,168,200,2
43183.0,445.0,TCP,0.004,2.0,174.0,0,192,168,200,4,192,168,100,5
59142.0,80.0,TCP,0.003,5.0,479.0,1,192,168,220,16,192,168,100,6
46755.0,52822.0,TCP,0.0,1.0,58.0,1,192,168,220,16,192,168,210,4
43183.0,445.0,TCP,0.0,1.0,66.0,0,192,168,200,4,192,168,100,5
34543.0,80.0,TCP,0.005,5.0,479.0,1,192,168,220,16,192,168,100,6
445.0,51146.0,TCP,0.0,1.0,108.0,0,192,168,100,5,192,168,220,5
40239.0,445.0,TCP,0.002,2.0,174.0,0,192,168,220,10,192,168,100,5
43145.0,445.0,TCP,0.004,2.0,174.0,0,192,168,220,4,192,168,100,5
36309.0,80.0,TCP,0.006,5.0,479.0,1,192,168,220,16,192,168,100,6
445.0,37191.0,TCP,0.0,1.0,108.0,0,192,168,100,5,192,168,220,7
57720.0,80.0,TCP,0.004,5.0,479.0,1,192,168,220,16,192,168,100,6
445.0,52321.0,TCP,0.0,1.0,108.0,0,192,168,100,5,192,168,220,14
60524.0,80.0,TCP,0.004,6.0,545.0,1,192,168,220,16,192,168,100,6
59540.0,80.0,TCP,0.003,5.0,479.0,1,192,168,220,16,192,168,100,6
445.0,49511.0,TCP,0.0,1.0,108.0,0,192,168,100,5,192,168,220,12
58333.0,80.0,TCP,0.006,5.0,479.0,1,192,168,220,16,192,168,100,6
445.0,51146.0,TCP,0.0,1.0,108.0,0,192,168,100,5,192,168,220,5
51357.0,49.0,TCP,0.0,1.0,58.0,1,192,168,220,16,192,168,200,3
445.0,60689.0,TCP,0.0,1.0,108.0,0,192,168,100,5,192,168,220,13
34105.0,80.0,TCP,0.003,5.0,479.0,1,192,168,220,16,192,168,100,6
40239.0,445.0,TCP,0.002,2.0,174.0,0,192,168,220,10,192,168,100,5
445.0,46709.0,TCP,0.0,1.0,108.0,0,192,168,100,5,192,168,220,6
55775.0,80.0,TCP,0.006,6.0,545.0,1,192,168,220,16,192,168,100,6
52321.0,445.0,TCP,0.004,2.0,174.0,0,192,168,220,14,192,168,100,5
36805.0,80.0,TCP,0.006,6.0,545.0,1,192,168,220,16,192,168,100,6
48888.0,445.0,TCP,0.004,2.0,174.0,0,192,168,220,15,192,168,100,5
51357.0,528.0,TCP,0.0,1.0,58.0,1,192,168,220,16,192,168,200,1
52321.0,445.0,TCP,0.005,2.0,174.0,0,192,168,220,14,192,168,100,5
445.0,43145.0,TCP,0.0,1.0,108.0,0,192,168,100,5,192,168,220,4
445.0,48888.0,TCP,0.0,1.0,108.0,0,192,168,100,5,192,168,220,15
51357.0,32769.0,TCP,0.0,1.0,58.0,1,192,168,220,16,192,168,200,8
58007.0,80.0,TCP,0.006,5.0,479.0,1,192,168,220,16,192,168,100,6
51357.0,1037.0,TCP,0.0,1.0,58.0,1,192,168,220,16,192,168,200,2
445.0,46709.0,TCP,0.0,1.0,108.0,0,192,168,100,5,192,168,220,6
57372.0,80.0,TCP,0.004,6.0,545.0,1,192,168,220,16,192,168,100,6
58844.0,445.0,TCP,0.001,2.0,174.0,0,192,168,220,16,192,168,100,5
445.0,60689.0,TCP,0.0,1.0,108.0,0,192,168,100,5,192,168,220,13
59330.0,80.0,TCP,0.005,5.0,479.0,1,192,168,220,16,192,168,100,6
33762.0,80.0,TCP,0.004,5.0,479.0,1,192,168,220,16,192,168,100,6
51357.0,6500.0,TCP,0.0,1.0,58.0,1,192,168,220,16,192,168,200,5
445.0,52321.0,TCP,0.0,1.0,108.0,0,192,168,100,5,192,168,220,14
445.0,49511.0,TCP,0.0,1.0,108.0,0,192,168,100,5,192,168,220,12
58307.0,80.0,TCP,0.005,5.0,479.0,1,192,168,220,16,192,168,100,6
37884.0,445.0,TCP,0.002,2.0,174.0,0,192,168,220,9,192,168,100,5
58269.0,80.0,TCP,0.005,5.0,479.0,1,192,168,220,16,192,168,100,6
56958.0,80.0,TCP,0.004,5.0,479.0,1,192,168,220,16,192,168,100,6
57846.0,80.0,TCP,0.003,5.0,479.0,1,192,168,220,16,192,168,100,6
37191.0,445.0,TCP,0.0,1.0,66.0,0,192,168,220,7,192,168,100,5
445.0,37191.0,TCP,0.0,1.0,108.0,0,192,168,100,5,192,168,220,7
37138.0,80.0,TCP,0.006,5.0,479.0,1,192,168,220,16,192,168,100,6
51146.0,445.0,TCP,0.003,2.0,174.0,0,192,168,220,5,192,168,100,5
445.0,37884.0,TCP,0.0,1.0,108.0,0,192,168,100,5,192,168,220,9
445.0,49511.0,TCP,0.0,1.0,108.0,0,192,168,100,5,192,168,220,12
37191.0,445.0,TCP,0.003,2.0,174.0,0,192,168,220,7,192,168,100,5
445.0,37884.0,TCP,0.0,1.0,108.0,0,192,168,100,5,192,168,220,9
51358.0,810.0,TCP,0.0,1.0,58.0,1,192,168,220,16,192,168,200,8
57848.0,80.0,TCP,0.003,6.0,545.0,1,192,168,220,16,192,168,100,6
55919.0,80.0,TCP,0.005,5.0,479.0,1,192,168,220,16,192,168,100,6
52321.0,445.0,TCP,0.004,2.0,174.0,0,192,168,220,14,192,168,100,5
445.0,37191.0,TCP,0.0,1.0,108.0,0,192,168,100,5,192,168,220,7
137.0,137.0,UDP,0.0,1.0,92.0,0,192,168,220,9,192,168,220,255
58446.0,80.0,TCP,0.003,5.0,479.0,1,192,168,220,16,192,168,100,6
60183.0,80.0,TCP,0.004,5.0,479.0,1,192,168,220,16,192,168,100,6
59136.0,80.0,TCP,0.003,5.0,479.0,1,192,168,220,16,192,168,100,6
6046665.0,80.0,TCP,0.004,6.0,545.0,1,192,168,220,16,192,168,100,6
34743.0,445.0,TCP,0.002,2.0,174.0,0,192,168,220,11,192,168,100,5
445.0,37884.0,TCP,0.0,1.0,108.0,0,192,168,100,5,192,168,220,9
445.0,34743.0,TCP,0.0,1.0,108.0,0,192,168,100,5,192,168,220,11
46709.0,445.0,TCP,0.003,2.0,174.0,0,192,168,220,6,192,168,100,5
51357.0,8180.0,TCP,0.0,1.0,58.0,1,192,168,220,16,192,168,200,1
445.0,43145.0,TCP,0.0,1.0,108.0,0,192,168,100,5,192,168,220,4
51146.0,445.0,TCP,0.003,2.0,174.0,0,192,168,220,5,192,168,100,5
60629.0,80.0,TCP,0.006,5.0,479.0,1,192,168,220,16,192,168,100,6
52321.0,445.0,TCP,0.001,2.0,174.0,0,192,168,220,14,192,168,100,5
445.0,34743.0,TCP,0.0,1.0,108.0,0,192,168,100,5,192,168,220,11
57855.0,80.0,TCP,0.004,6.0,545.0,1,192,168,220,16,192,168,100,6
43183.0,445.0,TCP,0.003,2.0,174.0,0,192,168,200,4,192,168,100,5
51357.0,10001.0,TCP,0.0,1.0,58.0,1,192,168,220,16,192,168,200,9
57745.0,80.0,TCP,0.003,6.0,545.0,1,192,168,220,16,192,168,100,6
60774.0,80.0,TCP,0.002,5.0,479.0,1,192,168,220,16,192,168,100,6
60933.0,80.0,TCP,0.004,5.0,479.0,1,192,168,220,16,192,168,100,6
59979.0,80.0,TCP,0.004,6.0,545.0,1,192,168,220,16,192,168,100,6
51357.0,32783.0,TCP,0.0,1.0,58.0,1,192,168,220,16,192,168,200,9
51146.0,445.0,TCP,0.002,2.0,174.0,0,192,168,220,5,192,168,100,5
445.0,43183.0,TCP,0.0,1.0,108.0,0,192,168,100,5,192,168,200,4
58863.0,80.0,TCP,0.005,5.0,479.0,1,192,168,220,16,192,168,100,6
37191.0,445.0,TCP,0.002,2.0,174.0,0,192,168,220,7,192,168,100,5
445.0,43183.0,TCP,0.0,1.0,108.0,0,192,168,100,5,192,168,200,4
35522.0,80.0,TCP,0.006,5.0,479.0,1,192,168,220,16,192,168,100,6
445.0,48888.0,TCP,0.0,1.0,108.0,0,192,168,100,5,192,168,220,15
138.0,138.0,UDP,0.0,1.0,262.0,0,192,168,100,3,192,168,100,255
445.0,51146.0,TCP,0.0,1.0,108.0,0,192,168,100,5,192,168,220,5
37884.0,445.0,TCP,0.003,2.0,174.0,0,192,168,220,9,192,168,100,5
58844.0,445.0,TCP,0.005,2.0,174.0,0,192,168,220,16,192,168,100,5
52321.0,445.0,TCP,0.004,2.0,174.0,0,192,168,220,14,192,168,100,5
59039.0,80.0,TCP,0.004,6.0,545.0,1,192,168,220,16,192,168,100,6
56538.0,80.0,TCP,0.004,5.0,479.0,1,192,168,220,16,192,168,100,6
137.0,137.0,UDP,0.0,1.0,92.0,0,192,168,220,16,192,168,220,255
56864.0,80.0,TCP,0.004,6.0,545.0,1,192,168,220,16,192,168,100,6
51357.0,3221.0,TCP,0.0,1.0,58.0,1,192,168,220,16,192,168,200,2
34292.0,80.0,TCP,0.004,5.0,479.0,1,192,168,220,16,192,168,100,6
37191.0,445.0,TCP,0.002,2.0,174.0,0,192,168,220,7,192,168,100,5
37191.0,445.0,TCP,0.004,2.0,174.0,0,192,168,220,7,192,168,100,5
55424.0,80.0,TCP,0.006,5.0,479.0,1,192,168,220,16,192,168,100,6
58373.0,80.0,TCP,0.004,6.0,545.0,1,192,168,220,16,192,168,100,6
37884.0,445.0,TCP,0.004,2.0,174.0,0,192,168,220,9,192,168,100,5
445.0,51146.0,TCP,0.0,1.0,108.0,0,192,168,100,5,192,168,220,5
445.0,60689.0,TCP,0.0,1.0,108.0,0,192,168,100,5,192,168,220,13
58844.0,445.0,TCP,0.005,2.0,174.0,0,192,168,220,16,192,168,100,5
445.0,37884.0,TCP,0.0,1.0,108.0,0,192,168,100,5,192,168,220,9
445.0,37191.0,TCP,0.0,1.0,108.0,0,192,168,100,5,192,168,220,7
445.0,48888.0,TCP,0.0,1.0,108.0,0,192,168,100,5,192,168,220,15
445.0,51146.0,TCP,0.0,1.0,108.0,0,192,168,100,5,192,168,220,5
445.0,46808.0,TCP,0.0,1.0,108.0,0,192,168,100,5,192,168,200,5
37884.0,445.0,TCP,0.001,2.0,174.0,0,192,168,220,9,192,168,100,5
58057.0,80.0,TCP,0.003,6.0,545.0,1,192,168,220,16,192,168,100,6
51146.0,445.0,TCP,0.002,2.0,174.0,0,192,168,220,5,192,168,100,5
36508.0,80.0,TCP,0.004,5.0,479.0,1,192,168,220,16,192,168,100,6
445.0,34743.0,TCP,0.0,1.0,108.0,0,192,168,100,5,192,168,220,11
445.0,52321.0,TCP,0.0,1.0,108.0,0,192,168,100,5,192,168,220,14
445.0,49511.0,TCP,0.0,1.0,108.0,0,192,168,100,5,192,168,220,12
52321.0,445.0,TCP,0.001,2.0,174.0,0,192,168,220,14,192,168,100,5
60130.0,80.0,TCP,0.006,6.0,545.0,1,192,168,220,16,192,168,100,6
51467.0,25.0,TCP,0.0,1.0,58.0,1,192,168,220,16,192,168,200,5
57871.0,80.0,TCP,0.005,5.0,479.0,1,192,168,220,16,192,168,100,6
445.0,58844.0,TCP,0.0,1.0,108.0,0,192,168,100,5,192,168,220,16
40239.0,445.0,TCP,0.005,2.0,174.0,0,192,168,220,10,192,168,100,5
46808.0,445.0,TCP,0.003,2.0,174.0,0,192,168,200,5,192,168,100,5
445.0,49094.0,TCP,0.0,1.0,108.0,0,192,168,100,5,192,168,220,8
57319.0,80.0,TCP,0.003,5.0,479.0,1,192,168,220,16,192,168,100,6
59143.0,80.0,TCP,0.004,6.0,545.0,1,192,168,220,16,192,168,100,6
32914.0,80.0,TCP,0.005,5.0,479.0,1,192,168,220,16,192,168,100,6
445.0,46808.0,TCP,0.0,1.0,108.0,0,192,168,100,5,192,168,200,5
138.0,138.0,UDP,0.0,1.0,262.0,0,192,168,220,5,192,168,220,255
445.0,43183.0,TCP,0.0,1.0,108.0,0,192,168,100,5,192,168,200,4
46808.0,445.0,TCP,0.002,2.0,174.0,0,192,168,200,5,192,168,100,5
59524.0,80.0,TCP,0.004,5.0,479.0,1,192,168,220,16,192,168,100,6
46709.0,445.0,TCP,0.0,2.0,174.0,0,192,168,220,6,192,168,100,5
51357.0,10002.0,TCP,0.0,1.0,58.0,1,192,168,220,16,192,168,200,8
37191.0,445.0,TCP,0.003,2.0,174.0,0,192,168,220,7,192,168,100,5
57957.0,80.0,TCP,0.002,5.0,479.0,1,192,168,220,16,192,168,100,6
137.0,137.0,UDP,0.0,1.0,92.0,0,192,168,220,7,192,168,220,255
445.0,46709.0,TCP,0.0,1.0,108.0,0,192,168,100,5,192,168,220,6
33739.0,80.0,TCP,0.003,5.0,479.0,1,192,168,220,16,192,168,100,6
445.0,49511.0,TCP,0.0,1.0,108.0,0,192,168,100,5,192,168,220,12
37884.0,445.0,TCP,0.003,2.0,174.0,0,192,168,220,9,192,168,100,5
445.0,48888.0,TCP,0.0,1.0,108.0,0,192,168,100,5,192,168,220,15
37190.0,80.0,TCP,0.005,5.0,479.0,1,192,168,220,16,192,168,100,6
48888.0,445.0,TCP,0.003,2.0,174.0,0,192,168,220,15,192,168,100,5
46808.0,445.0,TCP,0.001,2.0,174.0,0,192,168,200,5,192,168,100,5
58695.0,80.0,TCP,0.005,5.0,479.0,1,192,168,220,16,192,168,100,6
445.0,37884.0,TCP,0.0,1.0,108.0,0,192,168,100,5,192,168,220,9
60621.0,80.0,TCP,0.004,5.0,479.0,1,192,168,220,16,192,168,100,6
43145.0,445.0,TCP,0.002,2.0,174.0,0,192,168,220,4,192,168,100,5
58382.0,80.0,TCP,0.005,5.0,479.0,1,192,168,220,16,192,168,100,6
445.0,43183.0,TCP,0.0,1.0,70.0,0,192,168,100,5,192,168,200,4
58092.0,80.0,TCP,0.005,5.0,479.0,1,192,168,220,16,192,168,100,6
35678.0,80.0,TCP,0.003,5.0,479.0,1,192,168,220,16,192,168,100,6
37191.0,445.0,TCP,0.003,2.0,174.0,0,192,168,220,7,192,168,100,5
445.0,58844.0,TCP,0.0,1.0,108.0,0,192,168,100,5,192,168,220,16
34743.0,445.0,TCP,0.004,2.0,174.0,0,192,168,220,11,192,168,100,5
445.0,49094.0,TCP,0.0,1.0,108.0,0,192,168,100,5,192,168,220,8
58627.0,80.0,TCP,0.006,5.0,479.0,1,192,168,220,16,192,168,100,6
51358.0,2301.0,TCP,0.0,1.0,58.0,1,192,168,220,16,192,168,200,8
51146.0,445.0,TCP,0.002,2.0,174.0,0,192,168,220,5,192,168,100,5
137.0,137.0,UDP,0.0,1.0,92.0,0,192,168,220,9,192,168,220,255
46808.0,445.0,TCP,0.002,2.0,174.0,0,192,168,200,5,192,168,100,5
52321.0,445.0,TCP,0.003,2.0,174.0,0,192,168,220,14,192,168,100,5
51357.0,1097.0,TCP,0.0,1.0,58.0,1,192,168,220,16,192,168,200,1
57306.0,80.0,TCP,0.004,5.0,479.0,1,192,168,220,16,192,168,100,6
57840.0,80.0,TCP,0.002,6.0,545.0,1,192,168,220,16,192,168,100,6
51410.0,25.0,TCP,0.0,1.0,58.0,1,192,168,220,16,192,168,200,5
46709.0,445.0,TCP,0.005,2.0,174.0,0,192,168,220,6,192,168,100,5
445.0,37191.0,TCP,0.0,1.0,108.0,0,192,168,100,5,192,168,220,7
445.0,43183.0,TCP,0.0,1.0,108.0,0,192,168,100,5,192,168,200,4
60689.0,445.0,TCP,0.003,2.0,174.0,0,192,168,220,13,192,168,100,5
57769.0,80.0,TCP,0.003,6.0,545.0,1,192,168,220,16,192,168,100,6
60755.0,80.0,TCP,0.003,5.0,479.0,1,192,168,220,16,192,168,100,6
445.0,52321.0,TCP,0.0,1.0,108.0,0,192,168,100,5,192,168,220,14
445.0,60689.0,TCP,0.0,1.0,108.0,0,192,168,100,5,192,168,220,13
445.0,40239.0,TCP,0.0,1.0,108.0,0,192,168,100,5,192,168,220,10
60756.0,80.0,TCP,0.005,5.0,479.0,1,192,168,220,16,192,168,100,6
34433.0,80.0,TCP,0.006,6.0,545.0,1,192,168,220,16,192,168,100,6
34743.0,445.0,TCP,0.001,2.0,174.0,0,192,168,220,11,192,168,100,5
445.0,60689.0,TCP,0.0,1.0,108.0,0,192,168,100,5,192,168,220,13
51357.0,5046.0,TCP,0.0,1.0,58.0,1,192,168,220,16,192,168,200,8
37884.0,445.0,TCP,0.0,1.0,66.0,0,192,168,220,9,192,168,100,5
445.0,48888.0,TCP,0.0,1.0,108.0,0,192,168,100,5,192,168,220,15
445.0,46709.0,TCP,0.0,1.0,108.0,0,192,168,100,5,192,168,220,6
51358.0,1310.0,TCP,0.0,1.0,58.0,1,192,168,220,16,192,168,200,9
445.0,60689.0,TCP,0.0,1.0,108.0,0,192,168,100,5,192,168,220,13
34921.0,80.0,TCP,0.005,5.0,479.0,1,192,168,220,16,192,168,100,6
137.0,137.0,UDP,0.0,1.0,92.0,0,192,168,220,8,192,168,220,255
37884.0,445.0,TCP,0.002,2.0,174.0,0,192,168,220,9,192,168,100,5
55433.0,80.0,TCP,0.004,6.0,545.0,1,192,168,220,16,192,168,100,6
59570.0,80.0,TCP,0.006,5.0,479.0,1,192,168,220,16,192,168,100,6
58941.0,80.0,TCP,0.004,5.0,479.0,1,192,168,220,16,192,168,100,6
43183.0,445.0,TCP,0.002,2.0,174.0,0,192,168,200,4,192,168,100,5
138.0,138.0,UDP,0.0,1.0,262.0,0,192,168,220,13,192,168,220,255
51357.0,1077.0,TCP,0.0,1.0,58.0,1,192,168,220,16,192,168,200,1
60634.0,80.0,TCP,0.003,5.0,479.0,1,192,168,220,16,192,168,100,6
57350.0,80.0,TCP,0.006,6.0,545.0,1,192,168,220,16,192,168,100,6
445.0,60689.0,TCP,0.0,1.0,108.0,0,192,168,100,5,192,168,220,13
49511.0,445.0,TCP,0.002,2.0,174.0,0,192,168,220,12,192,168,100,5
445.0,34743.0,TCP,0.0,1.0,108.0,0,192,168,100,5,192,168,220,11
46709.0,445.0,TCP,0.004,2.0,174.0,0,192,168,220,6,192,168,100,5
445.0,48888.0,TCP,0.0,1.0,108.0,0,192,168,100,5,192,168,220,15
445.0,52321.0,TCP,0.0,1.0,108.0,0,192,168,100,5,192,168,220,14
51358.0,587.0,TCP,0.0,1.0,58.0,0,192,168,220,16,192,168,200,8
48888.0,445.0,TCP,0.004,2.0,174.0,0,192,168,220,15,192,168,100,5
51357.0,1312.0,TCP,0.0,1.0,58.0,1,192,168,220,16,192,168,200,2
57432.0,80.0,TCP,0.005,5.0,479.0,1,192,168,220,16,192,168,100,6
49094.0,445.0,TCP,0.005,2.0,174.0,0,192,168,220,8,192,168,100,5
46709.0,445.0,TCP,0.004,2.0,174.0,0,192,168,220,6,192,168,100,5
58660.0,80.0,TCP,0.004,5.0,479.0,1,192,168,220,16,192,168,100,6
445.0,52321.0,TCP,0.0,1.0,108.0,0,192,168,100,5,192,168,220,14
46709.0,445.0,TCP,0.003,2.0,174.0,0,192,168,220,6,192,168,100,5
58242.0,80.0,TCP,0.006,5.0,479.0,1,192,168,220,16,192,168,100,6
445.0,52321.0,TCP,0.0,1.0,108.0,0,192,168,100,5,192,168,220,14
37191.0,445.0,TCP,0.004,2.0,174.0,0,192,168,220,7,192,168,100,5
43145.0,445.0,TCP,0.0,2.0,174.0,0,192,168,220,4,192,168,100,5
46808.0,445.0,TCP,0.002,2.0,174.0,0,192,168,200,5,192,168,100,5
58385.0,80.0,TCP,0.004,5.0,479.0,1,192,168,220,16,192,168,100,6
445.0,37191.0,TCP,0.0,1.0,108.0,0,192,168,100,5,192,168,220,7
49511.0,445.0,TCP,0.006,2.0,174.0,0,192,168,220,12,192,168,100,5
445.0,52321.0,TCP,0.0,1.0,108.0,0,192,168,100,5,192,168,220,14
49511.0,445.0,TCP,0.005,2.0,174.0,0,192,168,220,12,192,168,100,5
46709.0,445.0,TCP,0.0,1.0,66.0,0,192,168,220,6,192,168,100,5
34861.0,80.0,TCP,0.002,5.0,479.0,1,192,168,220,16,192,168,100,6
445.0,37191.0,TCP,0.0,1.0,108.0,0,192,168,100,5,192,168,220,7
43183.0,445.0,TCP,0.003,2.0,174.0,0,192,168,200,4,192,168,100,5
35352.0,80.0,TCP,0.004,5.0,479.0,1,192,168,220,16,192,168,100,6
58846.0,80.0,TCP,0.005,5.0,479.0,1,192,168,220,16,192,168,100,6
55893.0,80.0,TCP,0.005,5.0,479.0,1,192,168,220,16,192,168,100,6
445.0,40239.0,TCP,0.0,1.0,108.0,0,192,168,100,5,192,168,220,10
57126.0,80.0,TCP,0.005,5.0,479.0,1,192,168,220,16,192,168,100,6
445.0,49094.0,TCP,0.0,1.0,108.0,0,192,168,100,5,192,168,220,8
43183.0,445.0,TCP,0.003,2.0,174.0,0,192,168,200,4,192,168,100,5
445.0,43183.0,TCP,0.0,1.0,108.0,0,192,168,100,5,192,168,200,4
55573.0,80.0,TCP,0.005,5.0,479.0,1,192,168,220,16,192,168,100,6
60721.0,80.0,TCP,0.005,6.0,545.0,1,192,168,220,16,192,168,100,6
445.0,46709.0,TCP,0.0,1.0,108.0,0,192,168,100,5,192,168,220,6
56210.0,80.0,TCP,0.003,5.0,479.0,1,192,168,220,16,192,168,100,6
58405.0,80.0,TCP,0.002,5.0,479.0,1,192,168,220,16,192,168,100,6
445.0,37884.0,TCP,0.0,1.0,108.0,0,192,168,100,5,192,168,220,9
445.0,60689.0,TCP,0.0,1.0,108.0,0,192,168,100,5,192,168,220,13
51146.0,445.0,TCP,0.005,2.0,174.0,0,192,168,220,5,192,168,100,5
33070.0,80.0,TCP,0.004,5.0,479.0,1,192,168,220,16,192,168,100,6
51146.0,445.0,TCP,0.005,2.0,174.0,0,192,168,220,5,192,168,100,5
57917.0,80.0,TCP,0.004,5.0,479.0,1,192,168,220,16,192,168,100,6
58844.0,445.0,TCP,0.005,2.0,174.0,0,192,168,220,16,192,168,100,5
33475.0,80.0,TCP,0.004,5.0,479.0,1,192,168,220,16,192,168,100,6
445.0,52321.0,TCP,0.0,1.0,108.0,0,192,168,100,5,192,168,220,14
43183.0,445.0,TCP,0.004,2.0,174.0,0,192,168,200,4,192,168,100,5
35607.0,80.0,TCP,0.005,5.0,479.0,1,192,168,220,16,192,168,100,6
34770.0,80.0,TCP,0.003,5.0,479.0,1,192,168,220,16,192,168,100,6
37011.0,80.0,TCP,0.003,5.0,479.0,1,192,168,220,16,192,168,100,6
57836.0,80.0,TCP,0.004,6.0,545.0,1,192,168,220,16,192,168,100,6
59302.0,80.0,TCP,0.004,5.0,479.0,1,192,168,220,16,192,168,100,6
36917.0,80.0,TCP,0.004,5.0,479.0,1,192,168,220,16,192,168,100,6
60410.0,80.0,TCP,0.005,6.0,545.0,1,192,168,220,16,192,168,100,6
56199.0,80.0,TCP,0.005,5.0,479.0,1,192,168,220,16,192,168,100,6
60717.0,80.0,TCP,0.006,5.0,479.0,1,192,168,220,16,192,168,100,6
52321.0,445.0,TCP,0.001,2.0,174.0,0,192,168,220,14,192,168,100,5
445.0,48888.0,TCP,0.0,1.0,108.0,0,192,168,100,5,192,168,220,15
60689.0,445.0,TCP,0.0,1.0,66.0,0,192,168,220,13,192,168,100,5
445.0,48888.0,TCP,0.0,1.0,108.0,0,192,168,100,5,192,168,220,15
59850.0,80.0,TCP,0.005,6.0,545.0,1,192,168,220,16,192,168,100,6
51357.0,7001.0,TCP,0.0,1.0,58.0,1,192,168,220,16,192,168,200,8
445.0,43145.0,TCP,0.0,1.0,108.0,0,192,168,100,5,192,168,220,4
34290.0,80.0,TCP,0.005,5.0,479.0,1,192,168,220,16,192,168,100,6
59172.0,80.0,TCP,0.002,5.0,479.0,1,192,168,220,16,192,168,100,6
34743.0,445.0,TCP,0.0,1.0,66.0,0,192,168,220,11,192,168,100,5
33524.0,80.0,TCP,0.005,5.0,479.0,1,192,168,220,16,192,168,100,6
58670.0,80.0,TCP,0.005,5.0,479.0,1,192,168,220,16,192,168,100,6
445.0,37191.0,TCP,0.0,1.0,108.0,0,192,168,100,5,192,168,220,7
57268.0,80.0,TCP,0.004,6.0,545.0,1,192,168,220,16,192,168,100,6
60532.0,80.0,TCP,0.006,5.0,479.0,1,192,168,220,16,192,168,100,6
60543.0,80.0,TCP,0.006,6.0,545.0,1,192,168,220,16,192,168,100,6
59412.0,80.0,TCP,0.004,6.0,545.0,1,192,168,220,16,192,168,100,6
59831.0,80.0,TCP,0.004,6.0,545.0,1,192,168,220,16,192,168,100,6
43183.0,445.0,TCP,0.002,2.0,174.0,0,192,168,200,4,192,168,100,5
445.0,49094.0,TCP,0.0,1.0,70.0,0,192,168,100,5,192,168,220,8
55940.0,80.0,TCP,0.006,5.0,479.0,1,192,168,220,16,192,168,100,6
33823.0,80.0,TCP,0.005,6.0,545.0,1,192,168,220,16,192,168,100,6
37884.0,445.0,TCP,0.003,2.0,174.0,0,192,168,220,9,192,168,100,5
43145.0,445.0,TCP,0.003,2.0,174.0,0,192,168,220,4,192,168,100,5
445.0,34743.0,TCP,0.0,1.0,108.0,0,192,168,100,5,192,168,220,11
445.0,37191.0,TCP,0.0,1.0,108.0,0,192,168,100,5,192,168,220,7
445.0,49511.0,TCP,0.0,1.0,108.0,0,192,168,100,5,192,168,220,12
35223.0,80.0,TCP,0.005,5.0,479.0,1,192,168,220,16,192,168,100,6
51357.0,1097.0,TCP,0.0,1.0,58.0,1,192,168,220,16,192,168,200,5
48888.0,445.0,TCP,0.0,1.0,66.0,0,192,168,220,15,192,168,100,5
138.0,138.0,UDP,0.0,1.0,262.0,0,192,168,100,5,192,168,100,255
43145.0,445.0,TCP,0.004,2.0,174.0,0,192,168,220,4,192,168,100,5
60565.0,80.0,TCP,0.004,6.0,545.0,1,192,168,220,16,192,168,100,6
60890.0,80.0,TCP,0.003,5.0,479.0,1,192,168,220,16,192,168,100,6
57721.0,80.0,TCP,0.006,5.0,479.0,1,192,168,220,16,192,168,100,6
137.0,137.0,UDP,0.0,1.0,92.0,0,192,168,100,4,192,168,100,255
52321.0,445.0,TCP,0.002,2.0,174.0,0,192,168,220,14,192,168,100,5
445.0,40239.0,TCP,0.0,1.0,108.0,0,192,168,100,5,192,168,220,10
137.0,137.0,UDP,0.0,1.0,92.0,0,192,168,220,10,192,168,220,255
48888.0,445.0,TCP,0.005,2.0,174.0,0,192,168,220,15,192,168,100,5
445.0,51146.0,TCP,0.0,1.0,108.0,0,192,168,100,5,192,168,220,5
58827.0,80.0,TCP,0.005,5.0,479.0,1,192,168,220,16,192,168,100,6
58266.0,80.0,TCP,0.004,6.0,545.0,1,192,168,220,16,192,168,100,6
445.0,51146.0,TCP,0.0,1.0,108.0,0,192,168,100,5,192,168,220,5
137.0,137.0,UDP,0.0,1.0,92.0,0,192,168,220,16,192,168,220,255
37191.0,445.0,TCP,0.004,2.0,174.0,0,192,168,220,7,192,168,100,5
445.0,46808.0,TCP,0.0,1.0,108.0,0,192,168,100,5,192,168,200,5
58074.0,80.0,TCP,0.004,5.0,479.0,1,192,168,220,16,192,168,100,6
56925.0,80.0,TCP,0.004,5.0,479.0,1,192,168,220,16,192,168,100,6
37191.0,445.0,TCP,0.0,1.0,66.0,0,192,168,220,7,192,168,100,5
33575.0,80.0,TCP,0.003,5.0,479.0,1,192,168,220,16,192,168,100,6
5907.0,80.0,TCP,0.006,5.0,479.0,1,192,168,220,16,192,168,100,6
445.0,58844.0,TCP,0.0,1.0,108.0,0,192,168,100,5,192,168,220,16
445.0,46709.0,TCP,0.0,1.0,108.0,0,192,168,100,5,192,168,220,6
58499.0,80.0,TCP,0.002,5.0,479.0,1,192,168,220,16,192,168,100,6
59164.0,80.0,TCP,0.003,5.0,479.0,1,192,168,220,16,192,168,100,6
49511.0,445.0,TCP,0.0,1.0,66.0,0,192,168,220,12,192,168,100,5
445.0,51146.0,TCP,0.0,1.0,108.0,0,192,168,100,5,192,168,220,5
445.0,58844.0,TCP,0.0,1.0,70.0,0,192,168,100,5,192,168,220,16
445.0,34743.0,TCP,0.0,1.0,108.0,0,192,168,100,5,192,168,220,11
35403.0,80.0,TCP,0.006,5.0,479.0,1,192,168,220,16,192,168,100,6
59142.0,80.0,TCP,0.002,5.0,479.0,1,192,168,220,16,192,168,100,6
445.0,49511.0,TCP,0.0,1.0,108.0,0,192,168,100,5,192,168,220,12
445.0,40239.0,TCP,0.0,1.0,108.0,0,192,168,100,5,192,168,220,10
445.0,49511.0,TCP,0.0,1.0,108.0,0,192,168,100,5,192,168,220,12
60689.0,445.0,TCP,0.003,2.0,174.0,0,192,168,220,13,192,168,100,5
59053.0,80.0,TCP,0.004,5.0,479.0,1,192,168,220,16,192,168,100,6
59069.0,80.0,TCP,0.006,6.0,545.0,1,192,168,220,16,192,168,100,6
59930.0,80.0,TCP,0.005,5.0,479.0,1,192,168,220,16,192,168,100,6
33124.0,80.0,TCP,0.004,5.0,479.0,1,192,168,220,16,192,168,100,6
58544.0,80.0,TCP,0.006,5.0,479.0,1,192,168,220,16,192,168,100,6
445.0,43145.0,TCP,0.0,1.0,108.0,0,192,168,100,5,192,168,220,4
48888.0,445.0,TCP,0.003,2.0,174.0,0,192,168,220,15,192,168,100,5
57849.0,80.0,TCP,0.004,6.0,545.0,1,192,168,220,16,192,168,100,6
60689.0,445.0,TCP,0.003,2.0,174.0,0,192,168,220,13,192,168,100,5
445.0,58844.0,TCP,0.0,1.0,108.0,0,192,168,100,5,192,168,220,16
43183.0,445.0,TCP,0.003,2.0,174.0,0,192,168,200,4,192,168,100,5
34743.0,445.0,TCP,0.0,1.0,66.0,0,192,168,220,11,192,168,100,5
57766.0,80.0,TCP,0.006,5.0,479.0,1,192,168,220,16,192,168,100,6
60689.0,445.0,TCP,0.001,2.0,174.0,0,192,168,220,13,192,168,100,5
445.0,37191.0,TCP,0.0,1.0,108.0,0,192,168,100,5,192,168,220,7
445.0,48888.0,TCP,0.0,1.0,108.0,0,192,168,100,5,192,168,220,15
59754.0,80.0,TCP,0.002,5.0,479.0,1,192,168,220,16,192,168,100,6
51358.0,1169.0,TCP,0.0,1.0,58.0,1,192,168,220,16,192,168,200,9
33005.0,80.0,TCP,0.002,5.0,479.0,1,192,168,220,16,192,168,100,6
445.0,51146.0,TCP,0.0,1.0,108.0,0,192,168,100,5,192,168,220,5
60689.0,445.0,TCP,0.004,2.0,174.0,0,192,168,220,13,192,168,100,5
37884.0,445.0,TCP,0.0,1.0,66.0,0,192,168,220,9,192,168,100,5
49511.0,445.0,TCP,0.004,2.0,174.0,0,192,168,220,12,192,168,100,5
445.0,34743.0,TCP,0.0,1.0,108.0,0,192,168,100,5,192,168,220,11
445.0,52321.0,TCP,0.0,1.0,108.0,0,192,168,100,5,192,168,220,14
49094.0,445.0,TCP,0.004,2.0,174.0,0,192,168,220,8,192,168,100,5
35299.0,80.0,TCP,0.004,5.0,479.0,1,192,168,220,16,192,168,100,6
36777.0,80.0,TCP,0.004,5.0,479.0,1,192,168,220,16,192,168,100,6
33362.0,80.0,TCP,0.004,5.0,479.0,1,192,168,220,16,192,168,100,6
37191.0,445.0,TCP,0.004,2.0,174.0,0,192,168,220,7,192,168,100,5
137.0,137.0,UDP,0.0,1.0,92.0,0,192,168,100,5,192,168,100,255
445.0,52321.0,TCP,0.0,1.0,108.0,0,192,168,100,5,192,168,220,14
37191.0,445.0,TCP,0.0,1.0,66.0,0,192,168,220,7,192,168,100,5
58299.0,80.0,TCP,0.004,5.0,479.0,1,192,168,220,16,192,168,100,6
43183.0,445.0,TCP,0.004,2.0,174.0,0,192,168,200,4,192,168,100,5
445.0,37191.0,TCP,0.0,1.0,108.0,0,192,168,100,5,192,168,220,7
35242.0,80.0,TCP,0.002,5.0,479.0,1,192,168,220,16,192,168,100,6
58760.0,80.0,TCP,0.004,5.0,479.0,1,192,168,220,16,192,168,100,6
445.0,46709.0,TCP,0.0,1.0,108.0,0,192,168,100,5,192,168,220,6
58305.0,80.0,TCP,0.003,5.0,479.0,1,192,168,220,16,192,168,100,6
445.0,37884.0,TCP,0.0,1.0,108.0,0,192,168,100,5,192,168,220,9
46709.0,445.0,TCP,0.003,2.0,174.0,0,192,168,220,6,192,168,100,5
60554.0,80.0,TCP,0.006,5.0,479.0,1,192,168,220,16,192,168,100,6
445.0,34743.0,TCP,0.0,1.0,70.0,0,192,168,100,5,192,168,220,11
60689.0,445.0,TCP,0.002,2.0,174.0,0,192,168,220,13,192,168,100,5
52321.0,445.0,TCP,0.006,2.0,174.0,0,192,168,220,14,192,168,100,5
56316.0,80.0,TCP,0.005,5.0,479.0,1,192,168,220,16,192,168,100,6
137.0,137.0,UDP,0.0,1.0,92.0,0,192,168,220,3,192,168,220,255
60599.0,80.0,TCP,0.003,6.0,545.0,1,192,168,220,16,192,168,100,6
445.0,46709.0,TCP,0.0,1.0,108.0,0,192,168,100,5,192,168,220,6
59446.0,80.0,TCP,0.0069999999999999,5.0,479.0,1,192,168,220,16,192,168,100,6
60660.0,80.0,TCP,0.005,5.0,479.0,1,192,168,220,16,192,168,100,6
445.0,60689.0,TCP,0.0,1.0,108.0,0,192,168,100,5,192,168,220,13
59728.0,80.0,TCP,0.003,5.0,479.0,1,192,168,220,16,192,168,100,6
60576.0,80.0,TCP,0.003,5.0,479.0,1,192,168,220,16,192,168,100,6
57594.0,22.0,TCP,0.01,6.0,594.0,0,192,168,220,9,192,168,100,5
137.0,137.0,UDP,0.0,1.0,92.0,0,192,168,220,4,192,168,220,255
445.0,43145.0,TCP,0.0,1.0,108.0,0,192,168,100,5,192,168,220,4
57845.0,80.0,TCP,0.006,5.0,479.0,1,192,168,220,16,192,168,100,6
37191.0,445.0,TCP,0.004,2.0,174.0,0,192,168,220,7,192,168,100,5
445.0,37884.0,TCP,0.0,1.0,70.0,0,192,168,100,5,192,168,220,9
137.0,137.0,UDP,0.0,1.0,92.0,0,192,168,220,14,192,168,220,255
51357.0,8102.0,TCP,0.0,1.0,58.0,1,192,168,220,16,192,168,200,9
35387.0,80.0,TCP,0.003,5.0,479.0,1,192,168,220,16,192,168,100,6
445.0,43145.0,TCP,0.0,1.0,108.0,0,192,168,100,5,192,168,220,4
51357.0,646.0,TCP,0.0,1.0,58.0,1,192,168,220,16,192,168,200,2
58821.0,80.0,TCP,0.003,5.0,479.0,1,192,168,220,16,192,168,100,6
43145.0,445.0,TCP,0.002,2.0,174.0,0,192,168,220,4,192,168,100,5
33539.0,80.0,TCP,0.003,5.0,479.0,1,192,168,220,16,192,168,100,6
445.0,46709.0,TCP,0.0,1.0,108.0,0,192,168,100,5,192,168,220,6
137.0,137.0,UDP,0.0,1.0,92.0,0,192,168,220,8,192,168,220,255
46709.0,445.0,TCP,0.002,2.0,174.0,0,192,168,220,6,192,168,100,5
59094.0,80.0,TCP,0.003,5.0,479.0,1,192,168,220,16,192,168,100,6
57832.0,80.0,TCP,0.003,6.0,545.0,1,192,168,220,16,192,168,100,6
57565.0,80.0,TCP,0.006,5.0,479.0,1,192,168,220,16,192,168,100,6
35391.0,80.0,TCP,0.006,5.0,479.0,1,192,168,220,16,192,168,100,6
36206.0,80.0,TCP,0.005,5.0,479.0,1,192,168,220,16,192,168,100,6
56282.0,80.0,TCP,0.005,5.0,479.0,1,192,168,220,16,192,168,100,6
445.0,34743.0,TCP,0.0,1.0,108.0,0,192,168,100,5,192,168,220,11
56437.0,80.0,TCP,0.006,5.0,479.0,1,192,168,220,16,192,168,100,6
137.0,137.0,UDP,0.0,1.0,92.0,0,192,168,220,13,192,168,220,255
35254.0,80.0,TCP,0.003,5.0,479.0,1,192,168,220,16,192,168,100,6
445.0,37191.0,TCP,0.0,1.0,108.0,0,192,168,100,5,192,168,220,7
51357.0,5056.0,TCP,0.0,1.0,58.0,1,192,168,220,16,192,168,200,3
445.0,48888.0,TCP,0.0,1.0,108.0,0,192,168,100,5,192,168,220,15
51357.0,7200.0,TCP,0.0,1.0,58.0,1,192,168,220,16,192,168,200,8
445.0,40239.0,TCP,0.0,1.0,108.0,0,192,168,100,5,192,168,220,10
35353.0,80.0,TCP,0.004,5.0,479.0,1,192,168,220,16,192,168,100,6
137.0,137.0,UDP,0.0,1.0,92.0,0,192,168,220,4,192,168,220,255
58086.0,80.0,TCP,0.005,5.0,479.0,1,192,168,220,16,192,168,100,6
51358.0,1049.0,TCP,0.0,1.0,58.0,1,192,168,220,16,192,168,200,9
51357.0,1701.0,TCP,0.0,1.0,58.0,1,192,168,220,16,192,168,200,9
58708.0,80.0,TCP,0.006,6.0,545.0,1,192,168,220,16,192,168,100,6
445.0,37884.0,TCP,0.0,1.0,108.0,0,192,168,100,5,192,168,220,9
49511.0,445.0,TCP,0.005,2.0,174.0,0,192,168,220,12,192,168,100,5
445.0,51146.0,TCP,0.0,1.0,108.0,0,192,168,100,5,192,168,220,5
51357.0,2106.0,TCP,0.0,1.0,58.0,1,192,168,220,16,192,168,200,3
51146.0,445.0,TCP,0.004,2.0,174.0,0,192,168,220,5,192,168,100,5
51357.0,25.0,TCP,0.0,1.0,58.0,1,192,168,220,16,192,168,200,4
51357.0,2988.0,TCP,0.0,1.0,58.0,1,192,168,220,16,192,168,200,5
34743.0,445.0,TCP,0.004,2.0,174.0,0,192,168,220,11,192,168,100,5
445.0,52321.0,TCP,0.0,1.0,108.0,0,192,168,100,5,192,168,220,14
445.0,46709.0,TCP,0.0,1.0,108.0,0,192,168,100,5,192,168,220,6
58383.0,80.0,TCP,0.006,5.0,479.0,1,192,168,220,16,192,168,100,6
138.0,138.0,UDP,0.0,1.0,262.0,0,192,168,220,15,192,168,220,255
58642.0,80.0,TCP,0.003,5.0,479.0,1,192,168,220,16,192,168,100,6
137.0,137.0,UDP,0.0,1.0,92.0,0,192,168,220,4,192,168,220,255
58844.0,445.0,TCP,0.002,2.0,174.0,0,192,168,220,16,192,168,100,5
445.0,40239.0,TCP,0.0,1.0,108.0,0,192,168,100,5,192,168,220,10
58931.0,80.0,TCP,0.004,5.0,479.0,1,192,168,220,16,192,168,100,6
445.0,51146.0,TCP,0.0,1.0,108.0,0,192,168,100,5,192,168,220,5
445.0,51146.0,TCP,0.0,1.0,108.0,0,192,168,100,5,192,168,220,5
445.0,52321.0,TCP,0.0,1.0,108.0,0,192,168,100,5,192,168,220,14
48888.0,445.0,TCP,0.003,2.0,174.0,0,192,168,220,15,192,168,100,5
35881.0,80.0,TCP,0.002,5.0,479.0,1,192,168,220,16,192,168,100,6
60630.0,80.0,TCP,0.006,5.0,479.0,1,192,168,220,16,192,168,100,6
59321.0,80.0,TCP,0.004,6.0,545.0,1,192,168,220,16,192,168,100,6
37191.0,445.0,TCP,0.005,2.0,174.0,0,192,168,220,7,192,168,100,5
58702.0,80.0,TCP,0.004,5.0,479.0,1,192,168,220,16,192,168,100,6
59422.0,80.0,TCP,0.005,6.0,545.0,1,192,168,220,16,192,168,100,6
36561.0,80.0,TCP,0.003,5.0,479.0,1,192,168,220,16,192,168,100,6
58976.0,80.0,TCP,0.004,6.0,545.0,1,192,168,220,16,192,168,100,6
445.0,43183.0,TCP,0.0,1.0,108.0,0,192,168,100,5,192,168,200,4
33905.0,80.0,TCP,0.005,5.0,479.0,1,192,168,220,16,192,168,100,6
60547.0,80.0,TCP,0.006,5.0,479.0,1,192,168,220,16,192,168,100,6
58392.0,80.0,TCP,0.004,5.0,479.0,1,192,168,220,16,192,168,100,6
993.0,587.0,TCP,0.0,1.0,54.0,0,192,168,210,5,192,168,100,4
57769.0,80.0,TCP,0.003,5.0,479.0,1,192,168,220,16,192,168,100,6
137.0,137.0,UDP,0.0,1.0,92.0,0,192,168,220,7,192,168,220,255
46709.0,445.0,TCP,0.0,1.0,66.0,0,192,168,220,6,192,168,100,5
56188.0,80.0,TCP,0.005,5.0,479.0,1,192,168,220,16,192,168,100,6
55683.0,80.0,TCP,0.004,5.0,479.0,1,192,168,220,16,192,168,100,6
59460.0,80.0,TCP,0.002,5.0,479.0,1,192,168,220,16,192,168,100,6
445.0,49094.0,TCP,0.0,1.0,108.0,0,192,168,100,5,192,168,220,8
445.0,51146.0,TCP,0.0,1.0,108.0,0,192,168,100,5,192,168,220,5
445.0,40239.0,TCP,0.0,1.0,108.0,0,192,168,100,5,192,168,220,10
59037.0,80.0,TCP,0.003,5.0,479.0,1,192,168,220,16,192,168,100,6
55929.0,80.0,TCP,0.004,5.0,479.0,1,192,168,220,16,192,168,100,6
445.0,51146.0,TCP,0.0,1.0,108.0,0,192,168,100,5,192,168,220,5
60413.0,80.0,TCP,0.005,5.0,479.0,1,192,168,220,16,192,168,100,6
51358.0,1113.0,TCP,0.0,1.0,58.0,1,192,168,220,16,192,168,200,8
43183.0,445.0,TCP,0.003,2.0,174.0,0,192,168,200,4,192,168,100,5
37884.0,445.0,TCP,0.003,2.0,174.0,0,192,168,220,9,192,168,100,5
46755.0,808.0,TCP,0.0,1.0,58.0,1,192,168,220,16,192,168,210,5
445.0,60689.0,TCP,0.0,1.0,108.0,0,192,168,100,5,192,168,220,13
137.0,137.0,UDP,0.0,1.0,92.0,0,192,168,220,8,192,168,220,255
445.0,51146.0,TCP,0.0,1.0,108.0,0,192,168,100,5,192,168,220,5
57420.0,80.0,TCP,0.005,5.0,479.0,1,192,168,220,16,192,168,100,6
35805.0,80.0,TCP,0.004,6.0,545.0,1,192,168,220,16,192,168,100,6
32925.0,80.0,TCP,0.005,5.0,479.0,1,192,168,220,16,192,168,100,6
58615.0,80.0,TCP,0.005,6.0,545.0,1,192,168,220,16,192,168,100,6
51357.0,65001.0,TCP,0.0,1.0,58.0,1,192,168,220,16,192,168,200,1
57738.0,80.0,TCP,0.0069999999999999,5.0,479.0,1,192,168,220,16,192,168,100,6
445.0,43145.0,TCP,0.0,1.0,108.0,0,192,168,100,5,192,168,220,4
46709.0,445.0,TCP,0.0,1.0,66.0,0,192,168,220,6,192,168,100,5
445.0,37191.0,TCP,0.0,1.0,108.0,0,192,168,100,5,192,168,220,7
60416.0,80.0,TCP,0.003,5.0,479.0,1,192,168,220,16,192,168,100,6
49094.0,445.0,TCP,0.0,1.0,66.0,0,192,168,220,8,192,168,100,5
445.0,48888.0,TCP,0.0,1.0,108.0,0,192,168,100,5,192,168,220,15
445.0,51146.0,TCP,0.0,1.0,108.0,0,192,168,100,5,192,168,220,5
58844.0,445.0,TCP,0.005,2.0,174.0,0,192,168,220,16,192,168,100,5
445.0,49511.0,TCP,0.0,1.0,108.0,0,192,168,100,5,192,168,220,12
58164.0,80.0,TCP,0.004,5.0,479.0,1,192,168,220,16,192,168,100,6
34846.0,80.0,TCP,0.005,6.0,545.0,1,192,168,220,16,192,168,100,6
36244.0,80.0,TCP,0.003,5.0,479.0,1,192,168,220,16,192,168,100,6
59299.0,80.0,TCP,0.005,5.0,479.0,1,192,168,220,16,192,168,100,6
138.0,138.0,UDP,0.0,1.0,262.0,0,192,168,220,8,192,168,220,255
445.0,37884.0,TCP,0.0,1.0,108.0,0,192,168,100,5,192,168,220,9
445.0,58844.0,TCP,0.0,1.0,108.0,0,192,168,100,5,192,168,220,16
59624.0,80.0,TCP,0.003,5.0,479.0,1,192,168,220,16,192,168,100,6
35890.0,80.0,TCP,0.004,5.0,479.0,1,192,168,220,16,192,168,100,6
51478.0,25.0,TCP,0.0,1.0,58.0,1,192,168,220,16,192,168,200,9
137.0,137.0,UDP,0.0,1.0,92.0,0,192,168,220,12,192,168,220,255
58095.0,80.0,TCP,0.004,6.0,545.0,1,192,168,220,16,192,168,100,6
56504.0,80.0,TCP,0.004,5.0,479.0,1,192,168,220,16,192,168,100,6
59437.0,80.0,TCP,0.003,5.0,479.0,1,192,168,220,16,192,168,100,6
37884.0,445.0,TCP,0.005,2.0,174.0,0,192,168,220,9,192,168,100,5
36779.0,80.0,TCP,0.003,5.0,479.0,1,192,168,220,16,192,168,100,6
445.0,46709.0,TCP,0.0,1.0,108.0,0,192,168,100,5,192,168,220,6
51499.0,25.0,TCP,0.0,1.0,58.0,1,192,168,220,16,192,168,200,1
49094.0,445.0,TCP,0.005,2.0,174.0,0,192,168,220,8,192,168,100,5
43145.0,445.0,TCP,0.004,2.0,174.0,0,192,168,220,4,192,168,100,5
445.0,58844.0,TCP,0.0,1.0,108.0,0,192,168,100,5,192,168,220,16
35109.0,80.0,TCP,0.004,5.0,479.0,1,192,168,220,16,192,168,100,6
51358.0,52822.0,TCP,0.0,1.0,58.0,1,192,168,220,16,192,168,200,8
34743.0,445.0,TCP,0.004,2.0,174.0,0,192,168,220,11,192,168,100,5
52321.0,445.0,TCP,0.004,2.0,174.0,0,192,168,220,14,192,168,100,5
445.0,40239.0,TCP,0.0,1.0,108.0,0,192,168,100,5,192,168,220,10
445.0,37191.0,TCP,0.0,1.0,108.0,0,192,168,100,5,192,168,220,7
33160.0,80.0,TCP,0.005,6.0,545.0,1,192,168,220,16,192,168,100,6
35074.0,80.0,TCP,0.005,5.0,479.0,1,192,168,220,16,192,168,100,6
46808.0,445.0,TCP,0.004,2.0,174.0,0,192,168,200,5,192,168,100,5
56756.0,80.0,TCP,0.004,6.0,545.0,1,192,168,220,16,192,168,100,6
445.0,46808.0,TCP,0.0,1.0,108.0,0,192,168,100,5,192,168,200,5
51146.0,445.0,TCP,0.002,2.0,174.0,0,192,168,220,5,192,168,100,5
51358.0,52865.0,TCP,0.0,1.0,58.0,1,192,168,220,16,192,168,200,9
445.0,34743.0,TCP,0.0,1.0,108.0,0,192,168,100,5,192,168,220,11
34288.0,80.0,TCP,0.005,5.0,479.0,1,192,168,220,16,192,168,100,6
445.0,37884.0,TCP,0.0,1.0,108.0,0,192,168,100,5,192,168,220,9
445.0,49094.0,TCP,0.0,1.0,108.0,0,192,168,100,5,192,168,220,8
34477.0,80.0,TCP,0.005,5.0,479.0,1,192,168,220,16,192,168,100,6
49511.0,445.0,TCP,0.005,2.0,174.0,0,192,168,220,12,192,168,100,5
59690.0,80.0,TCP,0.004,5.0,479.0,1,192,168,220,16,192,168,100,6
445.0,52321.0,TCP,0.0,1.0,108.0,0,192,168,100,5,192,168,220,14
35223.0,80.0,TCP,0.004,5.0,479.0,1,192,168,220,16,192,168,100,6
51357.0,5952.0,TCP,0.0,1.0,58.0,1,192,168,220,16,192,168,200,8
58601.0,80.0,TCP,0.003,5.0,479.0,1,192,168,220,16,192,168,100,6
32779.0,80.0,TCP,0.005,5.0,479.0,1,192,168,220,16,192,168,100,6
57594.0,80.0,TCP,0.006,6.0,545.0,1,192,168,220,16,192,168,100,6
56463.0,80.0,TCP,0.005,5.0,479.0,1,192,168,220,16,192,168,100,6
58844.0,445.0,TCP,0.0,1.0,66.0,0,192,168,220,16,192,168,100,5
37191.0,445.0,TCP,0.003,2.0,174.0,0,192,168,220,7,192,168,100,5
60445.0,80.0,TCP,0.0069999999999999,5.0,479.0,1,192,168,220,16,192,168,100,6
56803.0,80.0,TCP,0.004,5.0,479.0,1,192,168,220,16,192,168,100,6
445.0,51146.0,TCP,0.0,1.0,108.0,0,192,168,100,5,192,168,220,5
51357.0,14000.0,TCP,0.0,1.0,58.0,1,192,168,220,16,192,168,200,8
37884.0,445.0,TCP,0.005,2.0,174.0,0,192,168,220,9,192,168,100,5
56016.0,80.0,TCP,0.004,5.0,479.0,1,192,168,220,16,192,168,100,6
43145.0,445.0,TCP,0.003,2.0,174.0,0,192,168,220,4,192,168,100,5
51357.0,5962.0,TCP,0.0,1.0,58.0,1,192,168,220,16,192,168,200,4
40239.0,445.0,TCP,0.001,2.0,174.0,0,192,168,220,10,192,168,100,5
445.0,48888.0,TCP,0.0,1.0,108.0,0,192,168,100,5,192,168,220,15
57591.0,80.0,TCP,0.004,5.0,479.0,1,192,168,220,16,192,168,100,6
34743.0,445.0,TCP,0.005,2.0,174.0,0,192,168,220,11,192,168,100,5
35458.0,80.0,TCP,0.004,5.0,479.0,1,192,168,220,16,192,168,100,6
35086.0,80.0,TCP,0.006,6.0,545.0,1,192,168,220,16,192,168,100,6
34680.0,80.0,TCP,0.004,5.0,479.0,1,192,168,220,16,192,168,100,6
138.0,138.0,UDP,0.0,1.0,262.0,0,192,168,220,7,192,168,220,255
445.0,37191.0,TCP,0.0,1.0,108.0,0,192,168,100,5,192,168,220,7
48888.0,445.0,TCP,0.001,2.0,174.0,0,192,168,220,15,192,168,100,5
40239.0,445.0,TCP,0.005,2.0,174.0,0,192,168,220,10,192,168,100,5
445.0,49511.0,TCP,0.0,1.0,70.0,0,192,168,100,5,192,168,220,12
51357.0,7.0,TCP,0.0,1.0,58.0,1,192,168,220,16,192,168,200,9
33149.0,80.0,TCP,0.006,5.0,479.0,1,192,168,220,16,192,168,100,6
60922.0,80.0,TCP,0.005,5.0,479.0,1,192,168,220,16,192,168,100,6
46808.0,445.0,TCP,0.004,2.0,174.0,0,192,168,200,5,192,168,100,5
60739.0,80.0,TCP,0.002,5.0,479.0,1,192,168,220,16,192,168,100,6
445.0,49511.0,TCP,0.0,1.0,108.0,0,192,168,100,5,192,168,220,12
57294.0,80.0,TCP,0.003,5.0,479.0,1,192,168,220,16,192,168,100,6
35288.0,80.0,TCP,0.004,5.0,479.0,1,192,168,220,16,192,168,100,6
51146.0,445.0,TCP,0.003,2.0,174.0,0,192,168,210,4,192,168,100,5
35398.0,80.0,TCP,0.004,5.0,479.0,1,192,168,220,16,192,168,100,6
445.0,51146.0,TCP,0.0,1.0,108.0,0,192,168,100,5,192,168,220,5
445.0,34743.0,TCP,0.0,1.0,108.0,0,192,168,100,5,192,168,220,11
57024.0,80.0,TCP,0.001,5.0,479.0,1,192,168,220,16,192,168,100,6
48888.0,445.0,TCP,0.002,2.0,174.0,0,192,168,220,15,192,168,100,5
56935.0,80.0,TCP,0.006,6.0,545.0,1,192,168,220,16,192,168,100,6
49511.0,445.0,TCP,0.003,2.0,174.0,0,192,168,220,12,192,168,100,5
57874.0,80.0,TCP,0.004,6.0,545.0,1,192,168,220,16,192,168,100,6
56419.0,80.0,TCP,0.006,6.0,545.0,1,192,168,220,16,192,168,100,6
57187.0,80.0,TCP,0.006,6.0,545.0,1,192,168,220,16,192,168,100,6
51357.0,1056.0,TCP,0.0,1.0,58.0,1,192,168,220,16,192,168,200,1
35233.0,80.0,TCP,0.004,5.0,479.0,1,192,168,220,16,192,168,100,6
32939.0,80.0,TCP,0.006,5.0,479.0,1,192,168,220,16,192,168,100,6
60381.0,80.0,TCP,0.005,5.0,479.0,1,192,168,220,16,192,168,100,6
34899.0,80.0,TCP,0.001,5.0,479.0,1,192,168,220,16,192,168,100,6
46709.0,445.0,TCP,0.005,2.0,174.0,0,192,168,220,6,192,168,100,5
52321.0,445.0,TCP,0.0,2.0,174.0,0,192,168,220,14,192,168,100,5
34790.0,80.0,TCP,0.003,5.0,479.0,1,192,168,220,16,192,168,100,6
37884.0,445.0,TCP,0.002,2.0,174.0,0,192,168,220,9,192,168,100,5
46709.0,445.0,TCP,0.002,2.0,174.0,0,192,168,220,6,192,168,100,5
445.0,43183.0,TCP,0.0,1.0,108.0,0,192,168,100,5,192,168,200,4
59302.0,80.0,TCP,0.004,5.0,479.0,1,192,168,220,16,192,168,100,6
445.0,49094.0,TCP,0.0,1.0,108.0,0,192,168,100,5,192,168,220,8
59823.0,80.0,TCP,0.004,5.0,479.0,1,192,168,220,16,192,168,100,6
58936.0,80.0,TCP,0.003,6.0,545.0,1,192,168,220,16,192,168,100,6
445.0,40239.0,TCP,0.0,1.0,108.0,0,192,168,100,5,192,168,220,10
58625.0,80.0,TCP,0.006,5.0,479.0,1,192,168,220,16,192,168,100,6
57758.0,80.0,TCP,0.005,6.0,545.0,1,192,168,220,16,192,168,100,6
60739.0,80.0,TCP,0.004,5.0,479.0,1,192,168,220,16,192,168,100,6
58286.0,80.0,TCP,0.002,5.0,479.0,1,192,168,220,16,192,168,100,6
51357.0,10001.0,TCP,0.0,1.0,58.0,1,192,168,220,16,192,168,200,8
445.0,51146.0,TCP,0.0,1.0,108.0,0,192,168,100,5,192,168,220,5
57935.0,80.0,TCP,0.006,6.0,545.0,1,192,168,220,16,192,168,100,6
445.0,60689.0,TCP,0.0,1.0,108.0,0,192,168,100,5,192,168,220,13
445.0,43183.0,TCP,0.0,1.0,70.0,0,192,168,100,5,192,168,200,4
35831.0,80.0,TCP,0.002,5.0,479.0,1,192,168,220,16,192,168,100,6
445.0,40239.0,TCP,0.0,1.0,108.0,0,192,168,100,5,192,168,220,10
445.0,34743.0,TCP,0.0,1.0,108.0,0,192,168,100,5,192,168,220,11
35362.0,80.0,TCP,0.005,5.0,479.0,1,192,168,220,16,192,168,100,6
55444.0,80.0,TCP,0.005,6.0,545.0,1,192,168,220,16,192,168,100,6
58097.0,80.0,TCP,0.006,5.0,479.0,1,192,168,220,16,192,168,100,6
57725.0,80.0,TCP,0.004,6.0,545.0,1,192,168,220,16,192,168,100,6
58844.0,445.0,TCP,0.003,2.0,174.0,0,192,168,220,16,192,168,100,5
57050.0,80.0,TCP,0.002,6.0,545.0,1,192,168,220,16,192,168,100,6
56201.0,80.0,TCP,0.005,5.0,479.0,1,192,168,220,16,192,168,100,6
37884.0,445.0,TCP,0.005,2.0,174.0,0,192,168,220,9,192,168,100,5
60715.0,80.0,TCP,0.006,5.0,479.0,1,192,168,220,16,192,168,100,6
51146.0,445.0,TCP,0.0,1.0,66.0,0,192,168,220,5,192,168,100,5
445.0,52321.0,TCP,0.0,1.0,108.0,0,192,168,100,5,192,168,220,14
58022.0,80.0,TCP,0.004,5.0,479.0,1,192,168,220,16,192,168,100,6
445.0,37191.0,TCP,0.0,1.0,108.0,0,192,168,100,5,192,168,220,7
445.0,43183.0,TCP,0.0,1.0,108.0,0,192,168,100,5,192,168,200,4
35146.0,80.0,TCP,0.004,5.0,479.0,1,192,168,220,16,192,168,100,6
445.0,52321.0,TCP,0.0,1.0,108.0,0,192,168,100,5,192,168,220,14
445.0,51146.0,TCP,0.0,1.0,108.0,0,192,168,100,5,192,168,220,5
445.0,51146.0,TCP,0.0,1.0,108.0,0,192,168,100,5,192,168,220,5
60774.0,80.0,TCP,0.004,5.0,479.0,1,192,168,220,16,192,168,100,6
445.0,34743.0,TCP,0.0,1.0,108.0,0,192,168,100,5,192,168,220,11
58680.0,80.0,TCP,0.005,5.0,479.0,1,192,168,220,16,192,168,100,6
46709.0,445.0,TCP,0.001,2.0,174.0,0,192,168,220,6,192,168,100,5
40239.0,445.0,TCP,0.002,2.0,174.0,0,192,168,220,10,192,168,100,5
40239.0,445.0,TCP,0.003,2.0,174.0,0,192,168,220,10,192,168,100,5
37884.0,445.0,TCP,0.003,2.0,174.0,0,192,168,220,9,192,168,100,5
56059.0,80.0,TCP,0.004,5.0,479.0,1,192,168,220,16,192,168,100,6
37191.0,445.0,TCP,0.001,2.0,174.0,0,192,168,220,7,192,168,100,5
445.0,49511.0,TCP,0.0,1.0,108.0,0,192,168,100,5,192,168,220,12
445.0,43145.0,TCP,0.0,1.0,108.0,0,192,168,100,5,192,168,220,4
36308.0,80.0,TCP,0.006,5.0,479.0,1,192,168,220,16,192,168,100,6
58844.0,445.0,TCP,0.002,2.0,174.0,0,192,168,220,16,192,168,100,5
51357.0,2035.0,TCP,0.0,1.0,58.0,1,192,168,220,16,192,168,200,8
60873.0,80.0,TCP,0.006,6.0,545.0,1,192,168,220,16,192,168,100,6
33504.0,80.0,TCP,0.004,5.0,479.0,1,192,168,220,16,192,168,100,6
60274.0,80.0,TCP,0.005,5.0,479.0,1,192,168,220,16,192,168,100,6
51357.0,32768.0,TCP,0.0,1.0,58.0,1,192,168,220,16,192,168,200,5
51451.0,25.0,TCP,0.0,1.0,58.0,1,192,168,220,16,192,168,200,4
32940.0,80.0,TCP,0.005,5.0,479.0,1,192,168,220,16,192,168,100,6
35292.0,80.0,TCP,0.002,5.0,479.0,1,192,168,220,16,192,168,100,6
60105.0,80.0,TCP,0.005,5.0,479.0,1,192,168,220,16,192,168,100,6
58861.0,80.0,TCP,0.004,5.0,479.0,1,192,168,220,16,192,168,100,6
56808.0,80.0,TCP,0.003,5.0,479.0,1,192,168,220,16,192,168,100,6
445.0,48888.0,TCP,0.0,1.0,108.0,0,192,168,100,5,192,168,220,15
445.0,37884.0,TCP,0.0,1.0,108.0,0,192,168,100,5,192,168,220,9
58844.0,445.0,TCP,0.002,2.0,174.0,0,192,168,220,16,192,168,100,5
137.0,137.0,UDP,0.0,1.0,92.0,0,192,168,220,16,192,168,220,255
52321.0,445.0,TCP,0.0,1.0,66.0,0,192,168,220,14,192,168,100,5
445.0,40239.0,TCP,0.0,1.0,108.0,0,192,168,100,5,192,168,220,10
34207.0,80.0,TCP,0.004,5.0,479.0,1,192,168,220,16,192,168,100,6
445.0,34743.0,TCP,0.0,1.0,108.0,0,192,168,100,5,192,168,220,11
445.0,51146.0,TCP,0.0,1.0,108.0,0,192,168,100,5,192,168,220,5
445.0,40239.0,TCP,0.0,1.0,108.0,0,192,168,100,5,192,168,220,10
59114.0,80.0,TCP,0.004,5.0,479.0,1,192,168,220,16,192,168,100,6
138.0,138.0,UDP,0.0,1.0,262.0,0,192,168,220,15,192,168,220,255
51146.0,445.0,TCP,0.003,2.0,174.0,0,192,168,220,5,192,168,100,5
445.0,48888.0,TCP,0.0,1.0,108.0,0,192,168,100,5,192,168,220,15
445.0,43145.0,TCP,0.0,1.0,108.0,0,192,168,100,5,192,168,220,4
59267.0,80.0,TCP,0.003,6.0,545.0,1,192,168,220,16,192,168,100,6
51146.0,445.0,TCP,0.005,2.0,174.0,0,192,168,220,5,192,168,100,5
59843.0,80.0,TCP,0.006,5.0,479.0,1,192,168,220,16,192,168,100,6
445.0,37884.0,TCP,0.0,1.0,108.0,0,192,168,100,5,192,168,220,9
445.0,51146.0,TCP,0.0,1.0,108.0,0,192,168,100,5,192,168,220,5
36935.0,80.0,TCP,0.003,6.0,545.0,1,192,168,220,16,192,168,100,6
67.0,68.0,UDP,0.0,1.0,342.0,0,192,168,100,5,255,255,255,255
37071.0,80.0,TCP,0.005,5.0,479.0,1,192,168,220,16,192,168,100,6
60181.0,80.0,TCP,0.002,5.0,479.0,1,192,168,220,16,192,168,100,6
48888.0,445.0,TCP,0.003,2.0,174.0,0,192,168,220,15,192,168,100,5
58870.0,80.0,TCP,0.006,6.0,545.0,1,192,168,220,16,192,168,100,6
60576.0,80.0,TCP,0.0069999999999999,5.0,479.0,1,192,168,220,16,192,168,100,6
46709.0,445.0,TCP,0.0,1.0,66.0,0,192,168,220,6,192,168,100,5
59965.0,80.0,TCP,0.006,5.0,479.0,1,192,168,220,16,192,168,100,6
445.0,51146.0,TCP,0.0,1.0,70.0,0,192,168,100,5,192,168,220,5
37884.0,445.0,TCP,0.004,2.0,174.0,0,192,168,220,9,192,168,100,5
445.0,37191.0,TCP,0.0,1.0,108.0,0,192,168,100,5,192,168,220,7
59989.0,80.0,TCP,0.004,6.0,545.0,1,192,168,220,16,192,168,100,6
445.0,43145.0,TCP,0.0,1.0,108.0,0,192,168,100,5,192,168,220,4
37884.0,445.0,TCP,0.005,2.0,174.0,0,192,168,220,9,192,168,100,5
58470.0,80.0,TCP,0.006,5.0,479.0,1,192,168,220,16,192,168,100,6
445.0,43145.0,TCP,0.0,1.0,70.0,0,192,168,100,5,192,168,220,4
52321.0,445.0,TCP,0.002,2.0,174.0,0,192,168,220,14,192,168,100,5
137.0,137.0,UDP,0.0,1.0,92.0,0,192,168,220,12,192,168,220,255
60689.0,445.0,TCP,0.002,2.0,174.0,0,192,168,220,13,192,168,100,5
34939.0,80.0,TCP,0.004,5.0,479.0,1,192,168,220,16,192,168,100,6
58837.0,80.0,TCP,0.0069999999999999,5.0,479.0,1,192,168,220,16,192,168,100,6
37884.0,445.0,TCP,0.0,1.0,66.0,0,192,168,220,9,192,168,100,5
445.0,37884.0,TCP,0.0,1.0,108.0,0,192,168,100,5,192,168,220,9
58565.0,80.0,TCP,0.002,5.0,479.0,1,192,168,220,16,192,168,100,6
33134.0,80.0,TCP,0.003,5.0,479.0,1,192,168,220,16,192,168,100,6
40239.0,445.0,TCP,0.005,2.0,174.0,0,192,168,220,10,192,168,100,5
37191.0,445.0,TCP,0.004,2.0,174.0,0,192,168,220,7,192,168,100,5
37191.0,445.0,TCP,0.003,2.0,174.0,0,192,168,220,7,192,168,100,5
445.0,52321.0,TCP,0.0,1.0,108.0,0,192,168,100,5,192,168,220,14
445.0,49511.0,TCP,0.0,1.0,70.0,0,192,168,100,5,192,168,220,12
34743.0,445.0,TCP,0.003,2.0,174.0,0,192,168,220,11,192,168,100,5
58962.0,80.0,TCP,0.005,5.0,479.0,1,192,168,220,16,192,168,100,6
445.0,46808.0,TCP,0.0,1.0,108.0,0,192,168,100,5,192,168,200,5
60098.0,80.0,TCP,0.006,5.0,479.0,1,192,168,220,16,192,168,100,6
34743.0,445.0,TCP,0.004,2.0,174.0,0,192,168,220,11,192,168,100,5
445.0,46808.0,TCP,0.0,1.0,108.0,0,192,168,100,5,192,168,200,5
445.0,58844.0,TCP,0.0,1.0,108.0,0,192,168,100,5,192,168,220,16
137.0,137.0,UDP,0.0,1.0,92.0,0,192,168,220,10,192,168,220,255
445.0,34743.0,TCP,0.0,1.0,108.0,0,192,168,100,5,192,168,220,11
445.0,51146.0,TCP,0.0,1.0,108.0,0,192,168,100,5,192,168,220,5
51357.0,1063.0,TCP,0.0,1.0,58.0,1,192,168,220,16,192,168,200,1
36303.0,80.0,TCP,0.005,5.0,479.0,1,192,168,220,16,192,168,100,6
58650.0,80.0,TCP,0.005,5.0,479.0,1,192,168,220,16,192,168,100,6
59157.0,80.0,TCP,0.003,5.0,479.0,1,192,168,220,16,192,168,100,6
32835.0,80.0,TCP,0.006,6.0,545.0,1,192,168,220,16,192,168,100,6
36184.0,80.0,TCP,0.004,5.0,479.0,1,192,168,220,16,192,168,100,6
35113.0,80.0,TCP,0.003,5.0,479.0,1,192,168,220,16,192,168,100,6
46808.0,445.0,TCP,0.004,2.0,174.0,0,192,168,200,5,192,168,100,5
59226.0,80.0,TCP,0.005,5.0,479.0,1,192,168,220,16,192,168,100,6
445.0,51146.0,TCP,0.0,1.0,108.0,0,192,168,100,5,192,168,220,5
445.0,49511.0,TCP,0.0,1.0,108.0,0,192,168,100,5,192,168,220,12
137.0,137.0,UDP,0.0,1.0,92.0,0,192,168,220,5,192,168,220,255
56240.0,80.0,TCP,0.006,5.0,479.0,1,192,168,220,16,192,168,100,6
58247.0,80.0,TCP,0.006,6.0,545.0,1,192,168,220,16,192,168,100,6
445.0,40239.0,TCP,0.0,1.0,108.0,0,192,168,100,5,192,168,220,10
46808.0,445.0,TCP,0.004,2.0,174.0,0,192,168,200,5,192,168,100,5
59225.0,80.0,TCP,0.004,6.0,545.0,1,192,168,220,16,192,168,100,6
60845.0,80.0,TCP,0.005,5.0,479.0,1,192,168,220,16,192,168,100,6
36141.0,80.0,TCP,0.004,5.0,479.0,1,192,168,220,16,192,168,100,6
40239.0,445.0,TCP,0.004,2.0,174.0,0,192,168,220,10,192,168,100,5
57808.0,80.0,TCP,0.005,5.0,479.0,1,192,168,220,16,192,168,100,6
58748.0,80.0,TCP,0.003,5.0,479.0,1,192,168,220,16,192,168,100,6
58709.0,80.0,TCP,0.006,5.0,479.0,1,192,168,220,16,192,168,100,6
36246.0,80.0,TCP,0.003,6.0,545.0,1,192,168,220,16,192,168,100,6
445.0,43145.0,TCP,0.0,1.0,108.0,0,192,168,100,5,192,168,220,4
445.0,37191.0,TCP,0.0,1.0,108.0,0,192,168,100,5,192,168,220,7
59803.0,80.0,TCP,0.003,5.0,479.0,1,192,168,220,16,192,168,100,6
52321.0,445.0,TCP,0.0,1.0,66.0,0,192,168,220,14,192,168,100,5
445.0,52321.0,TCP,0.0,1.0,108.0,0,192,168,100,5,192,168,220,14
445.0,49511.0,TCP,0.0,1.0,108.0,0,192,168,100,5,192,168,220,12
58813.0,80.0,TCP,0.004,5.0,479.0,1,192,168,220,16,192,168,100,6
445.0,34743.0,TCP,0.0,1.0,108.0,0,192,168,100,5,192,168,220,11
52321.0,445.0,TCP,0.004,2.0,174.0,0,192,168,220,14,192,168,100,5
43145.0,445.0,TCP,1.003,2.0,174.0,0,192,168,220,4,192,168,100,5
43183.0,445.0,TCP,0.002,2.0,174.0,0,192,168,200,4,192,168,100,5
51357.0,1038.0,TCP,0.0,1.0,58.0,1,192,168,220,16,192,168,200,8
51357.0,1054.0,TCP,0.0,1.0,58.0,1,192,168,220,16,192,168,200,8
59071.0,80.0,TCP,0.006,5.0,479.0,1,192,168,220,16,192,168,100,6
137.0,137.0,UDP,0.0,1.0,92.0,0,192,168,220,13,192,168,220,255
59510.0,80.0,TCP,0.003,5.0,479.0,1,192,168,220,16,192,168,100,6
35128.0,80.0,TCP,0.002,6.0,545.0,1,192,168,220,16,192,168,100,6
445.0,49094.0,TCP,0.0,1.0,108.0,0,192,168,100,5,192,168,220,8
445.0,40239.0,TCP,0.0,1.0,108.0,0,192,168,100,5,192,168,220,10
137.0,137.0,UDP,0.0,1.0,92.0,0,192,168,220,9,192,168,220,255
445.0,37884.0,TCP,0.0,1.0,108.0,0,192,168,100,5,192,168,220,9
445.0,49094.0,TCP,0.0,1.0,108.0,0,192,168,100,5,192,168,220,8
57768.0,80.0,TCP,0.003,6.0,545.0,1,192,168,220,16,192,168,100,6
445.0,37191.0,TCP,0.0,1.0,108.0,0,192,168,100,5,192,168,220,7
48888.0,445.0,TCP,0.004,2.0,174.0,0,192,168,220,15,192,168,100,5
58414.0,80.0,TCP,0.006,5.0,479.0,1,192,168,220,16,192,168,100,6
46709.0,445.0,TCP,0.005,2.0,174.0,0,192,168,220,6,192,168,100,5
43145.0,445.0,TCP,0.005,2.0,174.0,0,192,168,220,4,192,168,100,5
59962.0,80.0,TCP,0.004,5.0,479.0,1,192,168,220,16,192,168,100,6
37884.0,445.0,TCP,0.003,2.0,174.0,0,192,168,220,9,192,168,100,5
43145.0,445.0,TCP,0.002,2.0,174.0,0,192,168,220,4,192,168,100,5
34834.0,80.0,TCP,0.004,5.0,479.0,1,192,168,220,16,192,168,100,6
445.0,58844.0,TCP,0.0,1.0,108.0,0,192,168,100,5,192,168,220,16
445.0,37884.0,TCP,0.0,1.0,108.0,0,192,168,100,5,192,168,220,9
51146.0,445.0,TCP,0.004,2.0,174.0,0,192,168,220,5,192,168,100,5
57976.0,80.0,TCP,0.004,6.0,545.0,1,192,168,220,16,192,168,100,6
445.0,37191.0,TCP,0.0,1.0,108.0,0,192,168,100,5,192,168,220,7
445.0,40239.0,TCP,0.0,1.0,108.0,0,192,168,100,5,192,168,220,10
445.0,43183.0,TCP,0.0,1.0,108.0,0,192,168,100,5,192,168,200,4
51357.0,49.0,TCP,0.0,1.0,58.0,1,192,168,220,16,192,168,200,3
445.0,37191.0,TCP,0.0,1.0,108.0,0,192,168,100,5,192,168,220,7
46756.0,801.0,TCP,0.0,1.0,58.0,1,192,168,220,16,192,168,210,5
51358.0,1077.0,TCP,0.0,1.0,58.0,1,192,168,220,16,192,168,200,8
36158.0,80.0,TCP,0.005,5.0,479.0,1,192,168,220,16,192,168,100,6
59053.0,80.0,TCP,0.003,6.0,545.0,1,192,168,220,16,192,168,100,6
60689.0,445.0,TCP,0.006,2.0,174.0,0,192,168,220,13,192,168,100,5
49511.0,445.0,TCP,0.0,1.0,66.0,0,192,168,220,12,192,168,100,5
445.0,49511.0,TCP,0.0,1.0,108.0,0,192,168,100,5,192,168,220,12
43145.0,445.0,TCP,0.002,2.0,174.0,0,192,168,220,4,192,168,100,5
52321.0,445.0,TCP,0.004,2.0,174.0,0,192,168,220,14,192,168,100,5
137.0,137.0,UDP,0.0,1.0,92.0,0,192,168,200,5,192,168,200,255
55435.0,80.0,TCP,0.004,5.0,479.0,1,192,168,220,16,192,168,100,6
445.0,37191.0,TCP,0.0,1.0,70.0,0,192,168,100,5,192,168,220,7
34743.0,445.0,TCP,0.002,2.0,174.0,0,192,168,220,11,192,168,100,5
57306.0,80.0,TCP,0.003,6.0,545.0,1,192,168,220,16,192,168,100,6
58925.0,80.0,TCP,0.003,5.0,479.0,1,192,168,220,16,192,168,100,6
445.0,37884.0,TCP,0.0,1.0,108.0,0,192,168,100,5,192,168,220,9
37884.0,445.0,TCP,0.002,2.0,174.0,0,192,168,220,9,192,168,100,5
445.0,49094.0,TCP,0.0,1.0,108.0,0,192,168,100,5,192,168,220,8
58648.0,80.0,TCP,0.003,6.0,545.0,1,192,168,220,16,192,168,100,6
57865.0,80.0,TCP,0.005,5.0,479.0,1,192,168,220,16,192,168,100,6
58377.0,80.0,TCP,0.003,5.0,479.0,1,192,168,220,16,192,168,100,6
590767.0,80.0,TCP,0.004,5.0,479.0,1,192,168,220,16,192,168,100,6
445.0,40239.0,TCP,0.0,1.0,108.0,0,192,168,100,5,192,168,220,10
445.0,37191.0,TCP,0.0,1.0,108.0,0,192,168,100,5,192,168,220,7
49094.0,445.0,TCP,0.003,2.0,174.0,0,192,168,220,8,192,168,100,5
445.0,48888.0,TCP,0.0,1.0,108.0,0,192,168,100,5,192,168,220,15
34196.0,80.0,TCP,0.003,6.0,545.0,1,192,168,220,16,192,168,100,6
445.0,37884.0,TCP,0.0,1.0,108.0,0,192,168,100,5,192,168,220,9
58844.0,445.0,TCP,0.003,2.0,174.0,0,192,168,220,16,192,168,100,5
58455.0,80.0,TCP,0.008,5.0,479.0,1,192,168,220,16,192,168,100,6
445.0,43145.0,TCP,0.0,1.0,108.0,0,192,168,100,5,192,168,220,4
35201.0,80.0,TCP,0.004,6.0,545.0,1,192,168,220,16,192,168,100,6
33931.0,80.0,TCP,0.004,5.0,479.0,1,192,168,220,16,192,168,100,6
56539.0,80.0,TCP,0.004,5.0,479.0,1,192,168,220,16,192,168,100,6
60613.0,80.0,TCP,0.004,6.0,545.0,1,192,168,220,16,192,168,100,6
138.0,138.0,UDP,0.0,1.0,262.0,0,192,168,220,14,192,168,220,255
5101.0,25.0,TCP,0.0,1.0,58.0,1,192,168,220,16,192,168,200,1
33835.0,80.0,TCP,0.0069999999999999,6.0,545.0,1,192,168,220,16,192,168,100,6
445.0,52321.0,TCP,0.0,1.0,108.0,0,192,168,100,5,192,168,220,14
137.0,137.0,UDP,0.0,1.0,92.0,0,192,168,220,15,192,168,220,255
57949.0,80.0,TCP,0.006,6.0,545.0,1,192,168,220,16,192,168,100,6
48888.0,445.0,TCP,0.0,1.0,66.0,0,192,168,220,15,192,168,100,5
37191.0,445.0,TCP,0.002,2.0,174.0,0,192,168,220,7,192,168,100,5
51357.0,646.0,TCP,0.0,1.0,58.0,1,192,168,220,16,192,168,200,3
58455.0,80.0,TCP,0.002,5.0,479.0,1,192,168,220,16,192,168,100,6
60689.0,445.0,TCP,0.004,2.0,174.0,0,192,168,220,13,192,168,100,5
51357.0,1110.0,TCP,0.0,1.0,58.0,1,192,168,220,16,192,168,200,2
445.0,49511.0,TCP,0.0,1.0,108.0,0,192,168,100,5,192,168,220,12
36932.0,80.0,TCP,0.006,5.0,479.0,1,192,168,220,16,192,168,100,6
56583.0,80.0,TCP,0.004,5.0,479.0,1,192,168,220,16,192,168,100,6
445.0,37884.0,TCP,0.0,1.0,108.0,0,192,168,100,5,192,168,220,9
37884.0,445.0,TCP,0.004,2.0,174.0,0,192,168,220,9,192,168,100,5
55866.0,80.0,TCP,0.003,5.0,479.0,1,192,168,220,16,192,168,100,6
445.0,40239.0,TCP,0.0,1.0,108.0,0,192,168,100,5,192,168,220,10
36004.0,80.0,TCP,0.003,6.0,545.0,1,192,168,220,16,192,168,100,6
56787.0,80.0,TCP,0.004,5.0,479.0,1,192,168,220,16,192,168,100,6
51358.0,1099.0,TCP,0.0,1.0,58.0,1,192,168,220,16,192,168,200,8
57352.0,80.0,TCP,0.004,6.0,545.0,1,192,168,220,16,192,168,100,6
40239.0,445.0,TCP,0.003,2.0,174.0,0,192,168,220,10,192,168,100,5
51358.0,6567.0,TCP,0.0,1.0,58.0,1,192,168,220,16,192,168,200,9
51357.0,1054.0,TCP,0.0,1.0,58.0,1,192,168,220,16,192,168,200,2
59637.0,80.0,TCP,0.003,5.0,479.0,1,192,168,220,16,192,168,100,6
445.0,51146.0,TCP,0.0,1.0,108.0,0,192,168,100,5,192,168,220,5
32873.0,80.0,TCP,0.004,5.0,479.0,1,192,168,220,16,192,168,100,6
59143.0,80.0,TCP,0.003,6.0,545.0,1,192,168,220,16,192,168,100,6
60910.0,80.0,TCP,0.004,5.0,479.0,1,192,168,220,16,192,168,100,6
445.0,46709.0,TCP,0.0,1.0,108.0,0,192,168,100,5,192,168,220,6
60861.0,80.0,TCP,0.002,5.0,479.0,1,192,168,220,16,192,168,100,6
445.0,58844.0,TCP,0.0,1.0,108.0,0,192,168,100,5,192,168,220,16
445.0,40239.0,TCP,0.0,1.0,108.0,0,192,168,100,5,192,168,220,10
445.0,48888.0,TCP,0.0,1.0,70.0,0,192,168,100,5,192,168,220,15
60960.0,80.0,TCP,0.002,5.0,479.0,1,192,168,220,16,192,168,100,6
55930.0,80.0,TCP,0.004,5.0,479.0,1,192,168,220,16,192,168,100,6
445.0,37191.0,TCP,0.0,1.0,108.0,0,192,168,100,5,192,168,220,7
58386.0,80.0,TCP,0.006,6.0,545.0,1,192,168,220,16,192,168,100,6
34064.0,80.0,TCP,0.003,5.0,479.0,1,192,168,220,16,192,168,100,6
57377.0,80.0,TCP,0.006,5.0,479.0,1,192,168,220,16,192,168,100,6
43183.0,445.0,TCP,0.004,2.0,174.0,0,192,168,200,4,192,168,100,5
46756.0,1021.0,TCP,0.0,1.0,58.0,1,192,168,220,16,192,168,210,4
51357.0,1034.0,TCP,0.0,1.0,58.0,1,192,168,220,16,192,168,200,1
445.0,46709.0,TCP,0.0,1.0,108.0,0,192,168,100,5,192,168,220,6
445.0,49511.0,TCP,0.0,1.0,108.0,0,192,168,100,5,192,168,220,12
445.0,37191.0,TCP,0.0,1.0,108.0,0,192,168,100,5,192,168,220,7
43145.0,445.0,TCP,0.002,2.0,174.0,0,192,168,220,4,192,168,100,5
59901.0,80.0,TCP,0.003,5.0,479.0,1,192,168,220,16,192,168,100,6
57923.0,80.0,TCP,0.004,5.0,479.0,1,192,168,220,16,192,168,100,6
445.0,58844.0,TCP,0.0,1.0,108.0,0,192,168,100,5,192,168,220,16
445.0,37884.0,TCP,0.0,1.0,70.0,0,192,168,100,5,192,168,220,9
51358.0,528.0,TCP,0.0,1.0,58.0,1,192,168,220,16,192,168,200,9
57777.0,80.0,TCP,0.003,5.0,479.0,1,192,168,220,16,192,168,100,6
40239.0,445.0,TCP,0.002,2.0,174.0,0,192,168,220,10,192,168,100,5
51357.0,49167.0,TCP,0.0,1.0,58.0,1,192,168,220,16,192,168,200,1
445.0,49094.0,TCP,0.0,1.0,108.0,0,192,168,100,5,192,168,220,8
445.0,43183.0,TCP,0.0,1.0,70.0,0,192,168,100,5,192,168,200,4
58844.0,445.0,TCP,0.002,2.0,174.0,0,192,168,220,16,192,168,100,5
58031.0,80.0,TCP,0.004,5.0,479.0,1,192,168,220,16,192,168,100,6
34743.0,445.0,TCP,0.002,2.0,174.0,0,192,168,220,11,192,168,100,5
43145.0,445.0,TCP,0.003,2.0,174.0,0,192,168,220,4,192,168,100,5
35228.0,80.0,TCP,0.003,5.0,479.0,1,192,168,220,16,192,168,100,6
58446.0,80.0,TCP,0.004,5.0,479.0,1,192,168,220,16,192,168,100,6
57291.0,80.0,TCP,0.004,5.0,479.0,1,192,168,220,16,192,168,100,6
59073.0,80.0,TCP,0.005,5.0,479.0,1,192,168,220,16,192,168,100,6
445.0,37191.0,TCP,0.0,1.0,108.0,0,192,168,100,5,192,168,220,7
445.0,43183.0,TCP,0.0,1.0,108.0,0,192,168,100,5,192,168,200,4
57295.0,80.0,TCP,0.005,5.0,479.0,1,192,168,220,16,192,168,100,6
48888.0,445.0,TCP,0.003,2.0,174.0,0,192,168,220,15,192,168,100,5
137.0,137.0,UDP,0.0,1.0,92.0,0,192,168,200,4,192,168,200,255
445.0,51146.0,TCP,0.0,1.0,108.0,0,192,168,100,5,192,168,220,5
80.0,49619.0,TCP,0.005,2.0,132.0,0,192,168,100,6,192,168,220,5
49511.0,445.0,TCP,0.0,2.0,174.0,0,192,168,220,12,192,168,100,5
51399.0,25.0,TCP,0.0,1.0,58.0,1,192,168,220,16,192,168,200,8
51146.0,445.0,TCP,0.003,2.0,174.0,0,192,168,220,5,192,168,100,5
60881.0,80.0,TCP,0.003,5.0,479.0,1,192,168,220,16,192,168,100,6
48888.0,445.0,TCP,0.003,2.0,174.0,0,192,168,220,15,192,168,100,5
59341.0,80.0,TCP,0.004,5.0,479.0,1,192,168,220,16,192,168,100,6
137.0,137.0,UDP,0.0,1.0,92.0,0,192,168,220,15,192,168,220,255
60720.0,80.0,TCP,0.004,6.0,545.0,1,192,168,220,16,192,168,100,6
59827.0,80.0,TCP,0.005,5.0,479.0,1,192,168,220,16,192,168,100,6
58325.0,80.0,TCP,0.006,5.0,479.0,1,192,168,220,16,192,168,100,6
58455.0,80.0,TCP,0.003,5.0,479.0,1,192,168,220,16,192,168,100,6
445.0,49511.0,TCP,0.0,1.0,108.0,0,192,168,100,5,192,168,220,12
35221.0,80.0,TCP,0.006,5.0,479.0,1,192,168,220,16,192,168,100,6
445.0,52321.0,TCP,0.0,1.0,108.0,0,192,168,100,5,192,168,220,14
445.0,52321.0,TCP,0.0,1.0,70.0,0,192,168,100,5,192,168,220,14
49094.0,445.0,TCP,0.002,2.0,174.0,0,192,168,220,8,192,168,100,5
37884.0,445.0,TCP,0.001,2.0,174.0,0,192,168,220,9,192,168,100,5
59426.0,80.0,TCP,0.005,5.0,479.0,1,192,168,220,16,192,168,100,6
46709.0,445.0,TCP,0.0,2.0,174.0,0,192,168,220,6,192,168,100,5
57876.0,80.0,TCP,0.004,6.0,545.0,1,192,168,220,16,192,168,100,6
60024.0,80.0,TCP,0.006,5.0,479.0,1,192,168,220,16,192,168,100,6
58310.0,80.0,TCP,0.004,5.0,479.0,1,192,168,220,16,192,168,100,6
445.0,49511.0,TCP,0.0,1.0,108.0,0,192,168,100,5,192,168,220,12
57976.0,80.0,TCP,0.004,5.0,479.0,1,192,168,220,16,192,168,100,6
51357.0,544.0,TCP,0.0,1.0,58.0,1,192,168,220,16,192,168,200,5
58886.0,80.0,TCP,0.006,6.0,545.0,1,192,168,220,16,192,168,100,6
445.0,43145.0,TCP,0.0,1.0,108.0,0,192,168,100,5,192,168,220,4
56931.0,80.0,TCP,0.005,6.0,545.0,1,192,168,220,16,192,168,100,6
46808.0,445.0,TCP,0.004,2.0,174.0,0,192,168,200,5,192,168,100,5
51146.0,445.0,TCP,0.003,2.0,174.0,0,192,168,220,5,192,168,100,5
51358.0,5959.0,TCP,0.0,1.0,58.0,1,192,168,220,16,192,168,200,8
445.0,60689.0,TCP,0.0,1.0,108.0,0,192,168,100,5,192,168,220,13
48888.0,445.0,TCP,0.002,2.0,174.0,0,192,168,220,15,192,168,100,5
57278.0,80.0,TCP,0.004,5.0,479.0,1,192,168,220,16,192,168,100,6
36871.0,80.0,TCP,0.006,5.0,479.0,1,192,168,220,16,192,168,100,6
55750.0,80.0,TCP,0.005,5.0,479.0,1,192,168,220,16,192,168,100,6
43145.0,445.0,TCP,0.003,2.0,174.0,0,192,168,220,4,192,168,100,5
43145.0,445.0,TCP,0.004,2.0,174.0,0,192,168,220,4,192,168,100,5
445.0,37191.0,TCP,0.0,1.0,108.0,0,192,168,100,5,192,168,220,7
445.0,37884.0,TCP,0.0,1.0,108.0,0,192,168,100,5,192,168,220,9
43183.0,445.0,TCP,0.003,2.0,174.0,0,192,168,200,4,192,168,100,5
57914.0,80.0,TCP,0.004,5.0,479.0,1,192,168,220,16,192,168,100,6
35204.0,80.0,TCP,0.006,5.0,479.0,1,192,168,220,16,192,168,100,6
80.0,80.0,TCP,0.004,3.0,548.0,0,192,168,220,4,192,168,100,6
52321.0,445.0,TCP,0.004,2.0,174.0,0,192,168,220,14,192,168,100,5
445.0,60689.0,TCP,0.0,1.0,108.0,0,192,168,100,5,192,168,220,13
59314.0,80.0,TCP,0.002,5.0,479.0,1,192,168,220,16,192,168,100,6
60736.0,80.0,TCP,0.006,6.0,545.0,1,192,168,220,16,192,168,100,6
48888.0,445.0,TCP,0.003,2.0,174.0,0,192,168,220,15,192,168,100,5
56278.0,80.0,TCP,0.002,6.0,545.0,1,192,168,220,16,192,168,100,6
46808.0,445.0,TCP,0.002,2.0,174.0,0,192,168,200,5,192,168,100,5
56161.0,80.0,TCP,0.002,5.0,479.0,1,192,168,220,16,192,168,100,6
60574.0,80.0,TCP,0.006,6.0,545.0,1,192,168,220,16,192,168,100,6
56474.0,80.0,TCP,0.006,5.0,479.0,1,192,168,220,16,192,168,100,6
43145.0,445.0,TCP,0.004,2.0,174.0,0,192,168,220,4,192,168,100,5
35687.0,80.0,TCP,0.003,5.0,479.0,1,192,168,220,16,192,168,100,6
137.0,137.0,UDP,0.0,1.0,92.0,0,192,168,200,4,192,168,200,255
51146.0,445.0,TCP,0.002,2.0,174.0,0,192,168,220,5,192,168,100,5
36252.0,80.0,TCP,0.004,5.0,479.0,1,192,168,220,16,192,168,100,6
57591.0,80.0,TCP,0.006,5.0,479.0,1,192,168,220,16,192,168,100,6
35802.0,80.0,TCP,0.003,5.0,479.0,1,192,168,220,16,192,168,100,6
58350.0,80.0,TCP,0.004,6.0,545.0,1,192,168,220,16,192,168,100,6
37191.0,445.0,TCP,0.003,2.0,174.0,0,192,168,220,7,192,168,100,5
58930.0,80.0,TCP,0.004,5.0,479.0,1,192,168,220,16,192,168,100,6
445.0,43183.0,TCP,0.0,1.0,108.0,0,192,168,100,5,192,168,200,4
445.0,49511.0,TCP,0.0,1.0,108.0,0,192,168,100,5,192,168,220,12
445.0,40239.0,TCP,0.0,1.0,108.0,0,192,168,100,5,192,168,220,10
36184.0,80.0,TCP,0.003,5.0,479.0,1,192,168,220,16,192,168,100,6
37884.0,445.0,TCP,0.005,2.0,174.0,0,192,168,220,9,192,168,100,5
49094.0,445.0,TCP,0.004,2.0,174.0,0,192,168,220,8,192,168,100,5
57754.0,80.0,TCP,0.006,6.0,545.0,1,192,168,220,16,192,168,100,6
59943.0,80.0,TCP,0.004,6.0,545.0,1,192,168,220,16,192,168,100,6
55730.0,80.0,TCP,0.004,5.0,479.0,1,192,168,220,16,192,168,100,6
445.0,43183.0,TCP,0.0,1.0,108.0,0,192,168,100,5,192,168,200,4
51357.0,9200.0,TCP,0.0,1.0,58.0,1,192,168,220,16,192,168,200,3
445.0,49511.0,TCP,0.0,1.0,108.0,0,192,168,100,5,192,168,220,12
51357.0,1049.0,TCP,0.0,1.0,58.0,1,192,168,220,16,192,168,200,2
46709.0,445.0,TCP,0.004,2.0,174.0,0,192,168,220,6,192,168,100,5
445.0,40239.0,TCP,0.0,1.0,108.0,0,192,168,100,5,192,168,220,10
60808.0,80.0,TCP,0.004,5.0,479.0,1,192,168,220,16,192,168,100,6
48888.0,445.0,TCP,0.004,2.0,174.0,0,192,168,220,15,192,168,100,5
445.0,58844.0,TCP,0.0,1.0,108.0,0,192,168,100,5,192,168,220,16
60689.0,445.0,TCP,0.002,2.0,174.0,0,192,168,220,13,192,168,100,5
58085.0,80.0,TCP,0.005,5.0,479.0,1,192,168,220,16,192,168,100,6
445.0,51146.0,TCP,0.0,1.0,108.0,0,192,168,100,5,192,168,220,5
59686.0,80.0,TCP,0.004,5.0,479.0,1,192,168,220,16,192,168,100,6
445.0,48888.0,TCP,0.0,1.0,108.0,0,192,168,100,5,192,168,220,15
55965.0,80.0,TCP,0.005,6.0,545.0,1,192,168,220,16,192,168,100,6
46709.0,445.0,TCP,0.004,2.0,174.0,0,192,168,220,6,192,168,100,5
49094.0,445.0,TCP,0.002,2.0,174.0,0,192,168,220,8,192,168,100,5
445.0,46808.0,TCP,0.0,1.0,108.0,0,192,168,100,5,192,168,200,5
445.0,48888.0,TCP,0.0,1.0,108.0,0,192,168,100,5,192,168,220,15
445.0,37191.0,TCP,0.0,1.0,108.0,0,192,168,100,5,192,168,220,7
48888.0,445.0,TCP,0.003,2.0,174.0,0,192,168,220,15,192,168,100,5
37068.0,80.0,TCP,0.004,6.0,545.0,1,192,168,220,16,192,168,100,6
137.0,137.0,UDP,0.0,1.0,92.0,0,192,168,220,5,192,168,220,255
445.0,49511.0,TCP,0.0,1.0,108.0,0,192,168,100,5,192,168,220,12
35198.0,80.0,TCP,0.002,5.0,479.0,1,192,168,220,16,192,168,100,6
445.0,37191.0,TCP,0.0,1.0,108.0,0,192,168,100,5,192,168,220,7
59819.0,80.0,TCP,0.003,5.0,479.0,1,192,168,220,16,192,168,100,6
445.0,37191.0,TCP,0.0,1.0,108.0,0,192,168,100,5,192,168,220,7
58844.0,445.0,TCP,0.0,1.0,66.0,0,192,168,220,16,192,168,100,5
32979.0,80.0,TCP,0.006,5.0,479.0,1,192,168,220,16,192,168,100,6
46808.0,445.0,TCP,0.005,2.0,174.0,0,192,168,200,5,192,168,100,5
59615.0,80.0,TCP,0.005,6.0,545.0,1,192,168,220,16,192,168,100,6
445.0,43183.0,TCP,0.0,1.0,108.0,0,192,168,100,5,192,168,200,4
57577.0,80.0,TCP,0.002,5.0,479.0,1,192,168,220,16,192,168,100,6
59808.0,80.0,TCP,0.006,5.0,479.0,1,192,168,220,16,192,168,100,6
34504.0,80.0,TCP,0.002,5.0,479.0,1,192,168,220,16,192,168,100,6
59106.0,80.0,TCP,0.005,5.0,479.0,1,192,168,220,16,192,168,100,6
445.0,40239.0,TCP,0.0,1.0,108.0,0,192,168,100,5,192,168,220,10
60659.0,80.0,TCP,0.006,5.0,479.0,1,192,168,220,16,192,168,100,6
57750.0,80.0,TCP,0.004,5.0,479.0,1,192,168,220,16,192,168,100,6
137.0,137.0,UDP,0.0,1.0,92.0,0,192,168,220,16,192,168,220,255
445.0,48888.0,TCP,0.0,1.0,108.0,0,192,168,100,5,192,168,220,15
51358.0,6567.0,TCP,0.0,1.0,58.0,1,192,168,220,16,192,168,200,8
46709.0,445.0,TCP,0.005,2.0,174.0,0,192,168,220,6,192,168,100,5
445.0,46709.0,TCP,0.0,1.0,108.0,0,192,168,100,5,192,168,220,6
48888.0,445.0,TCP,0.0,1.0,66.0,0,192,168,220,15,192,168,100,5
37191.0,445.0,TCP,0.0,1.0,66.0,0,192,168,220,7,192,168,100,5
60233.0,80.0,TCP,0.005,6.0,545.0,1,192,168,220,16,192,168,100,6
60365.0,80.0,TCP,0.002,5.0,479.0,1,192,168,220,16,192,168,100,6
445.0,48888.0,TCP,0.0,1.0,108.0,0,192,168,100,5,192,168,220,15
137.0,137.0,UDP,0.0,1.0,92.0,0,192,168,220,3,192,168,220,255
58900.0,80.0,TCP,0.004,5.0,479.0,1,192,168,220,16,192,168,100,6
57999.0,80.0,TCP,0.005,5.0,479.0,1,192,168,220,16,192,168,100,6
56567.0,80.0,TCP,0.005,5.0,479.0,1,192,168,220,16,192,168,100,6
35261.0,80.0,TCP,0.002,5.0,479.0,1,192,168,220,16,192,168,100,6
51357.0,5961.0,TCP,0.0,1.0,58.0,1,192,168,220,16,192,168,200,5
58267.0,80.0,TCP,0.006,5.0,479.0,1,192,168,220,16,192,168,100,6
43183.0,445.0,TCP,0.004,2.0,174.0,0,192,168,200,4,192,168,100,5
52321.0,445.0,TCP,0.004,2.0,174.0,0,192,168,220,14,192,168,100,5
445.0,49511.0,TCP,0.0,1.0,108.0,0,192,168,100,5,192,168,220,12
51357.0,481.0,TCP,0.0,1.0,58.0,1,192,168,220,16,192,168,200,8
445.0,60689.0,TCP,0.0,1.0,108.0,0,192,168,100,5,192,168,220,13
56480.0,80.0,TCP,0.006,6.0,545.0,1,192,168,220,16,192,168,100,6
445.0,43183.0,TCP,0.0,1.0,108.0,0,192,168,100,5,192,168,200,4
445.0,60689.0,TCP,0.0,1.0,108.0,0,192,168,100,5,192,168,220,13
60689.0,445.0,TCP,0.005,2.0,174.0,0,192,168,220,13,192,168,100,5
37884.0,445.0,TCP,0.004,2.0,174.0,0,192,168,220,9,192,168,100,5
445.0,34743.0,TCP,0.0,1.0,108.0,0,192,168,100,5,192,168,220,11
60689.0,445.0,TCP,0.001,2.0,174.0,0,192,168,220,13,192,168,100,5
57278.0,80.0,TCP,0.004,5.0,479.0,1,192,168,220,16,192,168,100,6
52321.0,445.0,TCP,0.002,2.0,174.0,0,192,168,220,14,192,168,100,5
51146.0,445.0,TCP,0.006,2.0,174.0,0,192,168,220,5,192,168,100,5
58844.0,445.0,TCP,0.003,2.0,174.0,0,192,168,220,16,192,168,100,5
59679.0,80.0,TCP,0.005,6.0,545.0,1,192,168,220,16,192,168,100,6
36206.0,80.0,TCP,0.006,5.0,479.0,1,192,168,220,16,192,168,100,6
60689.0,445.0,TCP,0.003,2.0,174.0,0,192,168,220,13,192,168,100,5
60312.0,80.0,TCP,0.005,5.0,479.0,1,192,168,220,16,192,168,100,6
34743.0,445.0,TCP,0.002,2.0,174.0,0,192,168,220,11,192,168,100,5
34743.0,445.0,TCP,0.0,1.0,66.0,0,192,168,220,11,192,168,100,5
445.0,48888.0,TCP,0.0,1.0,108.0,0,192,168,100,5,192,168,220,15
34738.0,80.0,TCP,0.004,5.0,479.0,1,192,168,220,16,192,168,100,6
445.0,37884.0,TCP,0.0,1.0,108.0,0,192,168,100,5,192,168,220,9
60965.0,80.0,TCP,0.003,6.0,545.0,1,192,168,220,16,192,168,100,6
60689.0,445.0,TCP,0.004,2.0,174.0,0,192,168,220,13,192,168,100,5
59849.0,80.0,TCP,0.004,6.0,545.0,1,192,168,220,16,192,168,100,6
59013.0,80.0,TCP,0.003,5.0,479.0,1,192,168,220,16,192,168,100,6
34994.0,80.0,TCP,0.004,5.0,479.0,1,192,168,220,16,192,168,100,6
445.0,46709.0,TCP,0.0,1.0,108.0,0,192,168,100,5,192,168,220,6
34488.0,80.0,TCP,0.005,5.0,479.0,1,192,168,220,16,192,168,100,6
37294.0,80.0,TCP,0.005,5.0,479.0,1,192,168,220,16,192,168,100,6
445.0,48888.0,TCP,0.0,1.0,108.0,0,192,168,100,5,192,168,220,15
46756.0,1534.0,TCP,0.0,1.0,58.0,1,192,168,220,16,192,168,210,5
46808.0,445.0,TCP,0.003,2.0,174.0,0,192,168,200,5,192,168,100,5
40239.0,445.0,TCP,0.001,2.0,174.0,0,192,168,220,10,192,168,100,5
445.0,58844.0,TCP,0.0,1.0,108.0,0,192,168,100,5,192,168,220,16
46828.0,22.0,TCP,0.004,2.0,139.0,0,192,168,220,5,192,168,100,6
57802.0,80.0,TCP,0.004,5.0,479.0,1,192,168,220,16,192,168,100,6
445.0,40239.0,TCP,0.0,1.0,108.0,0,192,168,100,5,192,168,220,10
58290.0,80.0,TCP,0.005,6.0,545.0,1,192,168,220,16,192,168,100,6
57268.0,80.0,TCP,0.005,5.0,479.0,1,192,168,220,16,192,168,100,6
59914.0,80.0,TCP,0.004,6.0,545.0,1,192,168,220,16,192,168,100,6
58418.0,80.0,TCP,0.002,6.0,545.0,1,192,168,220,16,192,168,100,6
58006.0,80.0,TCP,0.005,6.0,545.0,1,192,168,220,16,192,168,100,6
49094.0,445.0,TCP,0.004,2.0,174.0,0,192,168,220,8,192,168,100,5
445.0,46709.0,TCP,0.0,1.0,108.0,0,192,168,100,5,192,168,220,6
138.0,138.0,UDP,0.0,1.0,262.0,0,192,168,220,16,192,168,220,255
59093.0,80.0,TCP,0.0069999999999999,5.0,479.0,1,192,168,220,16,192,168,100,6
445.0,60689.0,TCP,0.0,1.0,108.0,0,192,168,100,5,192,168,220,13
51357.0,6541.0,TCP,0.0,1.0,58.0,1,192,168,220,16,192,168,200,2
445.0,46709.0,TCP,0.0,1.0,108.0,0,192,168,100,5,192,168,220,6
49511.0,445.0,TCP,0.004,2.0,174.0,0,192,168,220,12,192,168,100,5
445.0,49094.0,TCP,0.0,1.0,108.0,0,192,168,100,5,192,168,220,8
34743.0,445.0,TCP,0.002,2.0,174.0,0,192,168,220,11,192,168,100,5
445.0,58844.0,TCP,0.0,1.0,108.0,0,192,168,100,5,192,168,220,16
33935.0,80.0,TCP,0.005,5.0,479.0,1,192,168,220,16,192,168,100,6
445.0,51146.0,TCP,0.0,1.0,108.0,0,192,168,100,5,192,168,220,5
58575.0,80.0,TCP,0.002,5.0,479.0,1,192,168,220,16,192,168,100,6
34234.0,80.0,TCP,0.005,5.0,479.0,1,192,168,220,16,192,168,100,6
51357.0,5961.0,TCP,0.0,1.0,58.0,1,192,168,220,16,192,168,200,5
34506.0,80.0,TCP,0.065,5.0,479.0,1,192,168,220,16,192,168,100,6
58417.0,80.0,TCP,0.006,5.0,479.0,1,192,168,220,16,192,168,100,6
59660.0,80.0,TCP,0.003,6.0,545.0,1,192,168,220,16,192,168,100,6
445.0,40239.0,TCP,0.0,1.0,108.0,0,192,168,100,5,192,168,220,10
60711.0,80.0,TCP,0.006,5.0,479.0,1,192,168,220,16,192,168,100,6
59333.0,80.0,TCP,0.005,6.0,545.0,1,192,168,220,16,192,168,100,6
445.0,46709.0,TCP,0.0,1.0,108.0,0,192,168,100,5,192,168,220,6
59275.0,80.0,TCP,0.003,5.0,479.0,1,192,168,220,16,192,168,100,6
43145.0,445.0,TCP,0.001,2.0,174.0,0,192,168,220,4,192,168,100,5
43183.0,445.0,TCP,0.002,2.0,174.0,0,192,168,200,4,192,168,100,5
445.0,49094.0,TCP,0.0,1.0,108.0,0,192,168,100,5,192,168,220,8
445.0,46709.0,TCP,0.0,1.0,108.0,0,192,168,100,5,192,168,220,6
35821.0,80.0,TCP,0.005,5.0,479.0,1,192,168,220,16,192,168,100,6
49094.0,445.0,TCP,0.001,2.0,174.0,0,192,168,220,8,192,168,100,5
58565.0,80.0,TCP,0.004,5.0,479.0,1,192,168,220,16,192,168,100,6
445.0,48888.0,TCP,0.0,1.0,108.0,0,192,168,100,5,192,168,220,15
40239.0,445.0,TCP,0.004,2.0,174.0,0,192,168,220,10,192,168,100,5
445.0,43145.0,TCP,0.0,1.0,108.0,0,192,168,100,5,192,168,220,4
55369.0,80.0,TCP,0.005,5.0,479.0,1,192,168,220,16,192,168,100,6
58844.0,445.0,TCP,0.004,2.0,174.0,0,192,168,220,16,192,168,100,5
48888.0,445.0,TCP,0.003,2.0,174.0,0,192,168,220,15,192,168,100,5
51357.0,4005.0,TCP,0.0,1.0,58.0,1,192,168,220,16,192,168,200,1
57277.0,80.0,TCP,0.003,6.0,545.0,1,192,168,220,16,192,168,100,6
46709.0,445.0,TCP,0.003,2.0,174.0,0,192,168,220,6,192,168,100,5
56568.0,80.0,TCP,0.004,5.0,479.0,1,192,168,220,16,192,168,100,6
51357.0,2301.0,TCP,0.0,1.0,58.0,1,192,168,220,16,192,168,200,8
445.0,46808.0,TCP,0.0,1.0,108.0,0,192,168,100,5,192,168,200,5
137.0,137.0,UDP,0.0,1.0,92.0,0,192,168,220,6,192,168,220,255
57932.0,80.0,TCP,0.006,5.0,479.0,1,192,168,220,16,192,168,100,6
137.0,137.0,UDP,0.0,1.0,92.0,0,192,168,220,5,192,168,220,255
445.0,48888.0,TCP,0.0,1.0,108.0,0,192,168,100,5,192,168,220,15
138.0,138.0,UDP,0.0,1.0,262.0,0,192,168,220,3,192,168,220,255
445.0,46808.0,TCP,0.0,1.0,108.0,0,192,168,100,5,192,168,200,5
40239.0,445.0,TCP,0.004,2.0,174.0,0,192,168,220,10,192,168,100,5
60033.0,80.0,TCP,0.004,5.0,479.0,1,192,168,220,16,192,168,100,6
37191.0,445.0,TCP,0.0,1.0,66.0,0,192,168,220,7,192,168,100,5
445.0,52321.0,TCP,0.0,1.0,108.0,0,192,168,100,5,192,168,220,14
57196.0,80.0,TCP,0.006,6.0,545.0,1,192,168,220,16,192,168,100,6
58515.0,80.0,TCP,0.003,5.0,479.0,1,192,168,220,16,192,168,100,6
40239.0,445.0,TCP,0.002,2.0,174.0,0,192,168,220,10,192,168,100,5
445.0,49094.0,TCP,0.0,1.0,108.0,0,192,168,100,5,192,168,220,8
33901.0,80.0,TCP,0.0069999999999999,5.0,479.0,1,192,168,220,16,192,168,100,6
35669.0,80.0,TCP,0.003,5.0,479.0,1,192,168,220,16,192,168,100,6
59072.0,80.0,TCP,0.003,5.0,479.0,1,192,168,220,16,192,168,100,6
37191.0,445.0,TCP,0.0,1.0,66.0,0,192,168,220,7,192,168,100,5
37191.0,445.0,TCP,0.002,2.0,174.0,0,192,168,220,7,192,168,100,5
57846.0,80.0,TCP,0.003,6.0,545.0,1,192,168,220,16,192,168,100,6
445.0,37884.0,TCP,0.0,1.0,108.0,0,192,168,100,5,192,168,220,9
51421.0,25.0,TCP,0.0,1.0,58.0,1,192,168,220,16,192,168,200,3
46709.0,445.0,TCP,0.004,2.0,174.0,0,192,168,220,6,192,168,100,5
445.0,49511.0,TCP,0.0,1.0,108.0,0,192,168,100,5,192,168,220,12
34823.0,80.0,TCP,0.005,5.0,479.0,1,192,168,220,16,192,168,100,6
445.0,58844.0,TCP,0.0,1.0,108.0,0,192,168,100,5,192,168,220,16
445.0,34743.0,TCP,0.0,1.0,70.0,0,192,168,100,5,192,168,220,11
445.0,52321.0,TCP,0.0,1.0,108.0,0,192,168,100,5,192,168,220,14
58333.0,80.0,TCP,0.004,5.0,479.0,1,192,168,220,16,192,168,100,6
445.0,49094.0,TCP,0.0,1.0,108.0,0,192,168,100,5,192,168,220,8
33483.0,80.0,TCP,0.005,6.0,545.0,1,192,168,220,16,192,168,100,6
49094.0,445.0,TCP,0.002,2.0,174.0,0,192,168,220,8,192,168,100,5
445.0,37191.0,TCP,0.0,1.0,108.0,0,192,168,100,5,192,168,220,7
57876.0,80.0,TCP,0.005,5.0,479.0,1,192,168,220,16,192,168,100,6
58844.0,445.0,TCP,0.003,2.0,174.0,0,192,168,220,16,192,168,100,5
60689.0,445.0,TCP,0.003,2.0,174.0,0,192,168,220,13,192,168,100,5
137.0,137.0,UDP,0.0,1.0,92.0,0,192,168,220,6,192,168,220,255
58305.0,80.0,TCP,0.004,5.0,479.0,1,192,168,220,16,192,168,100,6
51357.0,3389.0,TCP,0.0,1.0,58.0,1,192,168,220,16,192,168,200,8
445.0,48888.0,TCP,0.0,1.0,108.0,0,192,168,100,5,192,168,220,15
445.0,58844.0,TCP,0.0,1.0,108.0,0,192,168,100,5,192,168,220,16
445.0,37884.0,TCP,0.0,1.0,66.0,0,192,168,100,5,192,168,220,9
445.0,51146.0,TCP,0.0,1.0,108.0,0,192,168,100,5,192,168,220,5
445.0,51146.0,TCP,0.0,1.0,108.0,0,192,168,100,5,192,168,220,5
35397.0,80.0,TCP,0.003,5.0,479.0,1,192,168,220,16,192,168,100,6
48888.0,445.0,TCP,0.005,2.0,174.0,0,192,168,220,15,192,168,100,5
137.0,137.0,UDP,0.0,1.0,92.0,0,192,168,220,8,192,168,220,255
60337.0,80.0,TCP,0.006,6.0,545.0,1,192,168,220,16,192,168,100,6
445.0,52321.0,TCP,0.005,2.0,178.0,0,192,168,100,5,192,168,220,14
58844.0,445.0,TCP,0.004,2.0,174.0,0,192,168,220,16,192,168,100,5
60689.0,445.0,TCP,0.001,2.0,174.0,0,192,168,220,13,192,168,100,5
58913.0,80.0,TCP,0.003,5.0,479.0,1,192,168,220,16,192,168,100,6
37191.0,445.0,TCP,0.005,2.0,174.0,0,192,168,220,7,192,168,100,5
445.0,37191.0,TCP,0.0,1.0,108.0,0,192,168,100,5,192,168,220,7
445.0,37884.0,TCP,0.0,1.0,108.0,0,192,168,100,5,192,168,220,9
445.0,58844.0,TCP,0.0,1.0,108.0,0,192,168,100,5,192,168,220,16
58970.0,80.0,TCP,0.005,5.0,479.0,1,192,168,220,16,192,168,100,6
52321.0,445.0,TCP,0.001,2.0,174.0,0,192,168,220,14,192,168,100,5
34306.0,80.0,TCP,0.0069999999999999,5.0,479.0,1,192,168,220,16,192,168,100,6
37191.0,445.0,TCP,0.004,2.0,174.0,0,192,168,220,7,192,168,100,5
49094.0,445.0,TCP,0.005,2.0,174.0,0,192,168,220,8,192,168,100,5
56501.0,80.0,TCP,0.003,5.0,479.0,1,192,168,220,16,192,168,100,6
51357.0,6001.0,TCP,0.0,1.0,58.0,1,192,168,220,16,192,168,200,3
58071.0,80.0,TCP,0.005,5.0,479.0,1,192,168,220,16,192,168,100,6
59861.0,80.0,TCP,0.004,6.0,545.0,1,192,168,220,16,192,168,100,6
445.0,48888.0,TCP,0.0,1.0,108.0,0,192,168,100,5,192,168,220,15
49094.0,445.0,TCP,0.001,2.0,174.0,0,192,168,220,8,192,168,100,5
60441.0,80.0,TCP,0.004,5.0,479.0,1,192,168,220,16,192,168,100,6
445.0,60689.0,TCP,0.0,1.0,108.0,0,192,168,100,5,192,168,220,13
445.0,58844.0,TCP,0.0,1.0,108.0,0,192,168,100,5,192,168,220,16
445.0,49511.0,TCP,0.0,1.0,108.0,0,192,168,100,5,192,168,220,12
36607.0,80.0,TCP,0.005,5.0,479.0,1,192,168,220,16,192,168,100,6
51357.0,25.0,TCP,0.0,1.0,58.0,1,192,168,220,16,192,168,200,5
46709.0,445.0,TCP,0.0,1.0,66.0,0,192,168,220,6,192,168,100,5
51146.0,445.0,TCP,0.005,2.0,174.0,0,192,168,220,5,192,168,100,5
48888.0,445.0,TCP,0.001,2.0,174.0,0,192,168,220,15,192,168,100,5
49094.0,445.0,TCP,0.001,2.0,174.0,0,192,168,220,8,192,168,100,5
59096.0,80.0,TCP,0.005,5.0,479.0,1,192,168,220,16,192,168,100,6
137.0,137.0,UDP,0.0,1.0,92.0,0,192,168,220,15,192,168,220,255
60689.0,445.0,TCP,0.001,2.0,174.0,0,192,168,220,13,192,168,100,5
37884.0,445.0,TCP,0.002,2.0,174.0,0,192,168,220,9,192,168,100,5
60689.0,445.0,TCP,0.002,2.0,174.0,0,192,168,220,13,192,168,100,5
58080.0,80.0,TCP,0.006,5.0,479.0,1,192,168,220,16,192,168,100,6
56360.0,80.0,TCP,0.005,5.0,479.0,1,192,168,220,16,192,168,100,6
60689.0,445.0,TCP,0.0,1.0,66.0,0,192,168,220,13,192,168,100,5
43145.0,445.0,TCP,0.003,2.0,174.0,0,192,168,220,4,192,168,100,5
445.0,49511.0,TCP,0.0,1.0,108.0,0,192,168,100,5,192,168,220,12
5905.0,80.0,TCP,0.006,5.0,479.0,1,192,168,220,16,192,168,100,6
40239.0,445.0,TCP,0.004,2.0,174.0,0,192,168,220,10,192,168,100,5
22.0,46828.0,TCP,0.004,2.0,132.0,0,192,168,100,6,192,168,220,7
46755.0,80.0,TCP,0.0,1.0,58.0,1,192,168,220,16,192,168,210,5
59210.0,80.0,TCP,0.004,6.0,545.0,1,192,168,220,16,192,168,100,6
57872.0,80.0,TCP,0.004,5.0,479.0,1,192,168,220,16,192,168,100,6
59854.0,80.0,TCP,0.006,6.0,545.0,1,192,168,220,16,192,168,100,6
40239.0,445.0,TCP,0.004,2.0,174.0,0,192,168,220,10,192,168,100,5
445.0,46709.0,TCP,0.0,1.0,108.0,0,192,168,100,5,192,168,220,6
445.0,51146.0,TCP,0.0,1.0,108.0,0,192,168,100,5,192,168,220,5
52321.0,445.0,TCP,0.004,2.0,174.0,0,192,168,220,14,192,168,100,5
137.0,137.0,UDP,0.0,1.0,92.0,0,192,168,220,7,192,168,220,255
37884.0,445.0,TCP,0.0,1.0,66.0,0,192,168,220,9,192,168,100,5
34743.0,445.0,TCP,0.002,2.0,174.0,0,192,168,220,11,192,168,100,5
60057.0,80.0,TCP,0.004,6.0,545.0,1,192,168,220,16,192,168,100,6
33878.0,80.0,TCP,0.005,5.0,479.0,1,192,168,220,16,192,168,100,6
60379.0,80.0,TCP,0.006,5.0,479.0,1,192,168,220,16,192,168,100,6
445.0,52321.0,TCP,0.0,1.0,108.0,0,192,168,100,5,192,168,220,14
445.0,37191.0,TCP,0.0,1.0,108.0,0,192,168,100,5,192,168,220,7
49094.0,445.0,TCP,0.0,1.0,66.0,0,192,168,220,8,192,168,100,5
59822.0,80.0,TCP,0.003,6.0,545.0,1,192,168,220,16,192,168,100,6
58943.0,80.0,TCP,0.006,6.0,545.0,1,192,168,220,16,192,168,100,6
137.0,137.0,UDP,0.0,1.0,92.0,0,192,168,220,8,192,168,220,255
445.0,43145.0,TCP,0.0,1.0,108.0,0,192,168,100,5,192,168,220,4
445.0,46808.0,TCP,0.0,1.0,108.0,0,192,168,100,5,192,168,200,5
34532.0,80.0,TCP,0.004,5.0,479.0,1,192,168,220,16,192,168,100,6
59950.0,80.0,TCP,0.005,5.0,479.0,1,192,168,220,16,192,168,100,6
445.0,49511.0,TCP,0.0,1.0,70.0,0,192,168,100,5,192,168,220,12
60492.0,80.0,TCP,0.004,5.0,479.0,1,192,168,220,16,192,168,100,6
58638.0,80.0,TCP,0.006,6.0,545.0,1,192,168,220,16,192,168,100,6
34743.0,445.0,TCP,0.002,2.0,174.0,0,192,168,220,11,192,168,100,5
58844.0,445.0,TCP,0.002,2.0,174.0,0,192,168,220,16,192,168,100,5
51146.0,445.0,TCP,0.002,2.0,174.0,0,192,168,220,5,192,168,100,5
445.0,37884.0,TCP,0.0,1.0,108.0,0,192,168,100,5,192,168,220,9
60049.0,80.0,TCP,0.004,5.0,479.0,1,192,168,220,16,192,168,100,6
35503.0,80.0,TCP,0.005,5.0,479.0,1,192,168,220,16,192,168,100,6
137.0,137.0,UDP,0.0,1.0,92.0,0,192,168,200,5,192,168,200,255
60689.0,445.0,TCP,0.003,2.0,174.0,0,192,168,220,13,192,168,100,5
58750.0,80.0,TCP,0.004,6.0,545.0,1,192,168,220,16,192,168,100,6
60531.0,80.0,TCP,0.005,5.0,479.0,1,192,168,220,16,192,168,100,6
34083.0,80.0,TCP,0.004,5.0,479.0,1,192,168,220,16,192,168,100,6
56567.0,80.0,TCP,0.003,6.0,545.0,1,192,168,220,16,192,168,100,6
60494.0,80.0,TCP,0.005,5.0,479.0,1,192,168,220,16,192,168,100,6
445.0,43183.0,TCP,0.0,1.0,108.0,0,192,168,100,5,192,168,200,4
445.0,37191.0,TCP,0.0,1.0,108.0,0,192,168,100,5,192,168,220,7
56934.0,80.0,TCP,0.003,5.0,479.0,1,192,168,220,16,192,168,100,6
34743.0,445.0,TCP,0.004,2.0,174.0,0,192,168,220,11,192,168,100,5
34465.0,80.0,TCP,0.004,5.0,479.0,1,192,168,220,16,192,168,100,6
51357.0,1034.0,TCP,0.0,1.0,58.0,1,192,168,220,16,192,168,200,3
58234.0,80.0,TCP,0.003,6.0,545.0,1,192,168,220,16,192,168,100,6
445.0,43145.0,TCP,0.0,1.0,108.0,0,192,168,100,5,192,168,220,4
57283.0,80.0,TCP,0.003,5.0,479.0,1,192,168,220,16,192,168,100,6
445.0,40239.0,TCP,0.0,1.0,108.0,0,192,168,100,5,192,168,220,10
35574.0,80.0,TCP,0.003,5.0,479.0,1,192,168,220,16,192,168,100,6
37884.0,445.0,TCP,0.003,2.0,174.0,0,192,168,220,9,192,168,100,5
445.0,48888.0,TCP,0.0,1.0,108.0,0,192,168,100,5,192,168,220,15
37884.0,445.0,TCP,0.004,2.0,174.0,0,192,168,220,9,192,168,100,5
56809.0,80.0,TCP,0.003,6.0,545.0,1,192,168,220,16,192,168,100,6
60382.0,80.0,TCP,0.006,5.0,479.0,1,192,168,220,16,192,168,100,6
56932.0,80.0,TCP,0.004,6.0,545.0,1,192,168,220,16,192,168,100,6
36148.0,80.0,TCP,0.004,6.0,545.0,1,192,168,220,16,192,168,100,6
59100.0,80.0,TCP,0.003,6.0,545.0,1,192,168,220,16,192,168,100,6
51357.0,1661.0,TCP,0.0,1.0,58.0,1,192,168,220,16,192,168,200,5
58270.0,80.0,TCP,0.003,5.0,479.0,1,192,168,220,16,192,168,100,6
137.0,137.0,UDP,0.0,1.0,92.0,0,192,168,220,3,192,168,220,255
445.0,37191.0,TCP,0.0,1.0,108.0,0,192,168,100,5,192,168,220,7
587.0,59660.0,TCP,0.069,9.0,3027.0,1,192,168,100,4,192,168,220,13
445.0,40239.0,TCP,0.0,1.0,108.0,0,192,168,100,5,192,168,220,10
33952.0,80.0,TCP,0.005,6.0,545.0,1,192,168,220,16,192,168,100,6
43145.0,445.0,TCP,0.004,2.0,174.0,0,192,168,220,4,192,168,100,5
56843.0,80.0,TCP,0.005,5.0,479.0,1,192,168,220,16,192,168,100,6
59965.0,80.0,TCP,0.004,5.0,479.0,1,192,168,220,16,192,168,100,6
137.0,137.0,UDP,0.0,1.0,92.0,0,192,168,220,10,192,168,220,255
58844.0,445.0,TCP,0.004,2.0,174.0,0,192,168,220,16,192,168,100,5
51358.0,3389.0,TCP,0.0,1.0,58.0,1,192,168,220,16,192,168,200,9
37191.0,445.0,TCP,0.002,2.0,174.0,0,192,168,220,7,192,168,100,5
59602.0,80.0,TCP,0.005,5.0,479.0,1,192,168,220,16,192,168,100,6
59161.0,80.0,TCP,0.003,5.0,479.0,1,192,168,220,16,192,168,100,6
59822.0,80.0,TCP,0.004,5.0,479.0,1,192,168,220,16,192,168,100,6
40239.0,445.0,TCP,0.002,2.0,174.0,0,192,168,220,10,192,168,100,5
48888.0,445.0,TCP,0.001,2.0,174.0,0,192,168,220,15,192,168,100,5
445.0,49511.0,TCP,0.0,1.0,108.0,0,192,168,100,5,192,168,220,12
51358.0,482.0,TCP,0.0,1.0,58.0,1,192,168,220,16,192,168,200,8
57643.0,80.0,TCP,0.006,6.0,545.0,1,192,168,220,16,192,168,100,6
59750.0,80.0,TCP,0.003,5.0,479.0,1,192,168,220,16,192,168,100,6
51357.0,799.0,TCP,0.0,1.0,58.0,1,192,168,220,16,192,168,200,5
60626.0,80.0,TCP,0.003,5.0,479.0,1,192,168,220,16,192,168,100,6
57775.0,80.0,TCP,0.003,5.0,479.0,1,192,168,220,16,192,168,100,6
58927.0,80.0,TCP,0.005,5.0,479.0,1,192,168,220,16,192,168,100,6
60020.0,80.0,TCP,0.003,5.0,479.0,1,192,168,220,16,192,168,100,6
445.0,49094.0,TCP,0.0,1.0,108.0,0,192,168,100,5,192,168,220,8
51357.0,1137.0,TCP,0.0,1.0,58.0,1,192,168,220,16,192,168,200,1
57833.0,80.0,TCP,0.006,6.0,545.0,1,192,168,220,16,192,168,100,6
445.0,58844.0,TCP,0.0,1.0,108.0,0,192,168,100,5,192,168,220,16
37884.0,445.0,TCP,0.004,2.0,174.0,0,192,168,220,9,192,168,100,5
138.0,138.0,UDP,0.0,1.0,262.0,0,192,168,220,6,192,168,220,255
34743.0,445.0,TCP,0.004,2.0,174.0,0,192,168,220,11,192,168,100,5
58844.0,445.0,TCP,0.0,1.0,66.0,1,192,168,220,16,192,168,100,5
46808.0,445.0,TCP,0.005,2.0,174.0,0,192,168,200,5,192,168,100,5
137.0,137.0,UDP,0.0,1.0,92.0,0,192,168,220,6,192,168,220,255
60568.0,80.0,TCP,0.003,6.0,545.0,1,192,168,220,16,192,168,100,6
60733.0,80.0,TCP,0.004,6.0,545.0,1,192,168,220,16,192,168,100,6
445.0,37191.0,TCP,0.0,1.0,70.0,0,192,168,100,5,192,168,220,7
137.0,137.0,UDP,0.0,1.0,92.0,0,192,168,220,10,192,168,220,255
445.0,46709.0,TCP,0.0,1.0,108.0,0,192,168,100,5,192,168,220,6
445.0,40239.0,TCP,0.0,1.0,108.0,0,192,168,100,5,192,168,220,10
445.0,46709.0,TCP,0.0,1.0,108.0,0,192,168,100,5,192,168,220,6
445.0,46808.0,TCP,0.0,1.0,108.0,0,192,168,100,5,192,168,200,5
60268.0,80.0,TCP,0.002,5.0,479.0,1,192,168,220,16,192,168,100,6
57527.0,80.0,TCP,0.006,5.0,479.0,1,192,168,220,16,192,168,100,6
32945.0,80.0,TCP,0.003,5.0,479.0,1,192,168,220,16,192,168,100,6
51357.0,646.0,TCP,0.0,1.0,58.0,1,192,168,220,16,192,168,200,4
137.0,137.0,UDP,0.0,1.0,92.0,0,192,168,220,6,192,168,220,255
59029.0,80.0,TCP,0.006,5.0,479.0,1,192,168,220,16,192,168,100,6
445.0,60689.0,TCP,0.0,1.0,108.0,0,192,168,100,5,192,168,220,13
51357.0,1093.0,TCP,0.0,1.0,58.0,1,192,168,220,16,192,168,200,9
445.0,34743.0,TCP,0.0,1.0,108.0,0,192,168,100,5,192,168,220,11
59026.0,80.0,TCP,0.003,5.0,479.0,1,192,168,220,16,192,168,100,6
60010.0,80.0,TCP,0.003,5.0,479.0,1,192,168,220,16,192,168,100,6
59106.0,80.0,TCP,0.003,5.0,479.0,1,192,168,220,16,192,168,100,6
59570.0,80.0,TCP,0.004,6.0,545.0,1,192,168,220,16,192,168,100,6
33530.0,80.0,TCP,0.002,6.0,545.0,1,192,168,220,16,192,168,100,6
52321.0,445.0,TCP,0.003,2.0,174.0,0,192,168,220,14,192,168,100,5
58914.0,80.0,TCP,0.004,5.0,479.0,1,192,168,220,16,192,168,100,6
445.0,49094.0,TCP,0.0,1.0,108.0,0,192,168,100,5,192,168,220,8
60527.0,80.0,TCP,0.002,5.0,479.0,1,192,168,220,16,192,168,100,6
445.0,60689.0,TCP,0.0,1.0,108.0,0,192,168,100,5,192,168,220,13
37191.0,445.0,TCP,0.004,2.0,174.0,0,192,168,220,7,192,168,100,5
34743.0,445.0,TCP,0.005,2.0,174.0,0,192,168,220,11,192,168,100,5
51357.0,1083.0,TCP,0.0,1.0,58.0,1,192,168,220,16,192,168,200,3
445.0,46709.0,TCP,0.0,1.0,108.0,0,192,168,100,5,192,168,220,6
49511.0,445.0,TCP,0.002,2.0,174.0,0,192,168,220,12,192,168,100,5
445.0,58844.0,TCP,0.0,1.0,108.0,0,192,168,100,5,192,168,220,16
57723.0,80.0,TCP,0.006,6.0,545.0,1,192,168,220,16,192,168,100,6
58272.0,80.0,TCP,0.004,6.0,545.0,1,192,168,220,16,192,168,100,6
57458.0,80.0,TCP,0.004,6.0,545.0,1,192,168,220,16,192,168,100,6
51357.0,6510.0,TCP,0.0,1.0,58.0,1,192,168,220,16,192,168,200,4
51357.0,8181.0,TCP,0.0,1.0,58.0,1,192,168,220,16,192,168,200,8
57566.0,80.0,TCP,0.005,5.0,479.0,1,192,168,220,16,192,168,100,6
60689.0,445.0,TCP,0.004,2.0,174.0,0,192,168,220,13,192,168,100,5
445.0,46709.0,TCP,0.0,1.0,108.0,0,192,168,100,5,192,168,220,6
60680.0,80.0,TCP,0.005,5.0,479.0,1,192,168,220,16,192,168,100,6
60689.0,445.0,TCP,0.005,2.0,174.0,0,192,168,220,13,192,168,100,5
51146.0,445.0,TCP,0.005,2.0,174.0,0,192,168,220,5,192,168,100,5
58734.0,80.0,TCP,0.003,5.0,479.0,1,192,168,220,16,192,168,100,6
51358.0,5962.0,TCP,0.0,1.0,58.0,1,192,168,220,16,192,168,200,9
59069.0,80.0,TCP,0.003,5.0,479.0,1,192,168,220,16,192,168,100,6
51357.0,1061.0,TCP,0.0,1.0,58.0,1,192,168,220,16,192,168,200,3
51358.0,1029.0,TCP,0.0,1.0,58.0,1,192,168,220,16,192,168,200,9
43145.0,445.0,TCP,0.003,2.0,174.0,0,192,168,220,4,192,168,100,5
137.0,137.0,UDP,0.0,1.0,92.0,0,192,168,200,5,192,168,200,255
46808.0,445.0,TCP,0.004,2.0,174.0,0,192,168,200,5,192,168,100,5
445.0,48888.0,TCP,0.0,1.0,108.0,0,192,168,100,5,192,168,220,15
46709.0,445.0,TCP,0.004,2.0,174.0,0,192,168,220,6,192,168,100,5
56019.0,80.0,TCP,0.005,5.0,479.0,1,192,168,220,16,192,168,100,6
445.0,49094.0,TCP,0.0,1.0,108.0,0,192,168,100,5,192,168,220,8
445.0,37191.0,TCP,0.0,1.0,108.0,0,192,168,100,5,192,168,220,7
58290.0,80.0,TCP,0.002,6.0,545.0,1,192,168,220,16,192,168,100,6
445.0,43145.0,TCP,0.0,1.0,108.0,0,192,168,100,5,192,168,220,4
58854.0,80.0,TCP,0.003,6.0,545.0,1,192,168,220,16,192,168,100,6
46808.0,445.0,TCP,0.004,2.0,174.0,0,192,168,200,5,192,168,100,5
59097.0,80.0,TCP,0.003,5.0,479.0,1,192,168,220,16,192,168,100,6
37884.0,445.0,TCP,0.006,2.0,174.0,0,192,168,220,9,192,168,100,5
59063.0,80.0,TCP,0.005,6.0,545.0,1,192,168,220,16,192,168,100,6
48888.0,445.0,TCP,0.003,2.0,174.0,0,192,168,220,15,192,168,100,5
59828.0,80.0,TCP,0.002,5.0,479.0,1,192,168,220,16,192,168,100,6
138.0,138.0,UDP,0.0,1.0,262.0,0,192,168,220,4,192,168,220,255
33955.0,80.0,TCP,0.006,6.0,545.0,1,192,168,220,16,192,168,100,6
57762.0,80.0,TCP,0.005,5.0,479.0,1,192,168,220,16,192,168,100,6
60577.0,80.0,TCP,0.006,5.0,479.0,1,192,168,220,16,192,168,100,6
60476.0,80.0,TCP,0.004,5.0,479.0,1,192,168,220,16,192,168,100,6
51357.0,1099.0,TCP,0.0,1.0,58.0,1,192,168,220,16,192,168,200,4
43183.0,445.0,TCP,0.004,2.0,174.0,0,192,168,200,4,192,168,100,5
57732.0,80.0,TCP,0.003,5.0,479.0,1,192,168,220,16,192,168,100,6
46709.0,445.0,TCP,0.004,2.0,174.0,0,192,168,220,6,192,168,100,5
59086.0,80.0,TCP,0.006,6.0,545.0,1,192,168,220,16,192,168,100,6
445.0,49511.0,TCP,0.0,1.0,108.0,0,192,168,100,5,192,168,220,12
36012.0,80.0,TCP,0.005,5.0,479.0,1,192,168,220,16,192,168,100,6
35189.0,80.0,TCP,0.003,5.0,479.0,1,192,168,220,16,192,168,100,6
445.0,34743.0,TCP,0.0,1.0,108.0,0,192,168,100,5,192,168,220,11
59115.0,80.0,TCP,0.006,5.0,479.0,1,192,168,220,16,192,168,100,6
58870.0,80.0,TCP,0.003,5.0,479.0,1,192,168,220,16,192,168,100,6
59095.0,80.0,TCP,0.004,5.0,479.0,1,192,168,220,16,192,168,100,6
59080.0,80.0,TCP,0.006,5.0,479.0,1,192,168,220,16,192,168,100,6
40239.0,445.0,TCP,0.004,2.0,174.0,0,192,168,220,10,192,168,100,5
51357.0,9111.0,TCP,0.0,1.0,58.0,1,192,168,220,16,192,168,200,5
445.0,37191.0,TCP,0.0,1.0,70.0,0,192,168,100,5,192,168,220,7
51358.0,5811.0,TCP,0.0,1.0,58.0,1,192,168,220,16,192,168,200,9
51146.0,445.0,TCP,0.004,2.0,174.0,0,192,168,220,5,192,168,100,5
32867.0,80.0,TCP,0.0069999999999999,5.0,479.0,1,192,168,220,16,192,168,100,6
58646.0,80.0,TCP,0.001,5.0,479.0,1,192,168,220,16,192,168,100,6
60396.0,80.0,TCP,0.006,6.0,545.0,1,192,168,220,16,192,168,100,6
35254.0,80.0,TCP,0.005,5.0,479.0,1,192,168,220,16,192,168,100,6
58499.0,80.0,TCP,0.003,5.0,479.0,1,192,168,220,16,192,168,100,6
57763.0,80.0,TCP,0.004,5.0,479.0,1,192,168,220,16,192,168,100,6
43145.0,445.0,TCP,0.002,2.0,174.0,0,192,168,220,4,192,168,100,5
445.0,52321.0,TCP,0.0,1.0,108.0,0,192,168,100,5,192,168,220,14
52321.0,445.0,TCP,0.0,1.0,66.0,0,192,168,220,14,192,168,100,5
57965.0,80.0,TCP,0.002,6.0,545.0,1,192,168,220,16,192,168,100,6
52321.0,445.0,TCP,0.004,2.0,174.0,0,192,168,220,14,192,168,100,5
445.0,60689.0,TCP,0.0,1.0,108.0,0,192,168,100,5,192,168,220,13
138.0,138.0,UDP,0.0,1.0,262.0,0,192,168,220,5,192,168,220,255
137.0,137.0,UDP,0.0,1.0,92.0,0,192,168,220,6,192,168,220,255
49511.0,445.0,TCP,0.0,1.0,66.0,0,192,168,220,12,192,168,100,5
445.0,40239.0,TCP,0.0,1.0,108.0,0,192,168,100,5,192,168,220,10
58844.0,445.0,TCP,0.0,2.0,174.0,0,192,168,220,16,192,168,100,5
56593.0,80.0,TCP,0.003,6.0,545.0,1,192,168,220,16,192,168,100,6
51146.0,445.0,TCP,0.002,2.0,174.0,0,192,168,220,5,192,168,100,5
445.0,37191.0,TCP,0.0,1.0,108.0,0,192,168,100,5,192,168,220,7
445.0,46808.0,TCP,0.0,1.0,108.0,0,192,168,100,5,192,168,200,5
59888.0,80.0,TCP,0.004,5.0,479.0,1,192,168,220,16,192,168,100,6
445.0,37191.0,TCP,0.0,1.0,108.0,0,192,168,100,5,192,168,220,7
49511.0,445.0,TCP,0.0,1.0,66.0,0,192,168,220,12,192,168,100,5
57763.0,80.0,TCP,0.004,6.0,545.0,1,192,168,220,16,192,168,100,6
445.0,60689.0,TCP,0.0,1.0,108.0,0,192,168,100,5,192,168,220,13
57660.0,80.0,TCP,0.005,6.0,545.0,1,192,168,220,16,192,168,100,6
445.0,40239.0,TCP,0.0,1.0,108.0,0,192,168,100,5,192,168,220,10
59111.0,80.0,TCP,0.006,6.0,545.0,1,192,168,220,16,192,168,100,6
59982.0,80.0,TCP,0.006,5.0,479.0,1,192,168,220,16,192,168,100,6
60349.0,80.0,TCP,0.006,6.0,545.0,1,192,168,220,16,192,168,100,6
56692.0,80.0,TCP,0.006,5.0,479.0,1,192,168,220,16,192,168,100,6
445.0,40239.0,TCP,0.0,1.0,70.0,0,192,168,100,5,192,168,220,10
60689.0,445.0,TCP,0.002,2.0,174.0,0,192,168,220,13,192,168,100,5
49094.0,445.0,TCP,0.003,2.0,174.0,0,192,168,220,8,192,168,100,5
40239.0,445.0,TCP,0.0,1.0,66.0,0,192,168,220,10,192,168,100,5
445.0,52321.0,TCP,0.0,1.0,108.0,0,192,168,100,5,192,168,220,14
34283.0,80.0,TCP,0.003,6.0,545.0,1,192,168,220,16,192,168,100,6
37001.0,80.0,TCP,0.0069999999999999,5.0,479.0,1,192,168,220,16,192,168,100,6
49094.0,445.0,TCP,0.001,2.0,174.0,0,192,168,220,8,192,168,100,5
59933.0,80.0,TCP,0.004,5.0,479.0,1,192,168,220,16,192,168,100,6
43183.0,445.0,TCP,0.005,2.0,174.0,0,192,168,200,4,192,168,100,5
445.0,49094.0,TCP,0.0,1.0,108.0,0,192,168,100,5,192,168,220,8
445.0,37884.0,TCP,0.0,1.0,70.0,0,192,168,100,5,192,168,220,9
51357.0,901.0,TCP,0.0,1.0,58.0,1,192,168,220,16,192,168,200,9
43145.0,445.0,TCP,0.004,2.0,174.0,0,192,168,220,4,192,168,100,5
51358.0,1301.0,TCP,0.0,1.0,58.0,1,192,168,220,16,192,168,200,8
33248.0,80.0,TCP,0.003,6.0,545.0,1,192,168,220,16,192,168,100,6
58050.0,80.0,TCP,0.003,5.0,479.0,1,192,168,220,16,192,168,100,6
445.0,37884.0,TCP,0.0,1.0,108.0,0,192,168,100,5,192,168,220,9
59537.0,80.0,TCP,0.006,5.0,479.0,1,192,168,220,16,192,168,100,6
445.0,52321.0,TCP,0.0,1.0,108.0,0,192,168,100,5,192,168,220,14
57200.0,80.0,TCP,0.004,5.0,479.0,1,192,168,220,16,192,168,100,6
43183.0,445.0,TCP,0.004,2.0,174.0,0,192,168,200,4,192,168,100,5
51146.0,445.0,TCP,0.001,2.0,174.0,0,192,168,220,5,192,168,100,5
445.0,48888.0,TCP,0.0,1.0,108.0,0,192,168,100,5,192,168,220,15
137.0,137.0,UDP,0.0,1.0,92.0,0,192,168,200,5,192,168,200,255
445.0,49511.0,TCP,0.0,1.0,108.0,0,192,168,100,5,192,168,220,12
36003.0,80.0,TCP,0.006,5.0,479.0,1,192,168,220,16,192,168,100,6
43183.0,445.0,TCP,0.003,2.0,174.0,0,192,168,200,4,192,168,100,5
445.0,51146.0,TCP,0.0,1.0,108.0,0,192,168,100,5,192,168,220,5
56912.0,80.0,TCP,0.004,5.0,479.0,1,192,168,220,16,192,168,100,6
445.0,49094.0,TCP,0.0,1.0,108.0,0,192,168,100,5,192,168,220,8
52321.0,445.0,TCP,0.0,1.0,66.0,0,192,168,220,14,192,168,100,5
445.0,49094.0,TCP,0.0,1.0,108.0,0,192,168,100,5,192,168,220,8
37884.0,445.0,TCP,0.003,2.0,174.0,0,192,168,220,9,192,168,100,5
58315.0,80.0,TCP,0.006,5.0,479.0,1,192,168,220,16,192,168,100,6
67.0,68.0,UDP,0.0,1.0,342.0,0,192,168,220,13,192,168,220,9
60884.0,80.0,TCP,0.005,5.0,479.0,1,192,168,220,16,192,168,100,6
445.0,48888.0,TCP,0.0,1.0,108.0,0,192,168,100,5,192,168,220,15
445.0,51146.0,TCP,0.0,1.0,108.0,0,192,168,100,5,192,168,220,5
57286.0,80.0,TCP,0.006,6.0,545.0,1,192,168,220,16,192,168,100,6
43145.0,445.0,TCP,0.002,2.0,174.0,0,192,168,220,4,192,168,100,5
49094.0,445.0,TCP,0.002,2.0,174.0,0,192,168,220,8,192,168,100,5
445.0,34743.0,TCP,0.0,1.0,108.0,0,192,168,100,5,192,168,220,11
51146.0,445.0,TCP,0.002,2.0,174.0,0,192,168,220,5,192,168,100,5
57108.0,80.0,TCP,0.005,5.0,479.0,1,192,168,220,16,192,168,100,6
445.0,49511.0,TCP,0.0,1.0,108.0,0,192,168,100,5,192,168,220,12
35204.0,80.0,TCP,0.004,5.0,479.0,1,192,168,220,16,192,168,100,6
137.0,137.0,UDP,0.0,1.0,92.0,0,192,168,220,8,192,168,220,255
48888.0,445.0,TCP,0.0069999999999999,2.0,174.0,0,192,168,220,15,192,168,100,5
52321.0,445.0,TCP,0.002,2.0,174.0,0,192,168,220,14,192,168,100,5
43183.0,445.0,TCP,0.003,2.0,174.0,0,192,168,200,4,192,168,100,5
56618.0,80.0,TCP,0.006,6.0,545.0,1,192,168,220,16,192,168,100,6
137.0,137.0,UDP,0.0,1.0,92.0,0,192,168,220,13,192,168,220,255
445.0,52321.0,TCP,0.0,1.0,108.0,0,192,168,100,5,192,168,220,14
35362.0,80.0,TCP,0.006,5.0,479.0,1,192,168,220,16,192,168,100,6
445.0,52321.0,TCP,0.0,1.0,108.0,0,192,168,100,5,192,168,220,14
37124.0,80.0,TCP,0.004,5.0,479.0,1,192,168,220,16,192,168,100,6
58844.0,445.0,TCP,0.005,2.0,174.0,0,192,168,220,16,192,168,100,5
55632.0,80.0,TCP,0.004,6.0,545.0,1,192,168,220,16,192,168,100,6
51357.0,49163.0,TCP,0.0,1.0,58.0,1,192,168,220,16,192,168,200,4
445.0,49511.0,TCP,0.0,1.0,108.0,0,192,168,100,5,192,168,220,12
43145.0,445.0,TCP,0.003,2.0,174.0,0,192,168,220,4,192,168,100,5
58093.0,80.0,TCP,0.005,6.0,545.0,1,192,168,220,16,192,168,100,6
60054.0,80.0,TCP,0.004,6.0,545.0,1,192,168,220,16,192,168,100,6
59208.0,80.0,TCP,0.005,5.0,479.0,1,192,168,220,16,192,168,100,6
51357.0,8084.0,TCP,0.0,1.0,58.0,1,192,168,220,16,192,168,200,5
445.0,49094.0,TCP,0.0,1.0,70.0,0,192,168,100,5,192,168,220,8
138.0,138.0,UDP,0.0,1.0,262.0,0,192,168,220,12,192,168,220,255
59096.0,80.0,TCP,0.002,5.0,479.0,1,192,168,220,16,192,168,100,6
37037.0,80.0,TCP,0.002,5.0,479.0,1,192,168,220,16,192,168,100,6
58288.0,80.0,TCP,0.004,5.0,479.0,1,192,168,220,16,192,168,100,6
46808.0,445.0,TCP,0.001,2.0,174.0,0,192,168,200,5,192,168,100,5
59136.0,80.0,TCP,0.004,5.0,479.0,1,192,168,220,16,192,168,100,6
46756.0,2701.0,TCP,0.0,1.0,58.0,1,192,168,220,16,192,168,210,4
46709.0,445.0,TCP,0.005,2.0,174.0,0,192,168,220,6,192,168,100,5
59979.0,80.0,TCP,0.003,5.0,479.0,1,192,168,220,16,192,168,100,6
445.0,37191.0,TCP,0.0,1.0,108.0,0,192,168,100,5,192,168,220,7
60689.0,445.0,TCP,0.002,2.0,174.0,0,192,168,220,13,192,168,100,5
58844.0,445.0,TCP,0.0,1.0,66.0,0,192,168,220,16,192,168,100,5
445.0,37191.0,TCP,0.0,1.0,108.0,0,192,168,100,5,192,168,220,7
445.0,51146.0,TCP,0.0,1.0,108.0,0,192,168,100,5,192,168,220,5
51495.0,25.0,TCP,0.0,1.0,58.0,1,192,168,220,16,192,168,200,1
59093.0,80.0,TCP,0.002,5.0,479.0,1,192,168,220,16,192,168,100,6
445.0,37191.0,TCP,0.0,1.0,108.0,0,192,168,100,5,192,168,220,7
37191.0,445.0,TCP,0.002,2.0,174.0,0,192,168,220,7,192,168,100,5
51358.0,1055.0,TCP,0.0,1.0,58.0,1,192,168,220,16,192,168,200,8
56037.0,80.0,TCP,0.005,5.0,479.0,1,192,168,220,16,192,168,100,6
58991.0,80.0,TCP,0.006,5.0,479.0,1,192,168,220,16,192,168,100,6
36011.0,80.0,TCP,0.003,5.0,479.0,1,192,168,220,16,192,168,100,6
445.0,40239.0,TCP,0.0,1.0,108.0,0,192,168,100,5,192,168,220,10
59735.0,80.0,TCP,0.005,5.0,479.0,1,192,168,220,16,192,168,100,6
57569.0,80.0,TCP,0.003,5.0,479.0,1,192,168,220,16,192,168,100,6
57319.0,80.0,TCP,0.004,6.0,545.0,1,192,168,220,16,192,168,100,6
445.0,46808.0,TCP,0.0,1.0,108.0,0,192,168,100,5,192,168,200,5
57780.0,80.0,TCP,0.005,5.0,479.0,1,192,168,220,16,192,168,100,6
34491.0,80.0,TCP,0.006,5.0,479.0,1,192,168,220,16,192,168,100,6
51357.0,1073.0,TCP,0.0,1.0,58.0,1,192,168,220,16,192,168,200,1
58307.0,80.0,TCP,0.004,6.0,545.0,1,192,168,220,16,192,168,100,6
445.0,43145.0,TCP,0.0,1.0,108.0,0,192,168,100,5,192,168,220,4
32949.0,80.0,TCP,0.004,6.0,545.0,1,192,168,220,16,192,168,100,6
58844.0,445.0,TCP,0.002,2.0,174.0,0,192,168,220,16,192,168,100,5
49094.0,445.0,TCP,0.003,2.0,174.0,0,192,168,220,8,192,168,100,5
445.0,58844.0,TCP,0.0,1.0,108.0,0,192,168,100,5,192,168,220,16
36012.0,80.0,TCP,0.005,5.0,479.0,1,192,168,220,16,192,168,100,6
34999.0,80.0,TCP,0.003,5.0,479.0,1,192,168,220,16,192,168,100,6
58430.0,80.0,TCP,0.005,6.0,545.0,1,192,168,220,16,192,168,100,6
58844.0,445.0,TCP,0.001,2.0,174.0,0,192,168,220,16,192,168,100,5
43145.0,445.0,TCP,0.0,1.0,66.0,0,192,168,220,4,192,168,100,5
445.0,40239.0,TCP,0.0,1.0,108.0,0,192,168,100,5,192,168,220,10
35277.0,80.0,TCP,0.002,5.0,479.0,1,192,168,220,16,192,168,100,6
60813.0,80.0,TCP,0.0069999999999999,5.0,479.0,1,192,168,220,16,192,168,100,6
58844.0,445.0,TCP,0.004,2.0,174.0,0,192,168,220,16,192,168,100,5
445.0,60689.0,TCP,0.0,1.0,108.0,0,192,168,100,5,192,168,220,13
51357.0,49167.0,TCP,0.0,1.0,58.0,0,192,168,220,16,192,168,200,9
60468.0,80.0,TCP,0.003,5.0,479.0,1,192,168,220,16,192,168,100,6
51357.0,617.0,TCP,0.0,1.0,58.0,1,192,168,220,16,192,168,200,1
56678.0,80.0,TCP,0.005,5.0,479.0,1,192,168,220,16,192,168,100,6
445.0,46808.0,TCP,0.0,1.0,108.0,0,192,168,100,5,192,168,200,5
60718.0,80.0,TCP,0.006,6.0,545.0,1,192,168,220,16,192,168,100,6
445.0,43145.0,TCP,0.0,1.0,108.0,0,192,168,100,5,192,168,220,4
58844.0,445.0,TCP,0.003,2.0,174.0,0,192,168,220,16,192,168,100,5
60609.0,80.0,TCP,0.004,5.0,479.0,1,192,168,220,16,192,168,100,6
137.0,137.0,UDP,0.0,1.0,92.0,0,192,168,220,7,192,168,220,255
137.0,137.0,UDP,0.0,1.0,92.0,0,192,168,220,14,192,168,220,255
57288.0,80.0,TCP,0.006,6.0,545.0,1,192,168,220,16,192,168,100,6
0.0,8.0,ICMP,0.0,1.0,42.0,1,192,168,220,16,192,168,210,2
55382.0,80.0,TCP,0.003,5.0,479.0,1,192,168,220,16,192,168,100,6
51146.0,445.0,TCP,0.0,1.0,66.0,0,192,168,220,5,192,168,100,5
57899.0,80.0,TCP,0.004,6.0,545.0,1,192,168,220,16,192,168,100,6
57774.0,80.0,TCP,0.004,5.0,479.0,1,192,168,220,16,192,168,100,6
445.0,48888.0,TCP,0.0,1.0,108.0,0,192,168,100,5,192,168,220,15
37884.0,445.0,TCP,0.002,2.0,174.0,0,192,168,220,9,192,168,100,5
58802.0,80.0,TCP,0.004,5.0,479.0,1,192,168,220,16,192,168,100,6
445.0,46709.0,TCP,0.0,1.0,108.0,0,192,168,100,5,192,168,220,6
58844.0,445.0,TCP,0.0,1.0,66.0,0,192,168,220,16,192,168,100,5
40239.0,445.0,TCP,0.002,2.0,174.0,0,192,168,220,10,192,168,100,5
51357.0,1287.0,TCP,0.0,1.0,58.0,1,192,168,220,16,192,168,200,8
137.0,137.0,UDP,0.0,1.0,92.0,0,192,168,220,3,192,168,220,255
60569.0,80.0,TCP,0.004,5.0,479.0,1,192,168,220,16,192,168,100,6
445.0,49511.0,TCP,0.0,1.0,108.0,0,192,168,100,5,192,168,220,12
60689.0,445.0,TCP,0.004,2.0,174.0,0,192,168,220,13,192,168,100,5
445.0,37884.0,TCP,0.0,1.0,108.0,0,192,168,100,5,192,168,220,9
445.0,37884.0,TCP,0.0,1.0,108.0,0,192,168,100,5,192,168,220,9
445.0,37191.0,TCP,0.0,1.0,108.0,0,192,168,100,5,192,168,220,7
40239.0,445.0,TCP,0.003,2.0,174.0,0,192,168,220,10,192,168,100,5
445.0,51146.0,TCP,0.0,1.0,108.0,0,192,168,100,5,192,168,220,5
445.0,34743.0,TCP,0.0,1.0,108.0,0,192,168,100,5,192,168,220,11
59837.0,80.0,TCP,0.006,6.0,545.0,1,192,168,220,16,192,168,100,6
36234.0,80.0,TCP,0.003,5.0,479.0,1,192,168,220,16,192,168,100,6
46808.0,445.0,TCP,0.0,1.0,66.0,0,192,168,200,5,192,168,100,5
58229.0,80.0,TCP,0.006,5.0,479.0,1,192,168,220,16,192,168,100,6
49511.0,445.0,TCP,0.003,2.0,174.0,0,192,168,220,12,192,168,100,5
445.0,34743.0,TCP,0.0,1.0,108.0,0,192,168,100,5,192,168,220,11
56799.0,80.0,TCP,0.002,6.0,545.0,1,192,168,220,16,192,168,100,6
48888.0,445.0,TCP,0.002,2.0,174.0,0,192,168,220,15,192,168,100,5
58404.0,80.0,TCP,0.0069999999999999,5.0,479.0,1,192,168,220,16,192,168,100,6
445.0,46709.0,TCP,0.0,1.0,108.0,0,192,168,100,5,192,168,220,6
34493.0,80.0,TCP,0.005,5.0,479.0,1,192,168,220,16,192,168,100,6
49511.0,445.0,TCP,0.001,2.0,174.0,0,192,168,220,12,192,168,100,5
60392.0,80.0,TCP,0.002,5.0,479.0,1,192,168,220,16,192,168,100,6
137.0,137.0,UDP,0.0,1.0,92.0,0,192,168,220,6,192,168,220,255
445.0,48888.0,TCP,0.0,1.0,70.0,0,192,168,100,5,192,168,220,15
36137.0,80.0,TCP,0.004,5.0,479.0,1,192,168,220,16,192,168,100,6
49094.0,445.0,TCP,0.005,2.0,174.0,0,192,168,220,8,192,168,100,5
34743.0,445.0,TCP,0.004,2.0,174.0,0,192,168,220,11,192,168,100,5
58844.0,445.0,TCP,0.001,2.0,174.0,0,192,168,220,16,192,168,100,5
59329.0,80.0,TCP,0.003,6.0,545.0,1,192,168,220,16,192,168,100,6
51357.0,2801.0,TCP,0.0,1.0,58.0,1,192,168,220,16,192,168,200,5
51357.0,3828.0,TCP,0.0,1.0,58.0,1,192,168,220,16,192,168,200,9
58483.0,80.0,TCP,0.003,5.0,479.0,1,192,168,220,16,192,168,100,6
137.0,137.0,UDP,0.0,1.0,92.0,0,192,168,220,16,192,168,220,255
43145.0,445.0,TCP,0.003,2.0,174.0,0,192,168,220,4,192,168,100,5
445.0,43183.0,TCP,0.0,1.0,108.0,0,192,168,100,5,192,168,200,4
33122.0,80.0,TCP,0.002,5.0,479.0,1,192,168,220,16,192,168,100,6
445.0,43145.0,TCP,0.0,1.0,108.0,0,192,168,100,5,192,168,220,4
60689.0,445.0,TCP,0.004,2.0,174.0,0,192,168,220,13,192,168,100,5
37884.0,445.0,TCP,0.004,2.0,174.0,0,192,168,220,9,192,168,100,5
445.0,43145.0,TCP,0.0,1.0,108.0,0,192,168,100,5,192,168,220,4
43183.0,445.0,TCP,0.004,2.0,174.0,0,192,168,200,4,192,168,100,5
58765.0,80.0,TCP,0.003,5.0,479.0,1,192,168,220,16,192,168,100,6
51146.0,445.0,TCP,0.004,2.0,174.0,0,192,168,220,5,192,168,100,5
40239.0,445.0,TCP,0.004,2.0,174.0,0,192,168,220,10,192,168,100,5
49094.0,445.0,TCP,0.004,2.0,174.0,0,192,168,220,8,192,168,100,5
57787.0,80.0,TCP,0.002,5.0,479.0,1,192,168,220,16,192,168,100,6
35716.0,80.0,TCP,0.004,5.0,479.0,1,192,168,220,16,192,168,100,6
58490.0,80.0,TCP,0.006,5.0,479.0,1,192,168,220,16,192,168,100,6
49094.0,445.0,TCP,0.002,2.0,174.0,0,192,168,220,8,192,168,100,5
36082.0,80.0,TCP,0.003,5.0,479.0,1,192,168,220,16,192,168,100,6
445.0,37884.0,TCP,0.0,1.0,108.0,0,192,168,100,5,192,168,220,9
58320.0,80.0,TCP,0.006,6.0,545.0,1,192,168,220,16,192,168,100,6
445.0,37191.0,TCP,0.0,1.0,108.0,0,192,168,100,5,192,168,220,7
46709.0,445.0,TCP,0.005,2.0,174.0,0,192,168,220,6,192,168,100,5
445.0,37191.0,TCP,0.0,1.0,108.0,0,192,168,100,5,192,168,220,7
37884.0,445.0,TCP,0.002,2.0,174.0,0,192,168,220,9,192,168,100,5
445.0,34743.0,TCP,0.0,1.0,108.0,0,192,168,100,5,192,168,220,11
40239.0,445.0,TCP,0.003,2.0,174.0,0,192,168,220,10,192,168,100,5
58500.0,80.0,TCP,0.003,6.0,545.0,1,192,168,220,16,192,168,100,6
40239.0,445.0,TCP,0.002,2.0,174.0,0,192,168,220,10,192,168,100,5
445.0,40239.0,TCP,0.0,1.0,108.0,0,192,168,100,5,192,168,220,10
60775.0,80.0,TCP,0.005,5.0,479.0,1,192,168,220,16,192,168,100,6
49511.0,445.0,TCP,0.003,2.0,174.0,0,192,168,220,12,192,168,100,5
46808.0,445.0,TCP,0.003,2.0,174.0,0,192,168,200,5,192,168,100,5
445.0,49094.0,TCP,0.0,1.0,108.0,0,192,168,100,5,192,168,220,8
58369.0,80.0,TCP,0.005,6.0,545.0,1,192,168,220,16,192,168,100,6
59077.0,80.0,TCP,0.003,6.0,545.0,1,192,168,220,16,192,168,100,6
46755.0,57345.0,TCP,0.0,1.0,58.0,0,192,168,220,16,192,168,210,5
34201.0,80.0,TCP,0.006,5.0,479.0,1,192,168,220,16,192,168,100,6
56853.0,80.0,TCP,0.006,6.0,545.0,1,192,168,220,16,192,168,100,6
59929.0,80.0,TCP,0.005,6.0,545.0,1,192,168,220,16,192,168,100,6
43145.0,445.0,TCP,0.0,1.0,66.0,0,192,168,220,4,192,168,100,5
59094.0,80.0,TCP,0.005,5.0,479.0,1,192,168,220,16,192,168,100,6
58831.0,80.0,TCP,0.002,5.0,479.0,1,192,168,220,16,192,168,100,6
445.0,51146.0,TCP,0.0,1.0,108.0,0,192,168,100,5,192,168,220,5
60434.0,80.0,TCP,0.005,5.0,479.0,1,192,168,220,16,192,168,100,6
445.0,43145.0,TCP,0.0,1.0,108.0,0,192,168,100,5,192,168,220,4
445.0,37191.0,TCP,0.0,1.0,108.0,0,192,168,100,5,192,168,220,7
58490.0,80.0,TCP,0.004,5.0,479.0,1,192,168,220,16,192,168,100,6
57949.0,80.0,TCP,0.004,5.0,479.0,1,192,168,220,16,192,168,100,6
46756.0,3389.0,TCP,0.0,1.0,58.0,1,192,168,220,16,192,168,210,5
57765.0,80.0,TCP,0.003,6.0,545.0,1,192,168,220,16,192,168,100,6
46808.0,445.0,TCP,0.001,2.0,174.0,0,192,168,200,5,192,168,100,5
51550.0,80.0,TCP,0.005,2.0,112.0,1,192,168,220,16,192,168,100,6
445.0,40239.0,TCP,0.0,1.0,70.0,0,192,168,100,5,192,168,220,10
58028.0,80.0,TCP,0.005,5.0,479.0,1,192,168,220,16,192,168,100,6
46709.0,445.0,TCP,0.005,2.0,174.0,0,192,168,220,6,192,168,100,5
138.0,138.0,UDP,0.0,1.0,262.0,0,192,168,220,7,192,168,220,255
445.0,51146.0,TCP,0.0,1.0,108.0,0,192,168,100,5,192,168,220,5
34743.0,445.0,TCP,0.005,2.0,174.0,0,192,168,220,11,192,168,100,5
445.0,43145.0,TCP,0.0,1.0,70.0,0,192,168,100,5,192,168,220,4
37191.0,445.0,TCP,0.0,1.0,66.0,0,192,168,220,7,192,168,100,5
35189.0,80.0,TCP,0.003,5.0,479.0,1,192,168,220,16,192,168,100,6
445.0,37884.0,TCP,0.0,1.0,108.0,0,192,168,100,5,192,168,220,9
445.0,43145.0,TCP,0.0,1.0,108.0,0,192,168,100,5,192,168,220,4
33777.0,80.0,TCP,0.004,5.0,479.0,1,192,168,220,16,192,168,100,6
57809.0,80.0,TCP,0.004,5.0,479.0,1,192,168,220,16,192,168,100,6
48888.0,445.0,TCP,0.004,2.0,174.0,0,192,168,220,15,192,168,100,5
49511.0,445.0,TCP,0.003,2.0,174.0,0,192,168,220,12,192,168,100,5
58844.0,445.0,TCP,0.004,2.0,174.0,0,192,168,220,16,192,168,100,5
49094.0,445.0,TCP,0.0,2.0,174.0,0,192,168,220,8,192,168,100,5
445.0,48888.0,TCP,0.0,1.0,108.0,0,192,168,100,5,192,168,220,15
37191.0,445.0,TCP,0.005,2.0,174.0,0,192,168,220,7,192,168,100,5
445.0,40239.0,TCP,0.0,1.0,108.0,0,192,168,100,5,192,168,220,10
445.0,40239.0,TCP,0.0,1.0,108.0,0,192,168,100,5,192,168,220,10
37191.0,445.0,TCP,0.0,1.0,66.0,0,192,168,220,7,192,168,100,5
58922.0,80.0,TCP,0.004,5.0,479.0,1,192,168,220,16,192,168,100,6
137.0,137.0,UDP,0.0,1.0,92.0,0,192,168,220,4,192,168,220,255
43145.0,445.0,TCP,0.004,2.0,174.0,0,192,168,220,4,192,168,100,5
445.0,43183.0,TCP,0.0,1.0,108.0,0,192,168,100,5,192,168,200,4
33085.0,80.0,TCP,0.003,5.0,479.0,1,192,168,220,16,192,168,100,6
58009.0,80.0,TCP,0.005,5.0,479.0,1,192,168,220,16,192,168,100,6
58136.0,80.0,TCP,0.006,5.0,479.0,1,192,168,220,16,192,168,100,6
49094.0,445.0,TCP,0.002,2.0,174.0,0,192,168,220,8,192,168,100,5
58314.0,80.0,TCP,0.005,5.0,479.0,1,192,168,220,16,192,168,100,6
51479.0,25.0,TCP,0.0,1.0,58.0,1,192,168,220,16,192,168,200,4
445.0,48888.0,TCP,0.0,1.0,108.0,0,192,168,100,5,192,168,220,15
46808.0,445.0,TCP,0.0,1.0,66.0,0,192,168,200,5,192,168,100,5
57850.0,80.0,TCP,0.002,6.0,545.0,1,192,168,220,16,192,168,100,6
58869.0,80.0,TCP,0.003,6.0,545.0,1,192,168,220,16,192,168,100,6
37884.0,445.0,TCP,0.003,2.0,174.0,0,192,168,220,9,192,168,100,5
59612.0,80.0,TCP,0.005,5.0,479.0,1,192,168,220,16,192,168,100,6
58844.0,445.0,TCP,0.001,2.0,174.0,0,192,168,220,16,192,168,100,5
59078.0,80.0,TCP,0.005,5.0,479.0,1,192,168,220,16,192,168,100,6
37191.0,445.0,TCP,0.002,2.0,174.0,0,192,168,220,7,192,168,100,5
43183.0,445.0,TCP,0.004,2.0,174.0,0,192,168,200,4,192,168,100,5
35204.0,80.0,TCP,0.003,5.0,479.0,1,192,168,220,16,192,168,100,6
58407.0,80.0,TCP,0.003,5.0,479.0,1,192,168,220,16,192,168,100,6
37176.0,80.0,TCP,0.003,5.0,479.0,1,192,168,220,16,192,168,100,6
445.0,34743.0,TCP,0.0,1.0,108.0,0,192,168,100,5,192,168,220,11
58844.0,445.0,TCP,0.003,2.0,174.0,0,192,168,220,16,192,168,100,5
34743.0,445.0,TCP,0.002,2.0,174.0,0,192,168,220,11,192,168,100,5
445.0,43183.0,TCP,0.0,1.0,108.0,0,192,168,100,5,192,168,200,4
40239.0,445.0,TCP,0.0,2.0,174.0,0,192,168,220,10,192,168,100,5
35242.0,80.0,TCP,0.004,6.0,545.0,1,192,168,220,16,192,168,100,6
35308.0,80.0,TCP,0.002,5.0,479.0,1,192,168,220,16,192,168,100,6
49094.0,445.0,TCP,0.003,2.0,174.0,0,192,168,220,8,192,168,100,5
59053.0,80.0,TCP,0.004,6.0,545.0,1,192,168,220,16,192,168,100,6
37191.0,445.0,TCP,0.002,2.0,174.0,0,192,168,220,7,192,168,100,5
138.0,138.0,UDP,0.0,1.0,262.0,0,192,168,220,5,192,168,220,255
445.0,43183.0,TCP,0.0,1.0,108.0,0,192,168,100,5,192,168,200,4
37191.0,445.0,TCP,0.002,2.0,174.0,0,192,168,220,7,192,168,100,5
59470.0,80.0,TCP,0.006,5.0,479.0,1,192,168,220,16,192,168,100,6
51358.0,50000.0,TCP,0.0,1.0,58.0,1,192,168,220,16,192,168,200,8
59692.0,80.0,TCP,0.005,6.0,545.0,1,192,168,220,16,192,168,100,6
51146.0,445.0,TCP,0.002,2.0,174.0,0,192,168,220,5,192,168,100,5
59935.0,80.0,TCP,0.004,5.0,479.0,1,192,168,220,16,192,168,100,6
51146.0,445.0,TCP,0.005,2.0,174.0,0,192,168,220,5,192,168,100,5
44282.0,80.0,TCP,0.0,1.0,66.0,0,192,168,220,15,192,168,100,6
40239.0,445.0,TCP,0.004,2.0,174.0,0,192,168,220,10,192,168,100,5
57855.0,80.0,TCP,0.004,6.0,545.0,1,192,168,220,16,192,168,100,6
60689.0,445.0,TCP,0.003,2.0,174.0,0,192,168,220,13,192,168,100,5
57776.0,80.0,TCP,0.004,5.0,479.0,1,192,168,220,16,192,168,100,6
35335.0,80.0,TCP,0.006,6.0,545.0,1,192,168,220,16,192,168,100,6
137.0,137.0,UDP,0.0,1.0,92.0,0,192,168,220,15,192,168,220,255
46828.0,22.0,TCP,0.852,7.0,1844.0,0,192,168,220,5,192,168,100,4
43183.0,445.0,TCP,0.006,2.0,174.0,0,192,168,200,4,192,168,100,5
58844.0,445.0,TCP,0.001,2.0,174.0,0,192,168,220,16,192,168,100,5
445.0,37884.0,TCP,0.0,1.0,108.0,0,192,168,100,5,192,168,220,9
43145.0,445.0,TCP,0.0,1.0,66.0,0,192,168,220,4,192,168,100,5
60422.0,80.0,TCP,0.004,5.0,479.0,1,192,168,220,16,192,168,100,6
58844.0,445.0,TCP,0.0,1.0,66.0,0,192,168,220,16,192,168,100,5
49511.0,445.0,TCP,0.0,1.0,66.0,0,192,168,220,12,192,168,100,5
51357.0,36.0,TCP,0.0,1.0,58.0,1,192,168,220,16,192,168,200,5
138.0,138.0,UDP,0.0,1.0,262.0,0,192,168,100,5,192,168,100,255
36837.0,80.0,TCP,0.004,6.0,545.0,1,192,168,220,16,192,168,100,6
445.0,34743.0,TCP,0.0,1.0,108.0,0,192,168,100,5,192,168,220,11
57564.0,80.0,TCP,0.004,5.0,479.0,1,192,168,220,16,192,168,100,6
51357.0,32778.0,TCP,0.0,1.0,58.0,1,192,168,220,16,192,168,200,8
37884.0,445.0,TCP,0.002,2.0,174.0,0,192,168,220,9,192,168,100,5
34743.0,445.0,TCP,0.0,2.0,174.0,0,192,168,220,11,192,168,100,5
49094.0,445.0,TCP,0.0,1.0,66.0,0,192,168,220,8,192,168,100,5
59654.0,80.0,TCP,0.004,6.0,545.0,1,192,168,220,16,192,168,100,6
445.0,46709.0,TCP,0.0,1.0,108.0,0,192,168,100,5,192,168,220,6
137.0,137.0,UDP,0.0,1.0,92.0,0,192,168,220,13,192,168,220,255
137.0,137.0,UDP,0.0,1.0,92.0,0,192,168,220,13,192,168,220,255
445.0,46808.0,TCP,0.0,1.0,108.0,0,192,168,100,5,192,168,200,5
137.0,137.0,UDP,0.0,1.0,92.0,0,192,168,220,13,192,168,220,255
137.0,137.0,UDP,0.0,1.0,92.0,0,192,168,220,8,192,168,220,255
445.0,49511.0,TCP,0.0,1.0,108.0,0,192,168,100,5,192,168,220,12
60689.0,445.0,TCP,0.002,2.0,174.0,0,192,168,220,13,192,168,100,5
46709.0,445.0,TCP,0.0,2.0,174.0,0,192,168,220,6,192,168,100,5
59097.0,80.0,TCP,0.003,5.0,479.0,1,192,168,220,16,192,168,100,6
445.0,52321.0,TCP,0.0,1.0,108.0,0,192,168,100,5,192,168,220,14
445.0,37884.0,TCP,0.0,1.0,108.0,0,192,168,100,5,192,168,220,9
445.0,49511.0,TCP,0.0,1.0,108.0,0,192,168,100,5,192,168,220,12
445.0,46808.0,TCP,0.0,1.0,108.0,0,192,168,100,5,192,168,200,5
445.0,60689.0,TCP,0.0,1.0,108.0,0,192,168,100,5,192,168,220,13
51357.0,3389.0,TCP,0.0,1.0,58.0,1,192,168,220,16,192,168,200,2
51357.0,1124.0,TCP,0.0,1.0,58.0,1,192,168,220,16,192,168,200,9
137.0,137.0,UDP,0.0,1.0,92.0,0,192,168,220,8,192,168,220,255
445.0,37191.0,TCP,0.0,1.0,108.0,0,192,168,100,5,192,168,220,7
52321.0,445.0,TCP,0.003,2.0,174.0,0,192,168,220,14,192,168,100,5
138.0,138.0,UDP,0.0,2.0,514.0,0,192,168,200,3,192,168,200,255
33135.0,80.0,TCP,0.005,5.0,479.0,1,192,168,220,16,192,168,100,6
36299.0,80.0,TCP,0.004,5.0,479.0,1,192,168,220,16,192,168,100,6
51357.0,1043.0,TCP,0.0,1.0,58.0,1,192,168,220,16,192,168,200,9
46709.0,445.0,TCP,0.003,2.0,174.0,0,192,168,220,6,192,168,100,5
34306.0,80.0,TCP,0.005,5.0,479.0,1,192,168,220,16,192,168,100,6
445.0,40239.0,TCP,0.0,1.0,108.0,0,192,168,100,5,192,168,220,10
445.0,60689.0,TCP,0.0,1.0,108.0,0,192,168,100,5,192,168,220,13
137.0,137.0,UDP,0.0,1.0,92.0,0,192,168,220,14,192,168,220,255
445.0,46709.0,TCP,0.0,1.0,108.0,0,192,168,100,5,192,168,220,6
51357.0,1587.0,TCP,0.0,1.0,58.0,1,192,168,220,16,192,168,200,5
445.0,37191.0,TCP,0.0,1.0,108.0,0,192,168,100,5,192,168,220,7
445.0,49094.0,TCP,0.0,1.0,108.0,0,192,168,100,5,192,168,220,8
48888.0,445.0,TCP,0.0,1.0,66.0,0,192,168,220,15,192,168,100,5
58715.0,80.0,TCP,0.002,5.0,479.0,1,192,168,220,16,192,168,100,6
58991.0,80.0,TCP,0.0069999999999999,5.0,479.0,1,192,168,220,16,192,168,100,6
445.0,60689.0,TCP,0.0,1.0,108.0,0,192,168,100,5,192,168,220,13
138.0,138.0,UDP,0.0,1.0,243.0,0,192,168,200,8,192,168,200,255
59947.0,80.0,TCP,0.003,5.0,479.0,1,192,168,220,16,192,168,100,6
445.0,52321.0,TCP,0.0,1.0,108.0,0,192,168,100,5,192,168,220,14
56739.0,80.0,TCP,0.006,6.0,545.0,1,192,168,220,16,192,168,100,6
445.0,51146.0,TCP,0.0,1.0,108.0,0,192,168,100,5,192,168,220,5
55915.0,80.0,TCP,0.003,6.0,545.0,1,192,168,220,16,192,168,100,6
445.0,34743.0,TCP,0.0,1.0,108.0,0,192,168,100,5,192,168,220,11
46808.0,445.0,TCP,0.002,2.0,174.0,0,192,168,200,5,192,168,100,5
60689.0,445.0,TCP,0.002,2.0,174.0,0,192,168,220,13,192,168,100,5
445.0,51146.0,TCP,0.0,1.0,108.0,0,192,168,100,5,192,168,220,5
56563.0,80.0,TCP,0.005,6.0,545.0,1,192,168,220,16,192,168,100,6
57842.0,80.0,TCP,0.003,5.0,479.0,1,192,168,220,16,192,168,100,6
58575.0,80.0,TCP,0.004,6.0,545.0,1,192,168,220,16,192,168,100,6
52337.0,80.0,TCP,0.003,5.0,479.0,1,192,168,220,16,192,168,100,6
445.0,43183.0,TCP,0.0,1.0,108.0,0,192,168,100,5,192,168,200,4
35277.0,80.0,TCP,0.005,5.0,479.0,1,192,168,220,16,192,168,100,6
59360.0,80.0,TCP,0.006,5.0,479.0,1,192,168,220,16,192,168,100,6
49094.0,445.0,TCP,0.002,2.0,174.0,0,192,168,220,8,192,168,100,5
138.0,138.0,UDP,0.0,1.0,262.0,0,192,168,100,4,192,168,100,255
60832.0,80.0,TCP,0.004,5.0,479.0,1,192,168,220,16,192,168,100,6
57938.0,80.0,TCP,0.006,5.0,479.0,1,192,168,220,16,192,168,100,6
51357.0,1166.0,TCP,0.0,1.0,58.0,1,192,168,220,16,192,168,200,9
51357.0,1063.0,TCP,0.0,1.0,58.0,1,192,168,220,16,192,168,200,8
137.0,137.0,UDP,0.0,1.0,92.0,0,192,168,220,10,192,168,220,255
43145.0,445.0,TCP,0.003,2.0,174.0,0,192,168,220,4,192,168,100,5
445.0,46808.0,TCP,0.0,1.0,108.0,0,192,168,100,5,192,168,200,5
37884.0,445.0,TCP,0.003,2.0,174.0,0,192,168,220,9,192,168,100,5
445.0,60689.0,TCP,0.0,1.0,108.0,0,192,168,100,5,192,168,220,13
60264.0,80.0,TCP,0.005,5.0,479.0,1,192,168,220,16,192,168,100,6
49511.0,445.0,TCP,0.003,2.0,174.0,0,192,168,220,12,192,168,100,5
57731.0,80.0,TCP,0.002,5.0,479.0,1,192,168,220,16,192,168,100,6
138.0,138.0,UDP,0.0,1.0,262.0,0,192,168,220,14,192,168,220,255
46709.0,445.0,TCP,0.003,2.0,174.0,0,192,168,220,6,192,168,100,5
49094.0,445.0,TCP,0.004,2.0,174.0,0,192,168,220,8,192,168,100,5
46756.0,3389.0,TCP,0.0,1.0,58.0,1,192,168,220,16,192,168,210,5
58664.0,80.0,TCP,0.005,6.0,545.0,1,192,168,220,16,192,168,100,6
57931.0,80.0,TCP,0.003,5.0,479.0,1,192,168,220,16,192,168,100,6
35254.0,80.0,TCP,0.004,6.0,545.0,1,192,168,220,16,192,168,100,6
51146.0,445.0,TCP,0.002,2.0,174.0,0,192,168,220,5,192,168,100,5
36536.0,80.0,TCP,0.004,5.0,479.0,1,192,168,220,16,192,168,100,6
46808.0,445.0,TCP,0.003,2.0,174.0,0,192,168,200,5,192,168,100,5
58568.0,80.0,TCP,0.004,5.0,479.0,1,192,168,220,16,192,168,100,6
34537.0,80.0,TCP,0.003,6.0,545.0,1,192,168,220,16,192,168,100,6
34743.0,445.0,TCP,0.003,2.0,174.0,0,192,168,220,11,192,168,100,5
37884.0,445.0,TCP,0.0,1.0,66.0,0,192,168,220,9,192,168,100,5
51357.0,5666.0,TCP,0.0,1.0,58.0,1,192,168,220,16,192,168,200,1
445.0,49094.0,TCP,0.0,1.0,108.0,0,192,168,100,5,192,168,220,8
51357.0,10623.0,TCP,0.0,1.0,58.0,1,192,168,220,16,192,168,200,9
48888.0,445.0,TCP,0.002,2.0,174.0,0,192,168,220,15,192,168,100,5
34123.0,80.0,TCP,0.003,5.0,479.0,1,192,168,220,16,192,168,100,6
35254.0,80.0,TCP,0.005,5.0,479.0,1,192,168,220,16,192,168,100,6
57822.0,80.0,TCP,0.004,5.0,479.0,1,192,168,220,16,192,168,100,6
445.0,52321.0,TCP,0.0,1.0,108.0,0,192,168,100,5,192,168,220,14
57298.0,80.0,TCP,0.003,6.0,545.0,1,192,168,220,16,192,168,100,6
35607.0,80.0,TCP,0.004,5.0,479.0,1,192,168,220,16,192,168,100,6
445.0,46808.0,TCP,0.0,1.0,108.0,0,192,168,100,5,192,168,200,5
56649.0,80.0,TCP,0.004,5.0,479.0,1,192,168,220,16,192,168,100,6
33929.0,80.0,TCP,0.004,5.0,479.0,1,192,168,220,16,192,168,100,6
57714.0,80.0,TCP,0.005,5.0,479.0,1,192,168,220,16,192,168,100,6
445.0,58844.0,TCP,0.0,1.0,108.0,0,192,168,100,5,192,168,220,16
51357.0,1967.0,TCP,0.0,1.0,58.0,1,192,168,220,16,192,168,200,5
445.0,48888.0,TCP,0.0,1.0,108.0,0,192,168,100,5,192,168,220,15
56725.0,80.0,TCP,0.006,6.0,545.0,1,192,168,220,16,192,168,100,6
137.0,137.0,UDP,0.0,1.0,92.0,0,192,168,220,15,192,168,220,255
59106.0,80.0,TCP,0.006,5.0,479.0,1,192,168,220,16,192,168,100,6
59333.0,80.0,TCP,0.005,5.0,479.0,1,192,168,220,16,192,168,100,6
445.0,60689.0,TCP,0.0,1.0,108.0,0,192,168,100,5,192,168,220,13
57295.0,80.0,TCP,0.005,5.0,479.0,1,192,168,220,16,192,168,100,6
445.0,58844.0,TCP,0.0,1.0,108.0,0,192,168,100,5,192,168,220,16
445.0,46808.0,TCP,0.0,1.0,108.0,0,192,168,100,5,192,168,200,5
37884.0,445.0,TCP,0.003,2.0,174.0,0,192,168,220,9,192,168,100,5
51357.0,32777.0,TCP,0.0,1.0,58.0,1,192,168,220,16,192,168,200,5
57564.0,80.0,TCP,0.003,5.0,479.0,1,192,168,220,16,192,168,100,6
51358.0,5100.0,TCP,0.0,1.0,58.0,1,192,168,220,16,192,168,200,8
58719.0,80.0,TCP,0.006,6.0,545.0,1,192,168,220,16,192,168,100,6
56252.0,80.0,TCP,0.005,6.0,545.0,1,192,168,220,16,192,168,100,6
59156.0,80.0,TCP,0.0069999999999999,6.0,545.0,1,192,168,220,16,192,168,100,6
37191.0,445.0,TCP,0.001,2.0,174.0,0,192,168,220,7,192,168,100,5
57954.0,80.0,TCP,0.004,6.0,545.0,1,192,168,220,16,192,168,100,6
58672.0,80.0,TCP,0.004,5.0,479.0,1,192,168,220,16,192,168,100,6
445.0,46808.0,TCP,0.0,1.0,108.0,0,192,168,100,5,192,168,200,5
49511.0,445.0,TCP,0.002,2.0,174.0,0,192,168,220,12,192,168,100,5
59029.0,80.0,TCP,0.006,5.0,479.0,1,192,168,220,16,192,168,100,6
46755.0,993.0,TCP,0.0,1.0,58.0,1,192,168,220,16,192,168,210,5
445.0,43183.0,TCP,0.0,1.0,108.0,0,192,168,100,5,192,168,200,4
34743.0,445.0,TCP,0.003,2.0,174.0,0,192,168,220,11,192,168,100,5
51357.0,8084.0,TCP,0.0,1.0,58.0,1,192,168,220,16,192,168,200,5
445.0,46709.0,TCP,0.0,1.0,108.0,0,192,168,100,5,192,168,220,6
48888.0,445.0,TCP,0.002,2.0,174.0,0,192,168,220,15,192,168,100,5
51357.0,49171.0,TCP,0.0,1.0,58.0,1,192,168,220,16,192,168,200,8
59099.0,80.0,TCP,0.003,6.0,545.0,1,192,168,220,16,192,168,100,6
34743.0,445.0,TCP,0.004,2.0,174.0,0,192,168,220,11,192,168,100,5
57545.0,80.0,TCP,0.003,6.0,545.0,1,192,168,220,16,192,168,100,6
60264.0,80.0,TCP,0.005,6.0,545.0,1,192,168,220,16,192,168,100,6
46755.0,58923.0,TCP,0.0,1.0,58.0,1,192,168,220,16,192,168,210,5
445.0,58844.0,TCP,0.0,1.0,108.0,0,192,168,100,5,192,168,220,16
445.0,51146.0,TCP,0.0,1.0,108.0,0,192,168,100,5,192,168,220,5
445.0,46709.0,TCP,0.0,1.0,108.0,0,192,168,100,5,192,168,220,6
60882.0,80.0,TCP,0.004,5.0,479.0,1,192,168,220,16,192,168,100,6
445.0,51146.0,TCP,0.0,1.0,108.0,0,192,168,100,5,192,168,220,5
445.0,52321.0,TCP,0.0,1.0,108.0,0,192,168,100,5,192,168,220,14
60508.0,80.0,TCP,0.004,5.0,479.0,1,192,168,220,16,192,168,100,6
35309.0,80.0,TCP,0.003,5.0,479.0,1,192,168,220,16,192,168,100,6
35299.0,80.0,TCP,0.005,5.0,479.0,1,192,168,220,16,192,168,100,6
60625.0,80.0,TCP,0.002,5.0,479.0,1,192,168,220,16,192,168,100,6
445.0,37191.0,TCP,0.0,1.0,108.0,0,192,168,100,5,192,168,220,7
51357.0,46725.0,TCP,0.0,1.0,58.0,1,192,168,220,16,192,168,200,9
34534.0,80.0,TCP,0.005,5.0,479.0,1,192,168,220,16,192,168,100,6
58266.0,80.0,TCP,0.005,6.0,545.0,1,192,168,220,16,192,168,100,6
58218.0,80.0,TCP,0.009,5.0,479.0,1,192,168,220,16,192,168,100,6
58095.0,80.0,TCP,0.005,5.0,479.0,1,192,168,220,16,192,168,100,6
445.0,43183.0,TCP,0.0,1.0,108.0,0,192,168,100,5,192,168,200,4
445.0,46709.0,TCP,0.0,1.0,108.0,0,192,168,100,5,192,168,220,6
445.0,48888.0,TCP,0.0,1.0,108.0,0,192,168,220,9,192,168,220,15
51358.0,1065.0,TCP,0.0,1.0,58.0,1,192,168,220,16,192,168,200,8
445.0,60689.0,TCP,0.0,1.0,108.0,0,192,168,100,5,192,168,220,13
36734.0,80.0,TCP,0.005,6.0,545.0,1,192,168,220,16,192,168,100,6
58639.0,80.0,TCP,0.006,5.0,479.0,1,192,168,220,16,192,168,100,6
137.0,137.0,UDP,0.0,1.0,92.0,0,192,168,220,14,192,168,220,255
58212.0,80.0,TCP,0.003,6.0,545.0,1,192,168,220,16,192,168,100,6
51358.0,1175.0,TCP,0.0,1.0,58.0,1,192,168,220,16,192,168,200,8
51473.0,25.0,TCP,0.0,1.0,58.0,1,192,168,220,16,192,168,200,5
49511.0,445.0,TCP,0.002,2.0,174.0,0,192,168,220,12,192,168,100,5
57886.0,80.0,TCP,0.005,5.0,479.0,1,192,168,220,16,192,168,100,6
138.0,138.0,UDP,0.0,1.0,262.0,0,192,168,220,7,192,168,220,255
59616.0,80.0,TCP,0.002,5.0,479.0,1,192,168,220,16,192,168,100,6
35751.0,80.0,TCP,0.004,5.0,479.0,1,192,168,220,16,192,168,100,6
59498.0,80.0,TCP,0.0069999999999999,5.0,479.0,1,192,168,220,16,192,168,100,6
445.0,46808.0,TCP,0.0,1.0,108.0,0,192,168,100,5,192,168,200,5
445.0,46808.0,TCP,0.0,1.0,70.0,0,192,168,100,5,192,168,200,5
138.0,138.0,UDP,0.0,1.0,262.0,0,192,168,220,7,192,168,220,255
60689.0,445.0,TCP,0.004,2.0,174.0,0,192,168,220,13,192,168,100,5
48888.0,445.0,TCP,0.004,2.0,174.0,0,192,168,220,15,192,168,100,5
46709.0,445.0,TCP,0.004,2.0,174.0,0,192,168,220,6,192,168,100,5
58844.0,445.0,TCP,0.001,2.0,174.0,0,192,168,220,16,192,168,100,5
46808.0,445.0,TCP,0.0,1.0,66.0,0,192,168,200,5,192,168,100,5
60233.0,80.0,TCP,0.003,5.0,479.0,1,192,168,220,16,192,168,100,6
43183.0,445.0,TCP,0.003,2.0,174.0,0,192,168,200,4,192,168,100,5
445.0,37191.0,TCP,0.0,1.0,108.0,0,192,168,100,5,192,168,220,7
60186.0,80.0,TCP,0.005,6.0,545.0,1,192,168,220,16,192,168,100,6
58970.0,80.0,TCP,0.001,5.0,479.0,1,192,168,220,16,192,168,100,6
51357.0,1055.0,TCP,0.0,1.0,58.0,1,192,168,220,16,192,168,200,9
445.0,40239.0,TCP,0.0,1.0,108.0,0,192,168,100,5,192,168,220,10
51357.0,1718.0,TCP,0.0,1.0,58.0,1,192,168,220,16,192,168,200,1
445.0,49511.0,TCP,0.0,1.0,108.0,0,192,168,100,5,192,168,220,12
59638.0,80.0,TCP,0.003,5.0,479.0,1,192,168,220,16,192,168,100,6
51357.0,1037.0,TCP,0.0,1.0,58.0,1,192,168,220,16,192,168,200,1
51357.0,8102.0,TCP,0.0,1.0,58.0,1,192,168,220,16,192,168,200,3
59139.0,80.0,TCP,0.003,5.0,479.0,1,192,168,220,16,192,168,100,6
49094.0,445.0,TCP,0.004,2.0,174.0,0,192,168,220,8,192,168,100,5
58223.0,80.0,TCP,0.005,6.0,545.0,1,192,168,220,16,192,168,100,6
51146.0,445.0,TCP,0.003,2.0,174.0,0,192,168,220,5,192,168,100,5
56561.0,80.0,TCP,0.004,5.0,479.0,1,192,168,220,16,192,168,100,6
445.0,37191.0,TCP,0.0,1.0,108.0,0,192,168,100,5,192,168,220,7
57907.0,80.0,TCP,0.004,5.0,479.0,1,192,168,220,16,192,168,100,6
445.0,48888.0,TCP,0.0,1.0,70.0,0,192,168,100,5,192,168,220,15
35809.0,80.0,TCP,0.003,5.0,479.0,1,192,168,220,16,192,168,100,6
58844.0,80.0,TCP,0.003,6.0,545.0,1,192,168,220,16,192,168,100,5
51357.0,8.0,TCP,0.0,1.0,58.0,1,192,168,220,16,192,168,200,5
445.0,58844.0,TCP,0.0,1.0,108.0,0,192,168,100,5,192,168,220,16
445.0,60689.0,TCP,0.0,1.0,108.0,0,192,168,100,5,192,168,220,13
60023.0,80.0,TCP,0.003,5.0,479.0,1,192,168,220,16,192,168,100,6
445.0,34743.0,TCP,0.0,1.0,108.0,0,192,168,100,5,192,168,220,11
445.0,43183.0,TCP,0.0,1.0,108.0,0,192,168,100,5,192,168,200,4
40239.0,445.0,TCP,0.005,2.0,174.0,0,192,168,220,10,192,168,100,5
51146.0,445.0,TCP,0.002,2.0,174.0,0,192,168,220,5,192,168,100,5
49094.0,445.0,TCP,0.0,1.0,66.0,0,192,168,220,8,192,168,100,5
445.0,43183.0,TCP,0.0,1.0,108.0,0,192,168,100,5,192,168,200,4
57840.0,80.0,TCP,0.004,6.0,545.0,1,192,168,220,16,192,168,100,6
445.0,37191.0,TCP,0.0,1.0,108.0,0,192,168,100,5,192,168,220,7
59114.0,80.0,TCP,0.005,5.0,479.0,1,192,168,220,16,192,168,100,6
46755.0,722.0,TCP,0.0,1.0,58.0,1,192,168,220,16,192,168,210,5
58333.0,80.0,TCP,0.003,5.0,479.0,1,192,168,220,16,192,168,100,6
445.0,58844.0,TCP,0.0,1.0,108.0,0,192,168,100,5,192,168,220,16
445.0,51146.0,TCP,0.0,1.0,108.0,0,192,168,100,5,192,168,220,5
58719.0,80.0,TCP,0.004,6.0,545.0,1,192,168,220,16,192,168,100,6
138.0,138.0,UDP,0.0,1.0,262.0,0,192,168,220,4,192,168,220,255
56952.0,80.0,TCP,0.004,5.0,479.0,1,192,168,220,16,192,168,100,6
58536.0,80.0,TCP,0.004,5.0,479.0,1,192,168,220,16,192,168,100,6
57923.0,80.0,TCP,0.006,5.0,479.0,1,192,168,220,16,192,168,100,6
60561.0,80.0,TCP,0.005,5.0,479.0,1,192,168,220,16,192,168,100,6
57835.0,80.0,TCP,0.004,6.0,545.0,1,192,168,220,16,192,168,100,6
46709.0,445.0,TCP,0.002,2.0,174.0,0,192,168,220,6,192,168,100,5
137.0,137.0,UDP,0.0,1.0,92.0,0,192,168,220,16,192,168,220,255
56218.0,80.0,TCP,0.006,5.0,479.0,1,192,168,220,16,192,168,100,6
59136.0,80.0,TCP,0.006,6.0,545.0,1,192,168,220,16,192,168,100,6
137.0,137.0,UDP,0.0,1.0,92.0,0,192,168,100,4,192,168,100,255
57867.0,80.0,TCP,0.003,5.0,479.0,1,192,168,220,16,192,168,100,6
56418.0,80.0,TCP,0.003,5.0,479.0,1,192,168,220,16,192,168,100,6
34743.0,445.0,TCP,0.002,2.0,174.0,0,192,168,220,11,192,168,100,5
445.0,58844.0,TCP,0.0,1.0,108.0,0,192,168,100,5,192,168,220,16
445.0,43145.0,TCP,0.0,1.0,108.0,0,192,168,100,5,192,168,220,4
36141.0,80.0,TCP,0.003,5.0,479.0,1,192,168,220,16,192,168,100,6
445.0,37191.0,TCP,0.0,1.0,108.0,0,192,168,100,5,192,168,220,7
445.0,46709.0,TCP,0.0,1.0,108.0,0,192,168,100,5,192,168,220,6
37029.0,80.0,TCP,0.005,5.0,479.0,1,192,168,220,16,192,168,100,6
60689.0,445.0,TCP,0.001,2.0,174.0,0,192,168,220,13,192,168,100,5
46709.0,445.0,TCP,0.004,2.0,174.0,0,192,168,220,6,192,168,100,5
48888.0,445.0,TCP,0.005,2.0,174.0,0,192,168,220,15,192,168,100,5
445.0,49094.0,TCP,0.0,1.0,108.0,0,192,168,100,5,192,168,220,8
57821.0,80.0,TCP,0.003,5.0,479.0,1,192,168,220,16,192,168,100,6
445.0,49511.0,TCP,0.0,1.0,108.0,0,192,168,100,5,192,168,220,12
37884.0,445.0,TCP,0.003,2.0,174.0,0,192,168,220,9,192,168,100,5
59438.0,80.0,TCP,0.004,5.0,479.0,1,192,168,220,16,192,168,100,6
138.0,138.0,UDP,0.0,1.0,262.0,0,192,168,200,5,192,168,200,255
34924.0,80.0,TCP,0.0,5.0,479.0,1,192,168,220,16,192,168,100,6
46709.0,445.0,TCP,0.002,2.0,174.0,0,192,168,220,6,192,168,100,5
445.0,49094.0,TCP,0.0,1.0,108.0,0,192,168,100,5,192,168,220,8
37884.0,445.0,TCP,0.0,2.0,174.0,0,192,168,220,9,192,168,100,5
46709.0,445.0,TCP,0.005,2.0,174.0,0,192,168,220,6,192,168,100,5
33151.0,80.0,TCP,0.006,6.0,545.0,1,192,168,220,16,192,168,100,6
34279.0,80.0,TCP,0.003,5.0,479.0,1,192,168,220,16,192,168,100,6
445.0,58844.0,TCP,0.0,1.0,108.0,0,192,168,100,5,192,168,220,16
445.0,43183.0,TCP,0.0,1.0,108.0,0,192,168,100,5,192,168,200,4
37884.0,445.0,TCP,0.002,2.0,174.0,0,192,168,220,9,192,168,100,5
59051.0,80.0,TCP,0.006,6.0,545.0,1,192,168,220,16,192,168,100,6
58448.0,80.0,TCP,0.006,5.0,479.0,1,192,168,220,16,192,168,100,6
445.0,49094.0,TCP,0.0,1.0,108.0,0,192,168,100,5,192,168,220,8
49511.0,445.0,TCP,0.003,2.0,174.0,0,192,168,220,12,192,168,100,5
60633.0,80.0,TCP,0.003,5.0,479.0,1,192,168,220,16,192,168,100,6
34109.0,80.0,TCP,0.005,5.0,479.0,1,192,168,220,16,192,168,100,6
34420.0,80.0,TCP,0.003,5.0,479.0,1,192,168,220,16,192,168,100,6
59328.0,80.0,TCP,0.002,5.0,479.0,1,192,168,220,16,192,168,100,6
56989.0,80.0,TCP,0.004,5.0,479.0,1,192,168,220,16,192,168,100,6
137.0,137.0,UDP,0.0,1.0,92.0,0,192,168,220,14,192,168,220,255
57958.0,80.0,TCP,0.006,5.0,479.0,1,192,168,220,16,192,168,100,6
56279.0,80.0,TCP,0.004,5.0,479.0,1,192,168,220,16,192,168,100,6
37191.0,445.0,TCP,0.002,2.0,174.0,0,192,168,220,7,192,168,100,5
58074.0,80.0,TCP,0.005,5.0,479.0,1,192,168,220,16,192,168,100,6
445.0,37884.0,TCP,0.0,1.0,108.0,0,192,168,100,5,192,168,220,9
43183.0,445.0,TCP,0.002,2.0,174.0,0,192,168,200,4,192,168,100,5
445.0,48888.0,TCP,0.0,1.0,108.0,0,192,168,100,5,192,168,220,15
49511.0,445.0,TCP,0.005,2.0,174.0,0,192,168,220,12,192,168,100,5
49094.0,445.0,TCP,0.0,1.0,66.0,0,192,168,220,8,192,168,100,5
37884.0,445.0,TCP,0.002,2.0,174.0,0,192,168,220,9,192,168,100,5
35242.0,80.0,TCP,0.006,5.0,479.0,1,192,168,220,16,192,168,100,6
59054.0,80.0,TCP,0.003,5.0,479.0,1,192,168,220,16,192,168,100,6
58844.0,445.0,TCP,0.0,1.0,66.0,0,192,168,220,16,192,168,100,5
51357.0,1131.0,TCP,0.0,1.0,58.0,1,192,168,220,16,192,168,200,5
51357.0,52673.0,TCP,0.0,1.0,58.0,1,192,168,220,16,192,168,200,9
57776.0,80.0,TCP,0.004,6.0,545.0,1,192,168,220,16,192,168,100,6
35978.0,80.0,TCP,0.004,2.0,174.0,0,192,168,220,8,192,168,100,6
60508.0,80.0,TCP,0.005,5.0,479.0,1,192,168,220,16,192,168,100,6
60343.0,80.0,TCP,0.005,5.0,479.0,1,192,168,220,16,192,168,100,6
34743.0,445.0,TCP,0.002,2.0,174.0,0,192,168,220,11,192,168,100,5
35286.0,80.0,TCP,0.002,5.0,479.0,1,192,168,220,16,192,168,100,6
36105.0,80.0,TCP,0.006,6.0,545.0,1,192,168,220,16,192,168,100,6
445.0,52321.0,TCP,0.0,1.0,108.0,0,192,168,100,5,192,168,220,14
138.0,138.0,UDP,0.0,1.0,262.0,0,192,168,220,8,192,168,220,255
35206.0,80.0,TCP,0.005,5.0,479.0,1,192,168,220,16,192,168,100,6
58845.0,80.0,TCP,0.006,6.0,545.0,1,192,168,220,16,192,168,100,6
445.0,52321.0,TCP,0.0,1.0,108.0,0,192,168,100,5,192,168,220,14
52321.0,445.0,TCP,0.005,2.0,174.0,0,192,168,220,14,192,168,100,5
37191.0,445.0,TCP,0.003,2.0,174.0,0,192,168,220,7,192,168,100,5
32885.0,80.0,TCP,0.005,5.0,479.0,1,192,168,220,16,192,168,100,6
40239.0,445.0,TCP,0.002,2.0,174.0,0,192,168,220,10,192,168,100,5
445.0,49094.0,TCP,0.0,1.0,108.0,0,192,168,100,5,192,168,220,8
59878.0,80.0,TCP,0.006,5.0,479.0,1,192,168,220,16,192,168,100,6
51357.0,1720.0,TCP,0.0,1.0,58.0,1,192,168,220,16,192,168,200,2
445.0,51146.0,TCP,0.0,1.0,108.0,0,192,168,100,5,192,168,220,5
59539.0,80.0,TCP,0.003,5.0,479.0,1,192,168,220,16,192,168,100,6
36530.0,80.0,TCP,0.005,5.0,479.0,1,192,168,220,16,192,168,100,6
5898.0,80.0,TCP,0.006,5.0,479.0,1,192,168,220,16,192,168,100,6
137.0,137.0,UDP,0.0,1.0,92.0,0,192,168,220,13,192,168,220,255
59848.0,80.0,TCP,0.006,6.0,545.0,1,192,168,220,16,192,168,100,6
445.0,37884.0,TCP,0.0,1.0,108.0,0,192,168,100,5,192,168,220,9
445.0,37191.0,TCP,0.0,1.0,108.0,0,192,168,100,5,192,168,220,7
445.0,51146.0,TCP,0.0,2.0,178.0,0,192,168,100,5,192,168,220,5
138.0,138.0,UDP,0.0,1.0,262.0,0,192,168,220,10,192,168,220,255
37191.0,445.0,TCP,0.003,2.0,174.0,0,192,168,220,7,192,168,100,5
46709.0,445.0,TCP,0.002,2.0,174.0,0,192,168,220,6,192,168,100,5
445.0,37191.0,TCP,0.0,1.0,108.0,0,192,168,100,5,192,168,220,7
34756.0,80.0,TCP,0.004,5.0,479.0,1,192,168,220,16,192,168,100,6
49511.0,445.0,TCP,0.001,2.0,174.0,0,192,168,220,12,192,168,100,5
51357.0,8333.0,TCP,0.0,1.0,58.0,1,192,168,220,16,192,168,200,4
59525.0,80.0,TCP,0.002,5.0,479.0,1,192,168,220,16,192,168,100,6
48888.0,445.0,TCP,0.0,1.0,66.0,0,192,168,220,15,192,168,100,5
138.0,138.0,UDP,0.0,1.0,243.0,0,192,168,200,8,192,168,200,255
59139.0,80.0,TCP,0.006,6.0,545.0,1,192,168,220,16,192,168,100,6
445.0,48888.0,TCP,0.0,1.0,70.0,0,192,168,100,5,192,168,220,15
445.0,43145.0,TCP,0.0,1.0,108.0,0,192,168,100,5,192,168,220,4
58667.0,80.0,TCP,0.003,5.0,479.0,1,192,168,220,16,192,168,100,6
36841.0,80.0,TCP,0.003,5.0,479.0,1,192,168,220,16,192,168,100,6
445.0,46808.0,TCP,0.0,1.0,70.0,0,192,168,100,5,192,168,200,5
51358.0,992.0,TCP,0.0,1.0,58.0,1,192,168,220,16,192,168,200,8
445.0,58844.0,TCP,0.0,1.0,108.0,0,192,168,100,5,192,168,220,16
51357.0,1131.0,TCP,0.0,1.0,58.0,1,192,168,220,16,192,168,200,2
51357.0,6567.0,TCP,0.0,1.0,58.0,1,192,168,220,16,192,168,200,8
445.0,52321.0,TCP,0.0,1.0,108.0,0,192,168,100,5,192,168,220,14
51146.0,445.0,TCP,0.005,2.0,174.0,0,192,168,220,5,192,168,100,5
51357.0,8011.0,TCP,0.0,1.0,58.0,1,192,168,220,16,192,168,200,2
445.0,49094.0,TCP,0.0,1.0,108.0,0,192,168,100,5,192,168,220,8
49511.0,445.0,TCP,0.004,2.0,174.0,0,192,168,220,12,192,168,100,5
57517.0,80.0,TCP,0.005,6.0,545.0,1,192,168,220,16,192,168,100,6
34875.0,80.0,TCP,0.004,5.0,479.0,1,192,168,220,16,192,168,100,6
59010.0,80.0,TCP,0.006,5.0,479.0,1,192,168,220,16,192,168,100,6
59887.0,80.0,TCP,0.004,5.0,479.0,1,192,168,220,16,192,168,100,6
58264.0,80.0,TCP,0.005,5.0,479.0,1,192,168,220,16,192,168,100,6
59092.0,80.0,TCP,0.006,5.0,479.0,1,192,168,220,16,192,168,100,6
445.0,52321.0,TCP,0.0,1.0,108.0,0,192,168,100,5,192,168,220,14
445.0,46709.0,TCP,0.0,1.0,108.0,0,192,168,100,5,192,168,220,6
51357.0,8443.0,TCP,0.0,1.0,58.0,1,192,168,220,16,192,168,200,5
56783.0,80.0,TCP,0.005,5.0,479.0,1,192,168,220,16,192,168,100,6
58729.0,80.0,TCP,0.003,5.0,479.0,1,192,168,220,16,192,168,100,6
59458.0,80.0,TCP,0.004,5.0,479.0,1,192,168,220,16,192,168,100,6
56278.0,80.0,TCP,0.006,5.0,479.0,1,192,168,220,16,192,168,100,6
445.0,51146.0,TCP,0.0,1.0,108.0,0,192,168,100,5,192,168,220,5
59994.0,80.0,TCP,0.006,5.0,479.0,1,192,168,220,16,192,168,100,6
445.0,48888.0,TCP,0.0,1.0,108.0,0,192,168,100,5,192,168,220,15
58844.0,445.0,TCP,0.003,2.0,174.0,0,192,168,220,16,192,168,100,5
49511.0,445.0,TCP,0.004,2.0,174.0,0,192,168,220,12,192,168,100,5
58861.0,80.0,TCP,0.002,5.0,479.0,1,192,168,220,16,192,168,100,6
587.0,587.0,TCP,0.0,1.0,66.0,0,192,168,100,4,192,168,220,13
57803.0,80.0,TCP,0.004,6.0,545.0,1,192,168,220,16,192,168,100,6
57724.0,80.0,TCP,0.004,5.0,479.0,1,192,168,220,16,192,168,100,6
43183.0,445.0,TCP,0.004,2.0,174.0,0,192,168,200,4,192,168,100,5
51357.0,1041.0,TCP,0.0,1.0,58.0,1,192,168,220,16,192,168,200,5
58380.0,80.0,TCP,0.005,5.0,479.0,1,192,168,220,16,192,168,100,6
58321.0,80.0,TCP,0.006,6.0,545.0,1,192,168,220,16,192,168,100,6
60671.0,80.0,TCP,0.004,5.0,479.0,1,192,168,220,16,192,168,100,6
445.0,46709.0,TCP,0.0,1.0,108.0,0,192,168,100,5,192,168,220,6
36240.0,80.0,TCP,0.006,5.0,479.0,1,192,168,220,16,192,168,100,6
46808.0,445.0,TCP,0.0,1.0,66.0,0,192,168,200,5,192,168,100,5
59978.0,80.0,TCP,0.0069999999999999,6.0,545.0,1,192,168,220,16,192,168,100,6
58808.0,80.0,TCP,0.006,5.0,479.0,1,192,168,220,16,192,168,100,6
445.0,48888.0,TCP,0.0,1.0,108.0,0,192,168,100,5,192,168,220,15
56034.0,80.0,TCP,0.006,5.0,479.0,1,192,168,220,16,192,168,100,6
51357.0,10080.0,TCP,0.0,1.0,58.0,1,192,168,220,16,192,168,200,8
58227.0,80.0,TCP,0.003,5.0,479.0,1,192,168,220,16,192,168,100,6
59938.0,80.0,TCP,0.005,5.0,479.0,1,192,168,220,16,192,168,100,6
58234.0,80.0,TCP,0.003,6.0,545.0,1,192,168,220,16,192,168,100,6
445.0,37884.0,TCP,0.0,1.0,108.0,0,192,168,100,5,192,168,220,9
60118.0,80.0,TCP,0.009,6.0,545.0,1,192,168,220,16,192,168,100,6
51357.0,646.0,TCP,0.0,1.0,58.0,1,192,168,220,16,192,168,200,3
37191.0,445.0,TCP,0.004,2.0,174.0,0,192,168,220,7,192,168,100,5
56156.0,80.0,TCP,0.004,5.0,479.0,1,192,168,220,16,192,168,100,6
60662.0,80.0,TCP,0.004,5.0,479.0,1,192,168,220,16,192,168,100,6
33423.0,80.0,TCP,0.004,5.0,479.0,1,192,168,220,16,192,168,100,6
137.0,137.0,UDP,0.0,1.0,92.0,0,192,168,220,9,192,168,220,255
59974.0,80.0,TCP,0.005,5.0,479.0,1,192,168,220,16,192,168,100,6
445.0,46808.0,TCP,0.0,1.0,108.0,0,192,168,100,5,192,168,200,5
445.0,37191.0,TCP,0.0,1.0,108.0,0,192,168,100,5,192,168,220,7
60570.0,80.0,TCP,0.003,5.0,479.0,1,192,168,220,16,192,168,100,6
51357.0,1042.0,TCP,0.0,1.0,58.0,1,192,168,220,16,192,168,200,9
43183.0,445.0,TCP,0.0,1.0,66.0,0,192,168,200,4,192,168,100,5
59028.0,80.0,TCP,0.006,5.0,479.0,1,192,168,220,16,192,168,100,6
445.0,40239.0,TCP,0.0,1.0,108.0,0,192,168,100,5,192,168,220,10
35104.0,80.0,TCP,0.004,5.0,479.0,1,192,168,220,16,192,168,100,6
34123.0,80.0,TCP,0.004,5.0,479.0,1,192,168,220,16,192,168,100,6
36004.0,80.0,TCP,0.005,5.0,479.0,1,192,168,220,16,192,168,100,6
48888.0,445.0,TCP,0.004,2.0,174.0,0,192,168,220,15,192,168,100,5
58381.0,80.0,TCP,0.004,5.0,479.0,1,192,168,220,16,192,168,100,6
56576.0,80.0,TCP,0.003,6.0,545.0,1,192,168,220,16,192,168,100,6
52321.0,445.0,TCP,0.0,1.0,66.0,0,192,168,220,14,192,168,100,5
445.0,58844.0,TCP,0.0,1.0,108.0,0,192,168,100,5,192,168,220,16
445.0,49511.0,TCP,0.0,1.0,108.0,0,192,168,100,5,192,168,220,12
445.0,48888.0,TCP,0.0,1.0,108.0,0,192,168,100,5,192,168,220,15
445.0,46709.0,TCP,0.0,1.0,108.0,0,192,168,100,5,192,168,220,6
445.0,43145.0,TCP,0.0,1.0,108.0,0,192,168,100,5,192,168,220,4
445.0,52321.0,TCP,0.0,1.0,108.0,0,192,168,100,5,192,168,220,14
58314.0,80.0,TCP,0.003,5.0,479.0,1,192,168,220,16,192,168,100,6
445.0,37884.0,TCP,0.0,1.0,108.0,0,192,168,100,5,192,168,220,9
60689.0,445.0,TCP,0.003,2.0,174.0,0,192,168,220,13,192,168,100,5
445.0,46709.0,TCP,0.0,1.0,108.0,0,192,168,100,5,192,168,220,6
43145.0,445.0,TCP,0.005,2.0,174.0,0,192,168,220,4,192,168,100,5
58049.0,80.0,TCP,0.006,5.0,479.0,1,192,168,220,16,192,168,100,6
57957.0,80.0,TCP,0.006,6.0,545.0,1,192,168,220,16,192,168,100,6
49094.0,445.0,TCP,0.003,2.0,174.0,0,192,168,220,8,192,168,100,5
59106.0,80.0,TCP,0.002,5.0,479.0,1,192,168,220,16,192,168,100,6
33841.0,80.0,TCP,0.005,5.0,479.0,1,192,168,220,16,192,168,100,6
55270.0,80.0,TCP,0.006,5.0,479.0,1,192,168,220,16,192,168,100,6
51357.0,1032.0,TCP,0.0,1.0,58.0,1,192,168,220,16,192,168,200,2
57949.0,80.0,TCP,0.005,6.0,545.0,1,192,168,220,16,192,168,100,6
37191.0,445.0,TCP,0.002,2.0,174.0,0,192,168,220,7,192,168,100,5
48888.0,445.0,TCP,0.003,2.0,174.0,0,192,168,220,15,192,168,100,5
445.0,51146.0,TCP,0.0,1.0,108.0,0,192,168,100,5,192,168,220,5
445.0,46709.0,TCP,0.0,1.0,108.0,0,192,168,100,5,192,168,220,6
445.0,37884.0,TCP,0.0,1.0,108.0,0,192,168,100,5,192,168,220,9
35170.0,80.0,TCP,0.006,5.0,479.0,1,192,168,220,16,192,168,100,6
59096.0,80.0,TCP,0.006,5.0,479.0,1,192,168,220,16,192,168,100,6
46709.0,445.0,TCP,0.001,2.0,174.0,0,192,168,220,6,192,168,100,5
58235.0,80.0,TCP,0.006,6.0,545.0,1,192,168,220,16,192,168,100,6
36135.0,80.0,TCP,0.004,5.0,479.0,1,192,168,220,16,192,168,100,6
137.0,137.0,UDP,0.0,1.0,92.0,0,192,168,220,9,192,168,220,255
58863.0,80.0,TCP,0.005,5.0,479.0,1,192,168,220,16,192,168,100,6
445.0,51146.0,TCP,0.0,1.0,108.0,0,192,168,100,5,192,168,220,5
34248.0,80.0,TCP,0.004,5.0,479.0,1,192,168,220,16,192,168,100,6
445.0,51146.0,TCP,0.0,1.0,108.0,0,192,168,100,5,192,168,220,5
40239.0,445.0,TCP,0.005,2.0,174.0,0,192,168,220,10,192,168,100,5
48888.0,445.0,TCP,0.0,1.0,66.0,0,192,168,220,15,192,168,100,5
445.0,46709.0,TCP,0.0,1.0,108.0,0,192,168,100,5,192,168,220,6
43145.0,445.0,TCP,0.005,2.0,174.0,0,192,168,220,4,192,168,100,5
59078.0,80.0,TCP,0.002,6.0,545.0,1,192,168,220,16,192,168,100,6
59702.0,80.0,TCP,0.004,5.0,479.0,1,192,168,220,16,192,168,100,6
51357.0,3405.0,TCP,0.0,1.0,58.0,1,192,168,220,16,192,168,200,4
445.0,34743.0,TCP,0.0,1.0,108.0,0,192,168,100,5,192,168,220,11
445.0,51146.0,TCP,0.0,1.0,108.0,0,192,168,100,5,192,168,220,5
60689.0,445.0,TCP,0.004,2.0,174.0,0,192,168,220,13,192,168,100,5
59051.0,80.0,TCP,0.006,5.0,479.0,1,192,168,220,16,192,168,100,6
37884.0,445.0,TCP,0.004,2.0,174.0,0,192,168,220,9,192,168,100,5
59081.0,80.0,TCP,0.003,5.0,479.0,1,192,168,220,16,192,168,100,6
445.0,49511.0,TCP,0.0,1.0,108.0,0,192,168,100,5,192,168,220,12
445.0,43145.0,TCP,0.0,1.0,108.0,0,192,168,100,5,192,168,220,4
51146.0,445.0,TCP,0.004,2.0,174.0,0,192,168,220,5,192,168,100,5
36952.0,80.0,TCP,0.004,5.0,479.0,1,192,168,220,16,192,168,100,6
32912.0,80.0,TCP,0.005,5.0,479.0,1,192,168,220,16,192,168,100,6
445.0,37191.0,TCP,0.0,1.0,108.0,0,192,168,100,5,192,168,220,7
37884.0,445.0,TCP,0.004,2.0,174.0,0,192,168,220,9,192,168,100,5
445.0,43183.0,TCP,0.0,1.0,108.0,0,192,168,100,5,192,168,200,4
58844.0,445.0,TCP,0.005,2.0,174.0,0,192,168,220,16,192,168,100,5
58512.0,80.0,TCP,0.002,5.0,479.0,1,192,168,220,16,192,168,100,6
58210.0,80.0,TCP,0.005,5.0,479.0,1,192,168,220,16,192,168,100,6
51146.0,445.0,TCP,0.0,1.0,66.0,0,192,168,220,5,192,168,100,5
37191.0,445.0,TCP,0.004,2.0,174.0,0,192,168,220,7,192,168,100,5
56539.0,80.0,TCP,0.005,5.0,479.0,1,192,168,220,16,192,168,100,6
37884.0,445.0,TCP,0.002,2.0,174.0,0,192,168,220,9,192,168,100,5
137.0,137.0,UDP,0.0,1.0,92.0,0,192,168,220,3,192,168,220,255
60765.0,80.0,TCP,0.006,5.0,479.0,1,192,168,220,16,192,168,100,6
33001.0,80.0,TCP,0.002,6.0,545.0,1,192,168,220,16,192,168,100,6
59984.0,80.0,TCP,0.004,5.0,479.0,1,192,168,220,16,192,168,100,6
46808.0,445.0,TCP,0.002,2.0,174.0,0,192,168,200,5,192,168,100,5
445.0,52321.0,TCP,0.0,1.0,108.0,0,192,168,100,5,192,168,220,14
59675.0,80.0,TCP,0.006,6.0,545.0,1,192,168,220,16,192,168,100,6
37294.0,80.0,TCP,0.002,5.0,479.0,1,192,168,220,16,192,168,100,6
58145.0,80.0,TCP,0.004,6.0,545.0,1,192,168,220,16,192,168,100,6
445.0,46709.0,TCP,0.062,2.0,178.0,0,192,168,100,5,192,168,220,6
58832.0,80.0,TCP,0.002,5.0,479.0,1,192,168,220,16,192,168,100,6
43145.0,445.0,TCP,0.004,2.0,174.0,0,192,168,220,4,192,168,100,5
46808.0,445.0,TCP,0.003,2.0,174.0,0,192,168,200,5,192,168,100,5
58963.0,80.0,TCP,0.006,5.0,479.0,1,192,168,220,16,192,168,100,6
58844.0,445.0,TCP,0.003,2.0,174.0,0,192,168,220,16,192,168,100,5
51357.0,8500.0,TCP,0.0,1.0,58.0,1,192,168,220,16,192,168,200,8
56519.0,80.0,TCP,0.002,5.0,479.0,1,192,168,220,16,192,168,100,6
51357.0,1101.0,TCP,0.0,1.0,58.0,0,192,168,220,16,192,168,200,2
40239.0,445.0,TCP,0.003,2.0,174.0,0,192,168,220,10,192,168,100,5
51358.0,32777.0,TCP,0.0,1.0,58.0,1,192,168,220,16,192,168,200,8
56367.0,80.0,TCP,0.004,6.0,545.0,1,192,168,220,16,192,168,100,6
445.0,49094.0,TCP,0.0,1.0,70.0,0,192,168,100,5,192,168,220,8
445.0,49094.0,TCP,0.0,1.0,108.0,0,192,168,100,5,192,168,220,8
33865.0,80.0,TCP,0.006,5.0,479.0,1,192,168,220,16,192,168,100,6
60689.0,445.0,TCP,0.004,2.0,174.0,0,192,168,220,13,192,168,100,5
445.0,37884.0,TCP,0.0,1.0,108.0,0,192,168,100,5,192,168,220,9
35271.0,80.0,TCP,0.005,5.0,479.0,1,192,168,220,16,192,168,100,6
51358.0,100.0,TCP,0.0,1.0,58.0,1,192,168,220,16,192,168,200,8
59107.0,80.0,TCP,0.004,5.0,479.0,1,192,168,220,16,192,168,100,6
35201.0,80.0,TCP,0.004,5.0,479.0,1,192,168,220,16,192,168,100,6
51357.0,80.0,TCP,0.0,1.0,58.0,1,192,168,220,16,192,168,200,2
48888.0,445.0,TCP,0.002,2.0,174.0,0,192,168,220,15,192,168,100,5
445.0,43183.0,TCP,0.0,1.0,108.0,0,192,168,100,5,192,168,200,4
33161.0,80.0,TCP,0.005,5.0,479.0,1,192,168,220,16,192,168,100,6
445.0,43183.0,TCP,0.0,1.0,108.0,0,192,168,100,5,192,168,200,4
59619.0,80.0,TCP,0.005,5.0,479.0,1,192,168,220,16,192,168,100,6
445.0,48888.0,TCP,0.0,1.0,108.0,0,192,168,100,5,192,168,220,15
37884.0,445.0,TCP,0.003,2.0,174.0,0,192,168,220,9,192,168,100,5
34743.0,445.0,TCP,0.002,2.0,174.0,0,192,168,220,11,192,168,100,5
138.0,138.0,UDP,0.0,1.0,262.0,0,192,168,220,13,192,168,220,255
445.0,46709.0,TCP,0.0,1.0,108.0,0,192,168,100,5,192,168,220,6
445.0,51146.0,TCP,0.0,1.0,108.0,0,192,168,100,5,192,168,220,5
60335.0,80.0,TCP,0.0069999999999999,5.0,479.0,1,192,168,220,16,192,168,100,6
46756.0,993.0,TCP,0.0,1.0,58.0,1,192,168,220,16,192,168,210,4
58745.0,80.0,TCP,0.005,5.0,479.0,1,192,168,220,16,192,168,100,6
59018.0,80.0,TCP,0.006,5.0,479.0,1,192,168,220,16,192,168,100,6
137.0,137.0,UDP,0.0,1.0,92.0,0,192,168,220,4,192,168,220,255
445.0,46808.0,TCP,0.0,1.0,108.0,0,192,168,100,5,192,168,200,5
46755.0,1201.0,TCP,0.0,1.0,58.0,1,192,168,220,16,192,168,210,5
445.0,49094.0,TCP,0.0,1.0,70.0,0,192,168,100,5,192,168,220,8
445.0,40239.0,TCP,0.0,1.0,108.0,0,192,168,100,5,192,168,220,10
35504.0,80.0,TCP,0.005,5.0,479.0,1,192,168,220,16,192,168,100,6
51357.0,6567.0,TCP,0.0,1.0,58.0,1,192,168,220,16,192,168,200,9
58822.0,80.0,TCP,0.0069999999999999,5.0,479.0,1,192,168,220,16,192,168,100,6
58844.0,445.0,TCP,0.006,2.0,174.0,0,192,168,220,16,192,168,100,5
445.0,58844.0,TCP,0.0,1.0,108.0,0,192,168,100,5,192,168,220,16
59315.0,80.0,TCP,0.006,5.0,479.0,1,192,168,220,16,192,168,100,6
35258.0,80.0,TCP,0.005,6.0,545.0,1,192,168,220,16,192,168,100,6
80.0,44228.0,TCP,0.004,2.0,132.0,0,192,168,100,6,192,168,220,15
60070.0,80.0,TCP,0.003,6.0,545.0,1,192,168,220,16,192,168,100,6
445.0,37191.0,TCP,0.0,1.0,70.0,0,192,168,100,5,192,168,220,7
445.0,43183.0,TCP,0.0,1.0,108.0,0,192,168,100,5,192,168,200,4
137.0,137.0,UDP,0.0,1.0,92.0,0,192,168,220,15,192,168,220,255
445.0,60689.0,TCP,0.0,1.0,108.0,0,192,168,100,5,192,168,220,13
59106.0,80.0,TCP,0.005,5.0,479.0,1,192,168,220,16,192,168,100,6
57240.0,80.0,TCP,0.006,5.0,479.0,1,192,168,220,16,192,168,100,6
58714.0,80.0,TCP,0.004,6.0,545.0,1,192,168,220,16,192,168,100,6
445.0,46709.0,TCP,0.0,1.0,108.0,0,192,168,100,5,192,168,220,6
34037.0,80.0,TCP,0.005,5.0,479.0,1,192,168,220,16,192,168,100,6
445.0,34743.0,TCP,0.0,1.0,108.0,0,192,168,100,5,192,168,220,11
56590.0,80.0,TCP,0.004,5.0,479.0,1,192,168,220,16,192,168,100,6
445.0,43183.0,TCP,0.0,1.0,70.0,0,192,168,100,5,192,168,200,4
445.0,49511.0,TCP,0.0,1.0,108.0,0,192,168,100,5,192,168,220,12
59139.0,80.0,TCP,0.005,5.0,479.0,1,192,168,220,16,192,168,100,6
445.0,60689.0,TCP,0.0,1.0,108.0,0,192,168,100,5,192,168,220,13
51357.0,5060.0,TCP,0.0,1.0,58.0,1,192,168,220,16,192,168,200,8
445.0,37884.0,TCP,0.0,1.0,108.0,0,192,168,100,5,192,168,220,9
56723.0,80.0,TCP,0.004,5.0,479.0,1,192,168,220,16,192,168,100,6
51357.0,6543.0,TCP,0.0,1.0,58.0,1,192,168,220,16,192,168,200,8
138.0,138.0,UDP,0.0,1.0,262.0,0,192,168,220,6,192,168,220,255
43145.0,445.0,TCP,0.004,2.0,174.0,0,192,168,220,4,192,168,100,5
33201.0,80.0,TCP,0.002,5.0,479.0,1,192,168,220,16,192,168,100,6
35571.0,80.0,TCP,0.0069999999999999,5.0,479.0,1,192,168,220,16,192,168,100,6
51357.0,1052.0,TCP,0.0,1.0,58.0,1,192,168,220,16,192,168,200,2
43183.0,445.0,TCP,0.003,2.0,174.0,0,192,168,200,4,192,168,100,5
59341.0,80.0,TCP,0.004,5.0,479.0,1,192,168,220,16,192,168,100,6
57927.0,80.0,TCP,0.003,5.0,479.0,1,192,168,220,16,192,168,100,6
34743.0,445.0,TCP,0.001,2.0,174.0,0,192,168,220,11,192,168,100,5
52321.0,445.0,TCP,0.005,2.0,174.0,0,192,168,220,14,192,168,100,5
43183.0,445.0,TCP,0.002,2.0,174.0,0,192,168,200,4,192,168,100,5
56350.0,80.0,TCP,0.006,5.0,479.0,1,192,168,220,16,192,168,100,6
51358.0,1144.0,TCP,0.0,1.0,58.0,1,192,168,220,16,192,168,200,8
445.0,49094.0,TCP,0.0,1.0,108.0,0,192,168,100,5,192,168,220,8
59938.0,80.0,TCP,0.004,6.0,545.0,1,192,168,220,16,192,168,100,6
445.0,49094.0,TCP,0.0,1.0,108.0,0,192,168,100,5,192,168,220,8
445.0,43145.0,TCP,0.0,1.0,108.0,0,192,168,100,5,192,168,220,4
445.0,40239.0,TCP,0.0,1.0,108.0,0,192,168,100,5,192,168,220,10
60666.0,80.0,TCP,0.004,6.0,545.0,1,192,168,220,16,192,168,100,6
49094.0,445.0,TCP,0.002,2.0,174.0,0,192,168,220,8,192,168,100,5
445.0,46808.0,TCP,0.0,1.0,108.0,0,192,168,100,5,192,168,200,5
57877.0,80.0,TCP,0.001,5.0,479.0,1,192,168,220,16,192,168,100,6
32973.0,80.0,TCP,0.003,5.0,479.0,1,192,168,220,16,192,168,100,6
57305.0,80.0,TCP,0.006,5.0,479.0,1,192,168,220,16,192,168,100,6
51357.0,1041.0,TCP,0.0,1.0,58.0,1,192,168,220,16,192,168,200,8
48888.0,445.0,TCP,0.0,1.0,66.0,0,192,168,220,15,192,168,100,5
445.0,58844.0,TCP,0.0,1.0,108.0,0,192,168,100,5,192,168,220,16
58272.0,80.0,TCP,0.005,5.0,479.0,1,192,168,220,16,192,168,100,6
445.0,49094.0,TCP,0.0,1.0,108.0,0,192,168,100,5,192,168,220,8
56295.0,80.0,TCP,0.005,5.0,479.0,1,192,168,220,16,192,168,100,6
32950.0,80.0,TCP,0.004,6.0,545.0,1,192,168,220,16,192,168,100,6
49094.0,445.0,TCP,0.002,2.0,174.0,0,192,168,220,8,192,168,100,5
59520.0,80.0,TCP,0.002,5.0,479.0,1,192,168,220,16,192,168,100,6
34241.0,80.0,TCP,0.006,5.0,479.0,1,192,168,220,16,192,168,100,6
58844.0,445.0,TCP,0.002,2.0,174.0,0,192,168,220,16,192,168,100,5
60150.0,80.0,TCP,0.006,5.0,479.0,1,192,168,220,16,192,168,100,6
445.0,52321.0,TCP,0.0,1.0,108.0,0,192,168,100,5,192,168,220,14
57245.0,80.0,TCP,0.005,5.0,479.0,1,192,168,220,16,192,168,100,6
57092.0,80.0,TCP,0.003,5.0,479.0,1,192,168,220,16,192,168,100,6
445.0,43145.0,TCP,0.0,1.0,108.0,0,192,168,100,5,192,168,220,4
35027.0,80.0,TCP,0.005,5.0,479.0,1,192,168,220,16,192,168,100,6
445.0,60689.0,TCP,0.0,1.0,108.0,0,192,168,100,5,192,168,220,13
37183.0,80.0,TCP,0.005,6.0,545.0,1,192,168,220,16,192,168,100,6
137.0,137.0,UDP,0.0,1.0,92.0,0,192,168,220,12,192,168,220,255
138.0,138.0,UDP,0.0,1.0,262.0,0,192,168,220,7,192,168,220,255
43145.0,445.0,TCP,0.001,2.0,174.0,0,192,168,220,4,192,168,100,5
137.0,137.0,UDP,0.0,1.0,92.0,0,192,168,220,7,192,168,220,255
58844.0,445.0,TCP,0.002,2.0,174.0,0,192,168,220,16,192,168,100,5
60666.0,80.0,TCP,0.004,5.0,479.0,1,192,168,220,16,192,168,100,6
34743.0,445.0,TCP,0.004,2.0,174.0,0,192,168,220,11,192,168,100,5
137.0,137.0,UDP,0.0,1.0,92.0,0,192,168,220,4,192,168,220,255
60879.0,80.0,TCP,0.004,5.0,479.0,1,192,168,220,16,192,168,100,6
59810.0,80.0,TCP,0.004,6.0,545.0,1,192,168,220,16,192,168,100,6
34199.0,80.0,TCP,0.006,5.0,479.0,1,192,168,220,16,192,168,100,6
51357.0,2103.0,TCP,0.0,1.0,58.0,1,192,168,220,16,192,168,200,5
445.0,48888.0,TCP,0.0,1.0,108.0,0,192,168,100,5,192,168,220,15
58844.0,445.0,TCP,0.005,2.0,174.0,0,192,168,220,16,192,168,100,5
35404.0,80.0,TCP,0.004,6.0,545.0,1,192,168,220,16,192,168,100,6
57298.0,22.0,TCP,0.0,1.0,66.0,0,192,168,220,9,192,168,100,5
445.0,43145.0,TCP,0.0,1.0,108.0,0,192,168,100,5,192,168,220,4
48888.0,445.0,TCP,0.004,2.0,174.0,0,192,168,220,15,192,168,100,5
60313.0,80.0,TCP,0.006,5.0,479.0,1,192,168,220,16,192,168,100,6
445.0,34743.0,TCP,0.0,1.0,108.0,0,192,168,100,5,192,168,220,11
60033.0,80.0,TCP,0.004,5.0,479.0,1,192,168,220,16,192,168,100,6
59455.0,80.0,TCP,0.004,6.0,545.0,1,192,168,220,16,192,168,100,6
48888.0,445.0,TCP,0.002,2.0,174.0,0,192,168,220,15,192,168,100,5
445.0,60689.0,TCP,0.0,1.0,108.0,0,192,168,100,5,192,168,220,13
55475.0,80.0,TCP,0.005,5.0,479.0,1,192,168,220,16,192,168,100,6
37884.0,445.0,TCP,0.001,2.0,174.0,0,192,168,220,9,192,168,100,5
137.0,137.0,UDP,0.0,1.0,92.0,0,192,168,220,15,192,168,220,255
58844.0,445.0,TCP,0.004,2.0,174.0,0,192,168,220,16,192,168,100,5
49094.0,445.0,TCP,0.005,2.0,174.0,0,192,168,220,8,192,168,100,5
43183.0,445.0,TCP,0.002,2.0,174.0,0,192,168,200,4,192,168,100,5
445.0,58844.0,TCP,0.0,1.0,108.0,0,192,168,100,5,192,168,220,16
80.0,38751.0,TCP,0.0,1.0,74.0,0,192,168,220,6,192,168,100,6
445.0,37884.0,TCP,0.0,1.0,108.0,0,192,168,100,5,192,168,220,9
34753.0,80.0,TCP,0.0,5.0,479.0,1,192,168,220,16,192,168,100,6
445.0,49511.0,TCP,0.0,1.0,108.0,0,192,168,100,5,192,168,220,12
37191.0,445.0,TCP,0.004,2.0,174.0,0,192,168,220,7,192,168,100,5
57422.0,80.0,TCP,0.004,5.0,479.0,1,192,168,220,16,192,168,100,6
58844.0,445.0,TCP,0.005,2.0,174.0,0,192,168,220,16,192,168,100,5
59832.0,80.0,TCP,0.004,5.0,479.0,1,192,168,220,16,192,168,100,6
445.0,43145.0,TCP,0.0,1.0,108.0,0,192,168,100,5,192,168,220,4
51146.0,445.0,TCP,0.004,2.0,174.0,0,192,168,220,5,192,168,100,5
58933.0,80.0,TCP,0.005,5.0,479.0,1,192,168,220,16,192,168,100,6
60354.0,80.0,TCP,0.004,5.0,479.0,1,192,168,220,16,192,168,100,6
35379.0,80.0,TCP,0.004,5.0,479.0,1,192,168,220,16,192,168,100,6
60803.0,80.0,TCP,0.004,5.0,479.0,1,192,168,220,16,192,168,100,6
51357.0,5129.0,TCP,0.0,1.0,58.0,1,192,168,220,16,192,168,200,8
58643.0,80.0,TCP,0.004,5.0,479.0,1,192,168,220,16,192,168,100,6
58927.0,80.0,TCP,0.003,5.0,479.0,1,192,168,220,16,192,168,100,6
34994.0,80.0,TCP,0.005,5.0,479.0,1,192,168,220,16,192,168,100,6
445.0,46808.0,TCP,0.0,1.0,108.0,0,192,168,100,5,192,168,200,5
56599.0,80.0,TCP,0.003,5.0,479.0,1,192,168,220,16,192,168,100,6
445.0,34743.0,TCP,0.0,1.0,108.0,0,192,168,100,5,192,168,220,11
445.0,60689.0,TCP,0.0,1.0,70.0,0,192,168,100,5,192,168,220,13
52321.0,445.0,TCP,0.004,2.0,174.0,0,192,168,220,14,192,168,100,5
58381.0,80.0,TCP,0.005,6.0,545.0,1,192,168,220,16,192,168,100,6
445.0,37191.0,TCP,0.0,1.0,108.0,0,192,168,100,5,192,168,220,7
57940.0,80.0,TCP,0.004,5.0,479.0,1,192,168,220,16,192,168,100,6
59629.0,80.0,TCP,0.003,5.0,479.0,1,192,168,220,16,192,168,100,6
43183.0,445.0,TCP,0.002,2.0,174.0,0,192,168,200,4,192,168,100,5
445.0,51146.0,TCP,0.0,1.0,108.0,0,192,168,100,5,192,168,220,5
51357.0,1097.0,TCP,0.0,1.0,58.0,1,192,168,220,16,192,168,200,2
58294.0,80.0,TCP,0.005,5.0,479.0,1,192,168,220,16,192,168,100,6
445.0,40239.0,TCP,0.0,1.0,108.0,0,192,168,100,5,192,168,220,10
445.0,48888.0,TCP,0.0,1.0,108.0,0,192,168,100,5,192,168,220,15
58564.0,80.0,TCP,0.006,6.0,545.0,1,192,168,220,16,192,168,100,6
59831.0,80.0,TCP,0.004,5.0,479.0,1,192,168,220,16,192,168,100,6
445.0,46709.0,TCP,0.0,1.0,108.0,0,192,168,100,5,192,168,220,6
43145.0,445.0,TCP,0.005,2.0,174.0,0,192,168,220,4,192,168,100,5
445.0,40239.0,TCP,0.0,1.0,108.0,0,192,168,100,5,192,168,220,10
51357.0,1045.0,TCP,0.0,1.0,58.0,1,192,168,220,16,192,168,200,3
51358.0,64660.0,TCP,0.0,1.0,58.0,1,192,168,220,16,192,168,200,9
46808.0,445.0,TCP,0.001,2.0,174.0,0,192,168,200,5,192,168,100,5
445.0,58844.0,TCP,0.0,1.0,108.0,0,192,168,100,5,192,168,220,16
32919.0,80.0,TCP,0.003,5.0,479.0,1,192,168,220,16,192,168,100,6
33680.0,80.0,TCP,0.001,5.0,479.0,1,192,168,220,16,192,168,100,6
59721.0,80.0,TCP,0.0069999999999999,5.0,479.0,1,192,168,220,16,192,168,100,6
445.0,34743.0,TCP,0.0,1.0,108.0,0,192,168,100,5,192,168,220,11
34266.0,80.0,TCP,0.004,5.0,479.0,1,192,168,220,16,192,168,100,6
46709.0,445.0,TCP,0.0,2.0,174.0,0,192,168,220,6,192,168,100,5
52321.0,445.0,TCP,0.004,2.0,174.0,0,192,168,220,14,192,168,100,5
34843.0,80.0,TCP,0.005,5.0,479.0,1,192,168,220,16,192,168,100,6
60099.0,80.0,TCP,0.004,5.0,479.0,1,192,168,220,16,192,168,100,6
51146.0,445.0,TCP,0.004,2.0,174.0,0,192,168,220,5,192,168,100,5
445.0,60689.0,TCP,0.0,1.0,108.0,0,192,168,100,5,192,168,220,13
445.0,43145.0,TCP,0.0,1.0,108.0,0,192,168,100,5,192,168,220,4
60739.0,80.0,TCP,0.006,6.0,545.0,1,192,168,220,16,192,168,100,6
137.0,137.0,UDP,0.0,1.0,92.0,0,192,168,220,3,192,168,220,255
43183.0,445.0,TCP,0.002,2.0,174.0,0,192,168,200,4,192,168,100,5
49511.0,445.0,TCP,0.003,2.0,174.0,0,192,168,220,12,192,168,100,5
445.0,37191.0,TCP,0.0,1.0,70.0,0,192,168,100,5,192,168,220,7
60470.0,80.0,TCP,0.005,5.0,479.0,1,192,168,220,16,192,168,100,6
57905.0,80.0,TCP,0.003,5.0,479.0,1,192,168,220,16,192,168,100,6
35976.0,80.0,TCP,0.004,5.0,479.0,1,192,168,220,16,192,168,100,6
56201.0,80.0,TCP,0.003,5.0,479.0,1,192,168,220,16,192,168,100,6
445.0,43183.0,TCP,0.0,1.0,108.0,0,192,168,100,5,192,168,200,4
445.0,51146.0,TCP,0.0,1.0,108.0,0,192,168,100,5,192,168,220,5
36607.0,80.0,TCP,0.004,5.0,479.0,1,192,168,220,16,192,168,100,6
445.0,52321.0,TCP,0.0,1.0,108.0,0,192,168,100,5,192,168,220,14
57968.0,80.0,TCP,0.004,5.0,479.0,1,192,168,220,16,192,168,100,6
59059.0,80.0,TCP,0.004,5.0,479.0,1,192,168,220,16,192,168,100,6
445.0,52321.0,TCP,0.0,1.0,108.0,0,192,168,100,5,192,168,220,14
55914.0,80.0,TCP,0.003,6.0,545.0,1,192,168,220,16,192,168,100,6
58521.0,80.0,TCP,0.001,5.0,479.0,1,192,168,220,16,192,168,100,6
59739.0,80.0,TCP,0.005,5.0,479.0,1,192,168,220,16,192,168,100,6
60664.0,80.0,TCP,0.004,5.0,479.0,1,192,168,220,16,192,168,100,6
43183.0,445.0,TCP,0.001,2.0,174.0,0,192,168,200,4,192,168,100,5
40239.0,445.0,TCP,0.004,2.0,174.0,0,192,168,220,10,192,168,100,5
34818.0,80.0,TCP,0.004,5.0,479.0,1,192,168,220,16,192,168,100,6
58426.0,80.0,TCP,0.003,5.0,479.0,1,192,168,220,16,192,168,100,6
445.0,40239.0,TCP,0.0,1.0,108.0,0,192,168,100,5,192,168,220,10
58392.0,80.0,TCP,0.006,5.0,479.0,1,192,168,220,16,192,168,100,6
445.0,37884.0,TCP,0.0,1.0,108.0,0,192,168,100,5,192,168,220,9
40239.0,445.0,TCP,0.002,2.0,174.0,0,192,168,220,10,192,168,100,5
445.0,51146.0,TCP,0.0,1.0,108.0,0,192,168,100,5,192,168,220,5
445.0,37884.0,TCP,0.0,1.0,108.0,0,192,168,100,5,192,168,220,9
445.0,48888.0,TCP,0.0,1.0,70.0,0,192,168,100,5,192,168,220,15
60689.0,445.0,TCP,0.0,1.0,66.0,0,192,168,220,13,192,168,100,5
445.0,46808.0,TCP,0.0,1.0,108.0,0,192,168,100,5,192,168,200,5
58527.0,80.0,TCP,0.003,5.0,479.0,1,192,168,220,16,192,168,100,6
35202.0,80.0,TCP,0.003,5.0,479.0,1,192,168,220,16,192,168,100,6
57734.0,80.0,TCP,0.005,5.0,479.0,1,192,168,220,16,192,168,100,6
445.0,49094.0,TCP,0.0,1.0,108.0,0,192,168,100,5,192,168,220,8
49094.0,445.0,TCP,0.002,2.0,174.0,0,192,168,220,8,192,168,100,5
445.0,43145.0,TCP,0.0,1.0,108.0,0,192,168,100,5,192,168,220,4
51357.0,3283.0,TCP,0.0,1.0,58.0,1,192,168,220,16,192,168,200,1
46709.0,445.0,TCP,0.005,2.0,174.0,0,192,168,220,6,192,168,100,5
445.0,46709.0,TCP,0.0,1.0,108.0,0,192,168,100,5,192,168,220,6
49094.0,445.0,TCP,0.0,1.0,66.0,0,192,168,220,8,192,168,100,5
56596.0,80.0,TCP,0.004,5.0,479.0,1,192,168,220,16,192,168,100,6
34743.0,445.0,TCP,0.0,1.0,66.0,0,192,168,220,11,192,168,100,5
445.0,52321.0,TCP,0.0,1.0,108.0,0,192,168,100,5,192,168,220,14
445.0,51146.0,TCP,0.0,1.0,108.0,0,192,168,100,5,192,168,220,5
52321.0,445.0,TCP,0.0,1.0,66.0,0,192,168,220,14,192,168,100,5
60689.0,80.0,TCP,0.003,5.0,479.0,1,192,168,220,16,192,168,100,6
51146.0,445.0,TCP,0.004,2.0,174.0,0,192,168,220,5,192,168,100,5
58175.0,80.0,TCP,0.004,5.0,479.0,1,192,168,220,16,192,168,100,6
51357.0,1062.0,TCP,0.0,1.0,58.0,1,192,168,220,16,192,168,200,5
60372.0,80.0,TCP,0.003,5.0,479.0,1,192,168,220,16,192,168,100,6
59000.0,80.0,TCP,0.004,5.0,479.0,1,192,168,220,16,192,168,100,6
46808.0,445.0,TCP,0.004,2.0,174.0,0,192,168,200,5,192,168,100,5
59028.0,80.0,TCP,0.003,5.0,479.0,1,192,168,220,16,192,168,100,6
51357.0,100.0,TCP,0.0,1.0,58.0,1,192,168,220,16,192,168,200,4
48888.0,445.0,TCP,0.003,2.0,174.0,0,192,168,220,15,192,168,100,5
58844.0,445.0,TCP,0.004,2.0,174.0,0,192,168,220,16,192,168,100,5
60538.0,80.0,TCP,0.003,5.0,479.0,1,192,168,220,16,192,168,100,6
59095.0,80.0,TCP,0.004,5.0,479.0,1,192,168,220,16,192,168,100,6
445.0,52321.0,TCP,0.0,1.0,108.0,0,192,168,100,5,192,168,220,14
59549.0,80.0,TCP,0.006,5.0,479.0,1,192,168,220,16,192,168,100,6
445.0,43145.0,TCP,0.0,1.0,108.0,0,192,168,100,5,192,168,220,4
51146.0,445.0,TCP,0.005,2.0,174.0,0,192,168,220,5,192,168,100,5
445.0,60689.0,TCP,0.0,1.0,108.0,0,192,168,100,5,192,168,220,13
445.0,46808.0,TCP,0.0,1.0,108.0,0,192,168,100,5,192,168,200,5
60428.0,80.0,TCP,0.003,5.0,479.0,1,192,168,220,16,192,168,100,6
445.0,48888.0,TCP,0.0,1.0,108.0,0,192,168,100,5,192,168,220,15
51357.0,10004.0,TCP,0.0,1.0,58.0,1,192,168,220,16,192,168,200,1
49511.0,445.0,TCP,0.001,2.0,174.0,0,192,168,220,12,192,168,100,5
59979.0,80.0,TCP,0.005,5.0,479.0,1,192,168,220,16,192,168,100,6
59072.0,80.0,TCP,0.006,6.0,545.0,1,192,168,220,16,192,168,100,6
36683.0,80.0,TCP,0.004,5.0,479.0,1,192,168,220,16,192,168,100,6
51357.0,1001.0,TCP,0.0,1.0,58.0,1,192,168,220,16,192,168,200,9
52321.0,445.0,TCP,0.001,2.0,174.0,0,192,168,220,14,192,168,100,5
59139.0,80.0,TCP,0.004,5.0,479.0,1,192,168,220,16,192,168,100,6
51358.0,1055.0,TCP,0.0,1.0,58.0,1,192,168,220,16,192,168,200,8
48888.0,445.0,TCP,0.004,2.0,174.0,0,192,168,220,15,192,168,100,5
60689.0,445.0,TCP,0.004,2.0,174.0,0,192,168,220,13,192,168,100,5
34067.0,80.0,TCP,0.004,5.0,479.0,1,192,168,220,16,192,168,100,6
51357.0,8001.0,TCP,0.0,1.0,58.0,1,192,168,220,16,192,168,200,5
51357.0,1855.0,TCP,0.0,1.0,58.0,1,192,168,220,16,192,168,200,8
58844.0,445.0,TCP,0.002,2.0,174.0,0,192,168,220,16,192,168,100,5
37191.0,445.0,TCP,0.003,2.0,174.0,0,192,168,220,7,192,168,100,5
48888.0,445.0,TCP,0.002,2.0,174.0,0,192,168,220,15,192,168,100,5
51357.0,8200.0,TCP,0.0,1.0,58.0,1,192,168,220,16,192,168,200,5
138.0,138.0,UDP,0.0,1.0,262.0,0,192,168,220,13,192,168,220,255
59320.0,80.0,TCP,0.005,5.0,479.0,1,192,168,220,16,192,168,100,6
58698.0,80.0,TCP,0.005,5.0,479.0,1,192,168,220,16,192,168,100,6
138.0,138.0,UDP,0.0,1.0,262.0,0,192,168,220,7,192,168,220,255
37176.0,80.0,TCP,0.004,5.0,479.0,1,192,168,220,16,192,168,100,6
49094.0,445.0,TCP,0.001,2.0,174.0,0,192,168,220,8,192,168,100,5
33503.0,80.0,TCP,0.006,5.0,479.0,1,192,168,220,16,192,168,100,6
445.0,46709.0,TCP,0.0,1.0,108.0,0,192,168,100,5,192,168,220,6
51146.0,445.0,TCP,0.0,2.0,174.0,0,192,168,220,5,192,168,100,5
57208.0,80.0,TCP,0.006,6.0,545.0,1,192,168,220,16,192,168,100,6
445.0,43145.0,TCP,0.0,1.0,108.0,0,192,168,100,5,192,168,220,4
51146.0,445.0,TCP,0.005,2.0,174.0,0,192,168,220,5,192,168,100,5
51357.0,1037.0,TCP,0.0,1.0,58.0,1,192,168,220,16,192,168,200,1
51357.0,5103.0,TCP,0.0,1.0,58.0,1,192,168,220,16,192,168,200,9
59512.0,80.0,TCP,0.003,5.0,479.0,1,192,168,220,16,192,168,100,6
58738.0,80.0,TCP,0.006,5.0,479.0,1,192,168,220,16,192,168,100,6
50625.0,587.0,TCP,0.004,2.0,174.0,0,192,168,220,13,192,168,100,4
445.0,46808.0,TCP,0.0,1.0,108.0,0,192,168,100,5,192,168,200,5
60689.0,445.0,TCP,0.005,2.0,174.0,0,192,168,220,13,192,168,100,5
35442.0,80.0,TCP,0.003,6.0,545.0,1,192,168,220,16,192,168,100,6
445.0,49511.0,TCP,0.0,1.0,108.0,0,192,168,100,5,192,168,220,12
138.0,138.0,UDP,0.0,1.0,262.0,0,192,168,100,5,192,168,100,255
58096.0,80.0,TCP,0.006,5.0,479.0,1,192,168,220,16,192,168,100,6
55911.0,80.0,TCP,0.004,5.0,479.0,1,192,168,220,16,192,168,100,6
56736.0,80.0,TCP,0.004,5.0,479.0,1,192,168,220,16,192,168,100,6
58444.0,80.0,TCP,0.006,5.0,479.0,1,192,168,220,16,192,168,100,6
445.0,49511.0,TCP,0.0,1.0,108.0,0,192,168,100,5,192,168,220,12
46709.0,445.0,TCP,0.004,2.0,174.0,0,192,168,220,6,192,168,100,5
48888.0,445.0,TCP,0.002,2.0,174.0,0,192,168,220,15,192,168,100,5
56793.0,80.0,TCP,0.004,6.0,545.0,1,192,168,220,16,192,168,100,6
34887.0,80.0,TCP,0.004,5.0,479.0,1,192,168,220,16,192,168,100,6
60824.0,80.0,TCP,0.004,5.0,479.0,1,192,168,220,16,192,168,100,6
445.0,48888.0,TCP,0.0,1.0,108.0,0,192,168,100,5,192,168,220,15
43145.0,445.0,TCP,0.004,2.0,174.0,0,192,168,220,4,192,168,100,5
56873.0,80.0,TCP,0.005,5.0,479.0,1,192,168,220,16,192,168,100,6
58418.0,80.0,TCP,0.005,5.0,479.0,1,192,168,220,16,192,168,100,6
59051.0,80.0,TCP,0.004,5.0,479.0,1,192,168,220,16,192,168,100,6
46808.0,445.0,TCP,0.003,2.0,174.0,0,192,168,200,5,192,168,100,5
33483.0,80.0,TCP,0.003,5.0,479.0,1,192,168,220,16,192,168,100,6
46709.0,445.0,TCP,0.002,2.0,174.0,0,192,168,220,6,192,168,100,5
59087.0,80.0,TCP,0.001,5.0,479.0,1,192,168,220,16,192,168,100,6
445.0,43145.0,TCP,0.0,1.0,108.0,0,192,168,100,5,192,168,220,4
445.0,48888.0,TCP,0.0,1.0,108.0,0,192,168,100,5,192,168,220,15
51357.0,14129.0,TCP,0.0,1.0,58.0,1,192,168,220,16,192,168,200,4
58726.0,80.0,TCP,0.002,5.0,479.0,1,192,168,220,16,192,168,100,6
59139.0,80.0,TCP,0.003,5.0,479.0,1,192,168,220,16,192,168,100,6
58602.0,80.0,TCP,0.004,5.0,479.0,1,192,168,220,16,192,168,100,6
445.0,48888.0,TCP,0.0,1.0,108.0,0,192,168,100,5,192,168,220,15
46709.0,445.0,TCP,0.003,2.0,174.0,0,192,168,220,6,192,168,100,5
58691.0,80.0,TCP,0.006,6.0,545.0,1,192,168,220,16,192,168,100,6
49511.0,445.0,TCP,0.003,2.0,174.0,0,192,168,220,12,192,168,100,5
57629.0,80.0,TCP,0.0069999999999999,5.0,479.0,1,192,168,220,16,192,168,100,6
60689.0,445.0,TCP,0.004,2.0,174.0,0,192,168,220,13,192,168,100,5
36627.0,80.0,TCP,0.003,5.0,479.0,1,192,168,220,16,192,168,100,6
445.0,37884.0,TCP,0.0,1.0,108.0,0,192,168,100,5,192,168,220,9
51357.0,1065.0,TCP,0.0,1.0,58.0,1,192,168,220,16,192,168,200,9
59657.0,80.0,TCP,0.003,5.0,479.0,1,192,168,220,16,192,168,100,6
445.0,52321.0,TCP,0.0,1.0,108.0,0,192,168,100,5,192,168,220,14
43145.0,445.0,TCP,0.004,2.0,174.0,0,192,168,220,4,192,168,100,5
57943.0,80.0,TCP,0.006,5.0,479.0,1,192,168,220,16,192,168,100,6
37191.0,445.0,TCP,0.005,2.0,174.0,0,192,168,220,7,192,168,100,5
37191.0,80.0,TCP,0.003,5.0,479.0,1,192,168,220,16,192,168,100,6
59934.0,80.0,TCP,0.005,5.0,479.0,1,192,168,220,16,192,168,100,6
46808.0,445.0,TCP,0.002,2.0,174.0,0,192,168,200,5,192,168,100,5
32950.0,80.0,TCP,0.006,5.0,479.0,1,192,168,220,16,192,168,100,6
59726.0,80.0,TCP,0.006,5.0,479.0,1,192,168,220,16,192,168,100,6
445.0,37884.0,TCP,0.0,1.0,108.0,0,192,168,100,5,192,168,220,9
445.0,40239.0,TCP,0.0,1.0,108.0,0,192,168,100,5,192,168,220,10
445.0,52321.0,TCP,0.0,1.0,108.0,0,192,168,100,5,192,168,220,14
445.0,48888.0,TCP,0.0,1.0,108.0,0,192,168,100,5,192,168,220,15
60924.0,80.0,TCP,0.006,5.0,479.0,1,192,168,220,16,192,168,100,6
58176.0,80.0,TCP,0.004,5.0,479.0,1,192,168,220,16,192,168,100,6
49511.0,445.0,TCP,0.003,2.0,174.0,0,192,168,220,12,192,168,100,5
57839.0,80.0,TCP,0.003,5.0,479.0,1,192,168,220,16,192,168,100,6
445.0,46709.0,TCP,0.0,1.0,108.0,0,192,168,100,5,192,168,220,6
60788.0,80.0,TCP,0.004,5.0,479.0,1,192,168,220,16,192,168,100,6
56572.0,80.0,TCP,0.003,5.0,479.0,1,192,168,220,16,192,168,100,6
58508.0,80.0,TCP,0.001,5.0,479.0,1,192,168,220,16,192,168,100,6
59924.0,80.0,TCP,0.003,5.0,479.0,1,192,168,220,16,192,168,100,6
58983.0,80.0,TCP,0.003,5.0,479.0,1,192,168,220,16,192,168,100,6
137.0,137.0,UDP,0.0,1.0,92.0,0,192,168,200,4,192,168,200,255
57794.0,80.0,TCP,0.003,5.0,479.0,1,192,168,220,16,192,168,100,6
37884.0,445.0,TCP,0.003,2.0,174.0,0,192,168,220,9,192,168,100,5
57397.0,80.0,TCP,0.003,5.0,479.0,1,192,168,220,16,192,168,100,6
58431.0,80.0,TCP,0.004,5.0,479.0,1,192,168,220,16,192,168,100,6
56953.0,80.0,TCP,0.005,5.0,479.0,1,192,168,220,16,192,168,100,6
37884.0,445.0,TCP,0.0,1.0,66.0,0,192,168,220,9,192,168,100,5
32826.0,80.0,TCP,0.004,5.0,479.0,1,192,168,220,16,192,168,100,6
137.0,137.0,UDP,0.0,1.0,92.0,0,192,168,220,9,192,168,220,255
59254.0,80.0,TCP,0.003,6.0,545.0,1,192,168,220,16,192,168,100,6
445.0,49094.0,TCP,0.0,1.0,108.0,0,192,168,100,5,192,168,220,8
59172.0,80.0,TCP,0.004,6.0,545.0,1,192,168,220,16,192,168,100,6
35502.0,80.0,TCP,0.004,5.0,479.0,1,192,168,220,16,192,168,100,6
57835.0,80.0,TCP,0.003,5.0,479.0,1,192,168,220,16,192,168,100,6
35663.0,80.0,TCP,0.005,5.0,479.0,1,192,168,220,16,192,168,100,6
51357.0,9090.0,TCP,0.0,1.0,58.0,1,192,168,220,16,192,168,200,8
445.0,40239.0,TCP,0.0,1.0,108.0,0,192,168,100,5,192,168,220,10
51358.0,5002.0,TCP,0.0,1.0,58.0,1,192,168,220,16,192,168,200,9
34743.0,445.0,TCP,0.003,2.0,174.0,0,192,168,220,11,192,168,100,5
445.0,49094.0,TCP,0.0,1.0,108.0,0,192,168,100,5,192,168,220,8
56782.0,80.0,TCP,0.003,5.0,479.0,1,192,168,220,16,192,168,100,6
57827.0,80.0,TCP,0.006,5.0,479.0,1,192,168,220,16,192,168,100,6
60351.0,80.0,TCP,0.006,5.0,479.0,1,192,168,220,16,192,168,100,6
60561.0,80.0,TCP,0.005,6.0,545.0,1,192,168,220,16,192,168,100,6
49094.0,445.0,TCP,0.002,2.0,174.0,0,192,168,220,8,192,168,100,5
49094.0,445.0,TCP,0.004,2.0,174.0,0,192,168,220,8,192,168,100,5
51358.0,7003.0,TCP,0.0,1.0,58.0,1,192,168,220,16,192,168,200,8
56890.0,80.0,TCP,0.004,6.0,545.0,1,192,168,220,16,192,168,100,6
51146.0,445.0,TCP,0.003,2.0,174.0,0,192,168,220,5,192,168,100,5
137.0,137.0,UDP,0.0,1.0,92.0,0,192,168,220,3,192,168,220,255
445.0,43145.0,TCP,0.0,1.0,108.0,0,192,168,100,5,192,168,220,4
48888.0,445.0,TCP,0.0,1.0,66.0,0,192,168,220,15,192,168,100,5
46756.0,5190.0,TCP,0.0,1.0,58.0,1,192,168,220,16,192,168,210,4
58650.0,80.0,TCP,0.004,6.0,545.0,1,192,168,220,16,192,168,100,6
445.0,40239.0,TCP,0.0,1.0,108.0,0,192,168,100,5,192,168,220,10
445.0,40239.0,TCP,0.0,1.0,108.0,0,192,168,100,5,192,168,220,10
57910.0,80.0,TCP,0.006,5.0,479.0,1,192,168,220,16,192,168,100,6
58445.0,80.0,TCP,0.005,5.0,479.0,1,192,168,220,16,192,168,100,6
56827.0,80.0,TCP,0.003,6.0,545.0,1,192,168,220,16,192,168,100,6
445.0,52321.0,TCP,0.0,1.0,108.0,0,192,168,100,5,192,168,220,14
445.0,52321.0,TCP,0.0,1.0,70.0,0,192,168,100,5,192,168,220,14
59438.0,80.0,TCP,0.004,5.0,479.0,1,192,168,220,16,192,168,100,6
48888.0,445.0,TCP,0.002,2.0,174.0,0,192,168,220,15,192,168,100,5
58844.0,445.0,TCP,0.0,1.0,66.0,0,192,168,220,16,192,168,100,5
49511.0,445.0,TCP,0.003,2.0,174.0,0,192,168,220,12,192,168,100,5
60389.0,80.0,TCP,0.002,5.0,479.0,1,192,168,220,16,192,168,100,6
445.0,46808.0,TCP,0.0,1.0,108.0,0,192,168,100,5,192,168,200,5
445.0,58844.0,TCP,0.0,1.0,108.0,0,192,168,100,5,192,168,220,16
138.0,138.0,UDP,0.0,1.0,262.0,0,192,168,220,10,192,168,220,255
445.0,58844.0,TCP,0.0,1.0,108.0,0,192,168,100,5,192,168,220,16
59086.0,80.0,TCP,0.006,5.0,479.0,1,192,168,220,16,192,168,100,6
57860.0,80.0,TCP,0.003,5.0,479.0,1,192,168,220,16,192,168,100,6
58842.0,80.0,TCP,0.005,6.0,545.0,1,192,168,220,16,192,168,100,6
59105.0,80.0,TCP,0.005,5.0,479.0,1,192,168,220,16,192,168,100,6
56732.0,80.0,TCP,0.004,6.0,545.0,1,192,168,220,16,192,168,100,6
445.0,58844.0,TCP,0.0,1.0,108.0,0,192,168,100,5,192,168,220,16
445.0,37191.0,TCP,0.0,1.0,108.0,0,192,168,100,5,192,168,220,7
57957.0,80.0,TCP,0.006,6.0,545.0,1,192,168,220,16,192,168,100,6
58961126.0,80.0,TCP,0.0069999999999999,6.0,545.0,1,192,168,220,16,192,168,100,6
59934.0,80.0,TCP,0.006,5.0,479.0,1,192,168,220,16,192,168,100,6
58489.0,80.0,TCP,0.003,5.0,479.0,1,192,168,220,16,192,168,100,6
445.0,43145.0,TCP,0.0,1.0,108.0,0,192,168,100,5,192,168,220,4
34743.0,445.0,TCP,0.001,2.0,174.0,0,192,168,220,11,192,168,100,5
34046.0,80.0,TCP,0.003,5.0,479.0,1,192,168,220,16,192,168,100,6
57845.0,80.0,TCP,0.003,5.0,479.0,1,192,168,220,16,192,168,100,6
48888.0,445.0,TCP,0.004,2.0,174.0,0,192,168,220,15,192,168,100,5
137.0,137.0,UDP,0.0,1.0,92.0,0,192,168,220,3,192,168,220,255
51146.0,445.0,TCP,0.001,2.0,174.0,0,192,168,220,5,192,168,100,5
60149.0,80.0,TCP,0.003,5.0,479.0,1,192,168,220,16,192,168,100,6
59033.0,80.0,TCP,0.0069999999999999,6.0,545.0,1,192,168,220,16,192,168,100,6
51146.0,445.0,TCP,0.0,1.0,66.0,0,192,168,220,5,192,168,100,5
445.0,49094.0,TCP,0.0,1.0,108.0,0,192,168,100,5,192,168,220,8
445.0,48888.0,TCP,0.0,1.0,108.0,0,192,168,100,5,192,168,220,15
58827.0,80.0,TCP,0.004,5.0,479.0,1,192,168,220,16,192,168,100,6
445.0,60689.0,TCP,0.0,1.0,108.0,0,192,168,100,5,192,168,220,13
56466.0,80.0,TCP,0.006,6.0,545.0,1,192,168,220,16,192,168,100,6
445.0,52321.0,TCP,0.0,1.0,108.0,0,192,168,100,5,192,168,220,14
35189.0,80.0,TCP,0.005,5.0,479.0,1,192,168,220,16,192,168,100,6
37191.0,445.0,TCP,0.0,1.0,66.0,0,192,168,220,7,192,168,100,5
33141.0,80.0,TCP,0.004,6.0,545.0,1,192,168,220,16,192,168,100,6
58234.0,80.0,TCP,0.005,6.0,545.0,1,192,168,220,16,192,168,100,6
137.0,137.0,UDP,0.0,1.0,92.0,0,192,168,220,14,192,168,220,255
52321.0,445.0,TCP,0.0,1.0,66.0,0,192,168,220,14,192,168,100,5
33420.0,80.0,TCP,0.003,5.0,479.0,1,192,168,220,16,192,168,100,6
59098.0,80.0,TCP,0.003,5.0,479.0,1,192,168,220,16,192,168,100,6
46808.0,445.0,TCP,0.005,2.0,174.0,0,192,168,200,5,192,168,100,5
57863.0,80.0,TCP,0.005,6.0,545.0,1,192,168,220,16,192,168,100,6
56463.0,80.0,TCP,0.003,5.0,479.0,1,192,168,220,16,192,168,100,6
55945.0,80.0,TCP,0.005,5.0,479.0,1,192,168,220,16,192,168,100,6
59537.0,80.0,TCP,0.006,6.0,545.0,1,192,168,220,16,192,168,100,6
43183.0,445.0,TCP,0.002,2.0,174.0,0,192,168,200,4,192,168,100,5
58418.0,80.0,TCP,0.003,6.0,545.0,1,192,168,220,16,192,168,100,6
137.0,137.0,UDP,0.0,1.0,92.0,0,192,168,220,14,192,168,220,255
37884.0,445.0,TCP,0.005,2.0,174.0,0,192,168,220,9,192,168,100,5
445.0,37191.0,TCP,0.0,1.0,108.0,0,192,168,100,5,192,168,220,7
60353.0,80.0,TCP,0.004,6.0,545.0,1,192,168,220,16,192,168,100,6
37191.0,445.0,TCP,0.003,2.0,174.0,0,192,168,220,7,192,168,100,5
59290.0,80.0,TCP,0.006,5.0,479.0,1,192,168,220,16,192,168,100,6
52321.0,445.0,TCP,0.002,2.0,174.0,0,192,168,220,14,192,168,100,5
46709.0,445.0,TCP,0.0,1.0,66.0,0,192,168,220,6,192,168,100,5
445.0,34743.0,TCP,0.0,1.0,108.0,0,192,168,100,5,192,168,220,11
587.0,55308.0,TCP,0.078,7.0,546.0,0,192,168,100,4,192,168,220,12
445.0,58844.0,TCP,0.0,1.0,108.0,0,192,168,100,5,192,168,220,16
35233.0,80.0,TCP,0.003,5.0,479.0,1,192,168,220,16,192,168,100,6
445.0,49511.0,TCP,0.0,1.0,108.0,0,192,168,100,5,192,168,220,12
60973.0,80.0,TCP,0.002,5.0,479.0,1,192,168,220,16,192,168,100,6
445.0,34743.0,TCP,0.0,1.0,70.0,0,192,168,100,5,192,168,220,11
51357.0,6007.0,TCP,0.0,1.0,58.0,1,192,168,220,16,192,168,200,4
58874.0,80.0,TCP,0.003,5.0,479.0,1,192,168,220,16,192,168,100,6
60218.0,80.0,TCP,0.006,5.0,479.0,1,192,168,220,16,192,168,100,6
445.0,37191.0,TCP,0.0,1.0,108.0,0,192,168,100,5,192,168,220,7
445.0,52321.0,TCP,0.0,1.0,108.0,0,192,168,100,5,192,168,220,14
445.0,60689.0,TCP,0.0,1.0,108.0,0,192,168,100,5,192,168,220,13
445.0,60689.0,TCP,0.0,1.0,108.0,0,192,168,100,5,192,168,220,13
445.0,49094.0,TCP,0.0,1.0,108.0,0,192,168,100,5,192,168,220,8
58832.0,80.0,TCP,0.002,6.0,545.0,1,192,168,220,16,192,168,100,6
43145.0,445.0,TCP,0.0,1.0,66.0,0,192,168,220,4,192,168,100,5
58299.0,80.0,TCP,0.006,5.0,479.0,1,192,168,220,16,192,168,100,6
60689.0,445.0,TCP,0.004,2.0,174.0,0,192,168,220,13,192,168,100,5
57910.0,80.0,TCP,0.003,5.0,479.0,1,192,168,220,16,192,168,100,6
60689.0,445.0,TCP,0.004,2.0,174.0,0,192,168,220,13,192,168,100,5
34743.0,445.0,TCP,0.003,2.0,174.0,0,192,168,220,11,192,168,100,5
33722.0,80.0,TCP,0.005,5.0,479.0,1,192,168,220,16,192,168,100,6
59204.0,80.0,TCP,0.003,5.0,479.0,1,192,168,220,16,192,168,100,6
58264.0,80.0,TCP,0.003,5.0,479.0,1,192,168,220,16,192,168,100,6
58844.0,445.0,TCP,0.0,1.0,66.0,0,192,168,220,16,192,168,100,5
34743.0,445.0,TCP,0.004,2.0,174.0,0,192,168,220,11,192,168,100,5
43183.0,445.0,TCP,0.0,1.0,66.0,0,192,168,200,4,192,168,100,5
35999.0,80.0,TCP,0.005,5.0,479.0,1,192,168,220,16,192,168,100,6
445.0,51146.0,TCP,0.0,1.0,108.0,0,192,168,100,5,192,168,220,5
34743.0,445.0,TCP,0.002,2.0,174.0,0,192,168,220,11,192,168,100,5
59821.0,80.0,TCP,0.004,6.0,545.0,1,192,168,220,16,192,168,100,6
137.0,137.0,UDP,0.0,1.0,92.0,0,192,168,220,6,192,168,220,255
445.0,37884.0,TCP,0.0,1.0,70.0,0,192,168,100,5,192,168,220,9
58844.0,445.0,TCP,0.001,2.0,174.0,0,192,168,220,16,192,168,100,5
36989.0,80.0,TCP,0.005,5.0,479.0,1,192,168,220,16,192,168,100,6
445.0,43183.0,TCP,0.0,1.0,108.0,0,192,168,100,5,192,168,200,4
445.0,52321.0,TCP,0.0,1.0,108.0,0,192,168,100,5,192,168,220,14
51357.0,5269.0,TCP,0.0,1.0,58.0,1,192,168,220,16,192,168,200,8
46709.0,445.0,TCP,0.0,1.0,66.0,0,192,168,220,6,192,168,100,5
57935.0,80.0,TCP,0.005,5.0,479.0,1,192,168,220,16,192,168,100,6
59071.0,80.0,TCP,0.005,5.0,479.0,1,192,168,220,16,192,168,100,6
51416.0,25.0,TCP,0.0,1.0,58.0,1,192,168,220,16,192,168,200,5
59254.0,80.0,TCP,0.005,5.0,479.0,1,192,168,220,16,192,168,100,6
46709.0,445.0,TCP,0.003,2.0,174.0,0,192,168,220,6,192,168,100,5
58844.0,445.0,TCP,0.004,2.0,174.0,0,192,168,220,16,192,168,100,5
56595.0,80.0,TCP,0.004,5.0,479.0,1,192,168,220,16,192,168,100,6
445.0,34743.0,TCP,0.0,1.0,108.0,0,192,168,100,5,192,168,220,11
57994.0,80.0,TCP,0.004,5.0,479.0,1,192,168,220,16,192,168,100,6
58381.0,80.0,TCP,0.004,5.0,479.0,1,192,168,220,16,192,168,100,6
138.0,138.0,UDP,0.0,1.0,262.0,0,192,168,220,14,192,168,220,255
445.0,37191.0,TCP,0.0,1.0,108.0,0,192,168,100,5,192,168,220,7
55823.0,80.0,TCP,0.005,6.0,545.0,1,192,168,220,16,192,168,100,6
137.0,137.0,UDP,0.0,1.0,92.0,0,192,168,220,8,192,168,220,255
35261.0,80.0,TCP,0.004,6.0,545.0,1,192,168,220,16,192,168,100,6
51146.0,445.0,TCP,0.004,2.0,174.0,0,192,168,220,5,192,168,100,5
58844.0,445.0,TCP,0.004,2.0,174.0,0,192,168,220,16,192,168,100,5
445.0,52321.0,TCP,0.0,1.0,108.0,0,192,168,100,5,192,168,220,14
445.0,40239.0,TCP,0.0,1.0,108.0,0,192,168,100,5,192,168,220,10
36121.0,80.0,TCP,0.003,5.0,479.0,1,192,168,220,16,192,168,100,6
57922.0,80.0,TCP,0.004,5.0,479.0,1,192,168,220,16,192,168,100,6
445.0,34743.0,TCP,0.0,1.0,108.0,0,192,168,100,5,192,168,220,11
445.0,40239.0,TCP,0.0,1.0,108.0,0,192,168,100,5,192,168,220,10
37884.0,445.0,TCP,0.003,2.0,174.0,0,192,168,220,9,192,168,100,5
445.0,48888.0,TCP,0.0,1.0,108.0,0,192,168,100,5,192,168,220,15
55760.0,80.0,TCP,0.004,6.0,545.0,1,192,168,220,16,192,168,100,6
57828.0,80.0,TCP,0.006,6.0,545.0,1,192,168,220,16,192,168,100,6
445.0,49094.0,TCP,0.0,1.0,70.0,0,192,168,100,5,192,168,220,8
59723.0,80.0,TCP,0.006,5.0,479.0,1,192,168,220,16,192,168,100,6
445.0,48888.0,TCP,0.0,1.0,108.0,0,192,168,100,5,192,168,220,15
34743.0,445.0,TCP,0.003,2.0,174.0,0,192,168,220,11,192,168,100,5
445.0,48888.0,TCP,0.0,1.0,108.0,0,192,168,100,5,192,168,220,15
445.0,34743.0,TCP,0.0,1.0,108.0,0,192,168,100,5,192,168,220,11
51358.0,906.0,TCP,0.0,1.0,58.0,1,192,168,220,16,192,168,200,9
57849.0,80.0,TCP,0.004,5.0,479.0,1,192,168,220,16,192,168,100,6
57732.0,80.0,TCP,0.006,5.0,479.0,1,192,168,220,16,192,168,100,6
59094.0,80.0,TCP,0.004,5.0,479.0,1,192,168,220,16,192,168,100,6
59139.0,80.0,TCP,0.002,5.0,479.0,1,192,168,220,16,192,168,100,6
36870.0,80.0,TCP,0.005,5.0,479.0,1,192,168,220,16,192,168,100,6
32871.0,80.0,TCP,0.004,5.0,479.0,1,192,168,220,16,192,168,100,6
48888.0,445.0,TCP,0.004,2.0,174.0,0,192,168,220,15,192,168,100,5
49511.0,445.0,TCP,0.002,2.0,174.0,0,192,168,220,12,192,168,100,5
445.0,49511.0,TCP,0.0,1.0,108.0,0,192,168,100,5,192,168,220,12
48888.0,445.0,TCP,0.004,2.0,174.0,0,192,168,220,15,192,168,100,5
58960.0,80.0,TCP,0.006,5.0,479.0,1,192,168,220,16,192,168,100,6
57843.0,80.0,TCP,0.006,6.0,545.0,1,192,168,220,16,192,168,100,6
445.0,52321.0,TCP,0.0,1.0,108.0,0,192,168,100,5,192,168,220,14
34743.0,445.0,TCP,0.0,1.0,66.0,0,192,168,220,11,192,168,100,5
445.0,43183.0,TCP,0.0,1.0,108.0,0,192,168,100,5,192,168,200,4
445.0,51146.0,TCP,0.0,1.0,108.0,0,192,168,100,5,192,168,220,5
58524.0,80.0,TCP,0.002,5.0,479.0,1,192,168,220,16,192,168,100,6
34743.0,445.0,TCP,0.004,2.0,174.0,0,192,168,220,11,192,168,100,5
445.0,40239.0,TCP,0.0,1.0,108.0,0,192,168,100,5,192,168,220,10
58915.0,80.0,TCP,0.003,5.0,479.0,1,192,168,220,16,192,168,100,6
445.0,46808.0,TCP,0.0,1.0,108.0,0,192,168,100,5,192,168,200,5
58426.0,80.0,TCP,0.006,5.0,479.0,1,192,168,220,16,192,168,100,6
52321.0,445.0,TCP,0.005,2.0,174.0,0,192,168,220,14,192,168,100,5
40239.0,445.0,TCP,0.005,2.0,174.0,0,192,168,220,10,192,168,100,5
35609.0,80.0,TCP,0.003,5.0,479.0,1,192,168,220,16,192,168,100,6
445.0,37191.0,TCP,0.0,1.0,108.0,0,192,168,100,5,192,168,220,7
445.0,37884.0,TCP,0.0,1.0,108.0,0,192,168,100,5,192,168,220,9
51146.0,445.0,TCP,0.0,1.0,66.0,0,192,168,220,5,192,168,100,5
36996.0,80.0,TCP,0.004,5.0,479.0,1,192,168,220,16,192,168,100,6
40239.0,445.0,TCP,0.004,2.0,174.0,0,192,168,220,10,192,168,100,5
445.0,58844.0,TCP,0.0,1.0,108.0,0,192,168,100,5,192,168,220,16
137.0,137.0,UDP,0.0,1.0,92.0,0,192,168,220,12,192,168,220,255
49094.0,445.0,TCP,0.003,2.0,174.0,0,192,168,220,8,192,168,100,5
445.0,46808.0,TCP,0.0,1.0,70.0,0,192,168,100,5,192,168,200,5
46755.0,52822.0,TCP,0.0,1.0,58.0,1,192,168,220,16,192,168,210,4
445.0,46709.0,TCP,0.0,1.0,108.0,0,192,168,100,5,192,168,220,6
445.0,43145.0,TCP,0.0,1.0,108.0,0,192,168,100,5,192,168,220,4
40239.0,445.0,TCP,0.004,2.0,174.0,0,192,168,220,10,192,168,100,5
49511.0,445.0,TCP,0.0,1.0,66.0,0,192,168,220,12,192,168,100,5
35218.0,80.0,TCP,0.002,5.0,479.0,1,192,168,220,16,192,168,100,6
445.0,51146.0,TCP,0.0,1.0,108.0,0,192,168,100,5,192,168,220,5
36639.0,80.0,TCP,0.006,5.0,479.0,1,192,168,220,16,192,168,100,6
445.0,60689.0,TCP,0.0,1.0,108.0,0,192,168,100,5,192,168,220,13
58844.0,445.0,TCP,0.003,2.0,174.0,0,192,168,220,16,192,168,100,5
445.0,37884.0,TCP,0.0,1.0,108.0,0,192,168,100,5,192,168,220,9
445.0,46709.0,TCP,0.0,1.0,108.0,0,192,168,100,5,192,168,220,6
33241.0,80.0,TCP,0.004,6.0,545.0,1,192,168,220,16,192,168,100,6
48888.0,445.0,TCP,0.005,2.0,174.0,0,192,168,220,15,192,168,100,5
46709.0,445.0,TCP,0.001,2.0,174.0,0,192,168,220,6,192,168,100,5
35052.0,80.0,TCP,0.005,5.0,479.0,1,192,168,220,16,192,168,100,6
60401.0,80.0,TCP,0.002,6.0,545.0,1,192,168,220,16,192,168,100,6
57957.0,80.0,TCP,0.003,5.0,479.0,1,192,168,220,16,192,168,100,6
445.0,58844.0,TCP,0.0,1.0,108.0,0,192,168,100,5,192,168,220,16
138.0,138.0,UDP,0.0,1.0,262.0,0,192,168,220,5,192,168,220,255
40239.0,445.0,TCP,0.004,2.0,174.0,0,192,168,220,10,192,168,100,5
43145.0,445.0,TCP,0.003,2.0,174.0,0,192,168,220,4,192,168,100,5
445.0,46709.0,TCP,0.0,1.0,108.0,0,192,168,100,5,192,168,220,6
137.0,137.0,UDP,0.0,1.0,92.0,1,192,168,220,16,192,168,220,255
445.0,49511.0,TCP,0.0,1.0,108.0,0,192,168,100,5,192,168,220,12
51357.0,25.0,TCP,0.0,1.0,58.0,1,192,168,220,16,192,168,200,5
445.0,58844.0,TCP,0.0,1.0,108.0,0,192,168,100,5,192,168,220,16
57945.0,80.0,TCP,0.006,5.0,479.0,1,192,168,220,16,192,168,100,6
37884.0,445.0,TCP,0.003,2.0,174.0,0,192,168,220,9,192,168,100,5
56572.0,80.0,TCP,0.004,5.0,479.0,1,192,168,220,16,192,168,100,6
46808.0,445.0,TCP,0.003,2.0,174.0,0,192,168,200,5,192,168,100,5
51146.0,445.0,TCP,0.004,2.0,174.0,0,192,168,220,5,192,168,100,5
46709.0,445.0,TCP,0.004,2.0,174.0,0,192,168,220,6,192,168,100,5
445.0,37191.0,TCP,0.0,1.0,108.0,0,192,168,100,5,192,168,220,7
445.0,37191.0,TCP,0.0,1.0,108.0,0,192,168,100,5,192,168,220,7
33461.0,80.0,TCP,0.005,5.0,479.0,1,192,168,220,16,192,168,100,6
445.0,37191.0,TCP,0.0,1.0,108.0,0,192,168,100,5,192,168,220,7
60689.0,445.0,TCP,0.0,1.0,66.0,0,192,168,220,13,192,168,100,5
445.0,43183.0,TCP,0.0,1.0,70.0,0,192,168,100,5,192,168,200,4
48888.0,445.0,TCP,0.005,2.0,174.0,0,192,168,220,15,192,168,100,5
58878.0,80.0,TCP,0.004,5.0,479.0,1,192,168,220,16,192,168,100,6
445.0,58844.0,TCP,0.0,1.0,108.0,0,192,168,100,5,192,168,220,16
51146.0,445.0,TCP,0.004,2.0,174.0,0,192,168,220,5,192,168,100,5
138.0,138.0,UDP,0.0,1.0,262.0,0,192,168,220,12,192,168,220,255
445.0,46709.0,TCP,0.0,1.0,70.0,0,192,168,100,5,192,168,220,6
445.0,49511.0,TCP,0.0,1.0,108.0,0,192,168,100,5,192,168,220,12
35369.0,80.0,TCP,0.005,5.0,479.0,1,192,168,220,16,192,168,100,6
445.0,48888.0,TCP,0.0,1.0,70.0,0,192,168,100,5,192,168,220,15
137.0,137.0,UDP,0.0,1.0,92.0,0,192,168,200,5,192,168,200,255
59814.0,80.0,TCP,0.006,5.0,479.0,1,192,168,220,16,192,168,100,6
445.0,46808.0,TCP,0.0,1.0,108.0,0,192,168,100,5,192,168,200,5
445.0,37884.0,TCP,0.0,1.0,108.0,0,192,168,100,5,192,168,220,9
49094.0,445.0,TCP,0.004,2.0,174.0,0,192,168,220,8,192,168,100,5
58844.0,445.0,TCP,0.0,1.0,66.0,0,192,168,220,16,192,168,100,5
58844.0,445.0,TCP,0.003,2.0,174.0,0,192,168,220,16,192,168,100,5
33428.0,80.0,TCP,0.001,5.0,479.0,1,192,168,220,16,192,168,100,6
445.0,37884.0,TCP,0.0,1.0,108.0,0,192,168,100,5,192,168,220,9
43145.0,445.0,TCP,0.0,1.0,66.0,0,192,168,220,4,192,168,100,5
445.0,37191.0,TCP,0.0,1.0,108.0,0,192,168,100,5,192,168,220,7
59054.0,80.0,TCP,0.006,5.0,479.0,1,192,168,220,16,192,168,100,6
55412.0,80.0,TCP,0.004,5.0,479.0,1,192,168,220,16,192,168,100,6
445.0,37191.0,TCP,0.0,1.0,108.0,0,192,168,100,5,192,168,220,7
445.0,60689.0,TCP,0.0,1.0,108.0,0,192,168,100,5,192,168,220,13
58844.0,445.0,TCP,0.002,2.0,174.0,1,192,168,220,16,192,168,100,5
58702.0,80.0,TCP,0.003,6.0,545.0,1,192,168,220,16,192,168,100,6
56590.0,80.0,TCP,0.005,5.0,479.0,1,192,168,220,16,192,168,100,6
445.0,48888.0,TCP,0.0,1.0,108.0,0,192,168,100,5,192,168,220,15
48888.0,445.0,TCP,0.0,1.0,66.0,0,192,168,220,15,192,168,100,5
46808.0,445.0,TCP,0.003,2.0,174.0,0,192,168,200,5,192,168,100,5
445.0,48888.0,TCP,0.0,1.0,108.0,0,192,168,100,5,192,168,220,15
46709.0,445.0,TCP,0.006,2.0,174.0,0,192,168,220,6,192,168,100,5
51442.0,25.0,TCP,0.0,1.0,58.0,1,192,168,220,16,192,168,200,5
58844.0,445.0,TCP,0.005,2.0,174.0,0,192,168,220,16,192,168,100,5
58004.0,80.0,TCP,0.006,5.0,479.0,1,192,168,220,16,192,168,100,6
445.0,46709.0,TCP,0.0,1.0,108.0,0,192,168,100,5,192,168,220,6
37191.0,445.0,TCP,0.003,2.0,174.0,0,192,168,220,7,192,168,100,5
43145.0,445.0,TCP,0.003,2.0,174.0,0,192,168,220,4,192,168,100,5
59986.0,80.0,TCP,0.003,5.0,479.0,1,192,168,220,16,192,168,100,6
59913.0,80.0,TCP,0.005,5.0,479.0,1,192,168,220,16,192,168,100,6
40239.0,445.0,TCP,0.0,1.0,66.0,0,192,168,220,10,192,168,100,5
445.0,43145.0,TCP,0.0,1.0,70.0,0,192,168,100,5,192,168,220,4
445.0,49511.0,TCP,0.0,1.0,108.0,0,192,168,100,5,192,168,220,12
445.0,52321.0,TCP,0.0,1.0,70.0,0,192,168,100,5,192,168,220,14
445.0,52321.0,TCP,0.0,1.0,108.0,0,192,168,100,5,192,168,220,14
445.0,46808.0,TCP,0.0,1.0,108.0,0,192,168,100,5,192,168,200,5
51357.0,5100.0,TCP,0.0,1.0,58.0,1,192,168,220,16,192,168,200,8
51146.0,445.0,TCP,0.005,2.0,174.0,0,192,168,220,5,192,168,100,5
58642.0,80.0,TCP,0.003,6.0,545.0,1,192,168,220,16,192,168,100,6
59074.0,80.0,TCP,0.006,6.0,545.0,1,192,168,220,16,192,168,100,6
49511.0,445.0,TCP,0.002,2.0,174.0,0,192,168,220,12,192,168,100,5
33770.0,80.0,TCP,0.004,6.0,545.0,1,192,168,220,16,192,168,100,6
37191.0,445.0,TCP,0.003,2.0,174.0,0,192,168,220,7,192,168,100,5
46709.0,445.0,TCP,0.003,2.0,174.0,0,192,168,220,6,192,168,100,5
51146.0,445.0,TCP,0.002,2.0,174.0,0,192,168,220,5,192,168,100,5
58378.0,80.0,TCP,0.002,5.0,479.0,1,192,168,220,16,192,168,100,6
60689.0,445.0,TCP,0.002,2.0,174.0,0,192,168,220,13,192,168,100,5
445.0,51146.0,TCP,0.0,1.0,108.0,0,192,168,100,5,192,168,220,5
57123.0,80.0,TCP,0.003,6.0,545.0,1,192,168,220,16,192,168,100,6
37884.0,445.0,TCP,0.003,2.0,174.0,0,192,168,220,9,192,168,100,5
59623.0,80.0,TCP,0.004,5.0,479.0,1,192,168,220,16,192,168,100,6
51357.0,1092.0,TCP,0.0,1.0,58.0,1,192,168,220,16,192,168,200,4
51146.0,445.0,TCP,0.005,2.0,174.0,0,192,168,220,5,192,168,100,5
59097.0,80.0,TCP,0.004,6.0,545.0,1,192,168,220,16,192,168,100,6
445.0,52321.0,TCP,0.0,1.0,108.0,0,192,168,100,5,192,168,220,14
43145.0,445.0,TCP,0.005,2.0,174.0,0,192,168,220,4,192,168,100,5
58339.0,80.0,TCP,0.006,5.0,479.0,1,192,168,220,16,192,168,100,6
445.0,43183.0,TCP,0.0,1.0,108.0,0,192,168,100,5,192,168,200,4
56938.0,80.0,TCP,0.005,6.0,545.0,1,192,168,220,16,192,168,100,6
445.0,37884.0,TCP,0.0,1.0,108.0,0,192,168,100,5,192,168,220,9
49094.0,445.0,TCP,0.004,2.0,174.0,0,192,168,220,8,192,168,100,5
445.0,51146.0,TCP,0.0,1.0,108.0,0,192,168,100,5,192,168,220,5
59139.0,80.0,TCP,0.004,5.0,479.0,1,192,168,220,16,192,168,100,6
58932.0,80.0,TCP,0.005,5.0,479.0,1,192,168,220,16,192,168,100,6
58450.0,80.0,TCP,0.003,5.0,479.0,1,192,168,220,16,192,168,100,6
445.0,60689.0,TCP,0.0,1.0,108.0,0,192,168,100,5,192,168,220,13
49094.0,445.0,TCP,0.003,2.0,174.0,0,192,168,220,8,192,168,100,5
48888.0,445.0,TCP,0.005,2.0,174.0,0,192,168,220,15,192,168,100,5
57899.0,80.0,TCP,0.005,5.0,479.0,1,192,168,220,16,192,168,100,6
49511.0,445.0,TCP,0.0,1.0,66.0,0,192,168,220,12,192,168,100,5
37884.0,445.0,TCP,0.002,2.0,174.0,0,192,168,220,9,192,168,100,5
57350.0,80.0,TCP,0.005,5.0,479.0,1,192,168,220,16,192,168,100,6
59967.0,80.0,TCP,0.006,5.0,479.0,1,192,168,220,16,192,168,100,6
46755.0,6689.0,TCP,0.0,1.0,58.0,1,192,168,220,16,192,168,210,5
40239.0,445.0,TCP,0.004,2.0,174.0,0,192,168,220,10,192,168,100,5
40239.0,445.0,TCP,0.003,2.0,174.0,0,192,168,220,10,192,168,100,5
445.0,49511.0,TCP,0.0,1.0,108.0,0,192,168,100,5,192,168,220,12
59972.0,80.0,TCP,0.005,6.0,545.0,1,192,168,220,16,192,168,100,6
445.0,52321.0,TCP,0.0,1.0,108.0,0,192,168,100,5,192,168,220,14
43145.0,445.0,TCP,0.003,2.0,174.0,0,192,168,220,4,192,168,100,5
46709.0,445.0,TCP,0.005,2.0,174.0,0,192,168,220,6,192,168,100,5
137.0,137.0,UDP,0.0,1.0,92.0,0,192,168,200,5,192,168,200,255
48888.0,445.0,TCP,0.003,2.0,174.0,0,192,168,220,15,192,168,100,5
49094.0,445.0,TCP,0.003,2.0,174.0,0,192,168,220,8,192,168,100,5
49094.0,445.0,TCP,0.003,2.0,174.0,0,192,168,220,8,192,168,100,5
51146.0,445.0,TCP,0.009,2.0,174.0,0,192,168,220,5,192,168,100,5
33279.0,80.0,TCP,0.003,6.0,545.0,1,192,168,220,16,192,168,100,6
445.0,43145.0,TCP,0.0,1.0,108.0,0,192,168,100,5,192,168,220,4
445.0,43183.0,TCP,0.0,1.0,108.0,0,192,168,100,5,192,168,200,4
51357.0,64611.0,TCP,0.0,1.0,58.0,1,192,168,220,16,192,168,200,5
59912.0,80.0,TCP,0.004,6.0,545.0,0,192,168,220,5,192,168,100,6
445.0,43183.0,TCP,0.0,1.0,108.0,0,192,168,100,5,192,168,200,4
34466.0,80.0,TCP,0.003,5.0,479.0,1,192,168,220,16,192,168,100,6
445.0,60689.0,TCP,0.0,1.0,108.0,0,192,168,100,5,192,168,220,13
58897.0,80.0,TCP,0.004,5.0,479.0,1,192,168,220,16,192,168,100,6
58223.0,80.0,TCP,0.004,5.0,479.0,1,192,168,220,16,192,168,100,6
58941.0,80.0,TCP,0.006,5.0,479.0,1,192,168,220,16,192,168,100,6
58844.0,445.0,TCP,0.0,1.0,66.0,0,192,168,220,16,192,168,100,5
445.0,37191.0,TCP,0.0,1.0,108.0,0,192,168,100,5,192,168,220,7
445.0,51146.0,TCP,0.0,1.0,108.0,0,192,168,100,5,192,168,220,5
445.0,58844.0,TCP,0.0,1.0,108.0,0,192,168,100,5,192,168,220,16
52321.0,445.0,TCP,0.0,1.0,66.0,0,192,168,220,14,192,168,100,5
59424.0,80.0,TCP,0.005,6.0,545.0,1,192,168,220,16,192,168,100,6
445.0,58844.0,TCP,0.0,1.0,108.0,0,192,168,100,5,192,168,220,16
57956.0,80.0,TCP,0.003,6.0,545.0,1,192,168,220,16,192,168,100,6
445.0,43145.0,TCP,0.0,1.0,108.0,0,192,168,100,5,192,168,220,4
46709.0,445.0,TCP,0.004,2.0,174.0,0,192,168,220,6,192,168,100,5
35024.0,80.0,TCP,0.003,5.0,479.0,1,192,168,220,16,192,168,100,6
52321.0,445.0,TCP,0.004,2.0,174.0,0,192,168,220,14,192,168,100,5
34199.0,80.0,TCP,0.004,5.0,479.0,1,192,168,220,16,192,168,100,6
445.0,48888.0,TCP,0.0,1.0,108.0,0,192,168,100,5,192,168,220,15
51357.0,8081.0,TCP,0.0,1.0,58.0,1,192,168,220,16,192,168,200,5
60366.0,80.0,TCP,0.005,5.0,479.0,1,192,168,220,16,192,168,100,6
51146.0,445.0,TCP,0.004,2.0,174.0,0,192,168,220,5,192,168,100,5
445.0,46808.0,TCP,0.0,1.0,70.0,0,192,168,100,5,192,168,200,5
59925.0,80.0,TCP,0.003,6.0,545.0,1,192,168,220,16,192,168,100,6
445.0,60689.0,TCP,0.0,1.0,108.0,0,192,168,100,5,192,168,220,13
43183.0,445.0,TCP,0.001,2.0,174.0,0,192,168,200,4,192,168,100,5
46709.0,445.0,TCP,0.002,2.0,174.0,0,192,168,220,6,192,168,100,5
33376.0,80.0,TCP,0.002,5.0,479.0,1,192,168,220,16,192,168,100,6
445.0,49094.0,TCP,0.0,1.0,70.0,0,192,168,100,5,192,168,220,8
58844.0,445.0,TCP,0.001,2.0,174.0,0,192,168,220,16,192,168,100,5
445.0,37191.0,TCP,0.0,1.0,108.0,0,192,168,100,5,192,168,220,7
445.0,43183.0,TCP,0.0,1.0,108.0,0,192,168,100,5,192,168,200,4
60625.0,80.0,TCP,0.002,6.0,545.0,1,192,168,220,16,192,168,100,6
56683.0,80.0,TCP,0.004,5.0,479.0,1,192,168,220,16,192,168,100,6
59024.0,80.0,TCP,0.003,6.0,545.0,1,192,168,220,16,192,168,100,6
58844.0,445.0,TCP,0.005,2.0,174.0,0,192,168,220,16,192,168,100,5
59107.0,80.0,TCP,0.006,6.0,545.0,1,192,168,220,16,192,168,100,6
56169.0,80.0,TCP,0.005,6.0,545.0,1,192,168,220,16,192,168,100,6
37884.0,445.0,TCP,0.003,2.0,174.0,0,192,168,220,9,192,168,100,5
33957.0,80.0,TCP,0.003,5.0,479.0,1,192,168,220,16,192,168,100,6
40239.0,445.0,TCP,0.003,2.0,174.0,0,192,168,220,10,192,168,100,5
51146.0,445.0,TCP,0.003,2.0,174.0,0,192,168,220,5,192,168,100,5
58355.0,80.0,TCP,0.006,5.0,479.0,1,192,168,220,16,192,168,100,6
445.0,43145.0,TCP,0.0,1.0,108.0,0,192,168,100,5,192,168,220,4
445.0,43145.0,TCP,0.0,1.0,108.0,0,192,168,100,5,192,168,220,4
52321.0,445.0,TCP,0.003,2.0,174.0,0,192,168,220,14,192,168,100,5
445.0,46808.0,TCP,0.0,1.0,108.0,0,192,168,100,5,192,168,200,5
137.0,137.0,UDP,0.0,1.0,92.0,0,192,168,220,13,192,168,220,255
58844.0,445.0,TCP,0.004,2.0,174.0,1,192,168,220,16,192,168,100,5
57296.0,80.0,TCP,0.004,5.0,479.0,1,192,168,220,16,192,168,100,6
59817.0,80.0,TCP,0.006,6.0,545.0,1,192,168,220,16,192,168,100,6
445.0,49511.0,TCP,0.0,1.0,108.0,0,192,168,100,5,192,168,220,12
59308.0,80.0,TCP,0.005,6.0,545.0,1,192,168,220,16,192,168,100,6
36944.0,80.0,TCP,0.004,5.0,479.0,1,192,168,220,16,192,168,100,6
57947.0,80.0,TCP,0.004,5.0,479.0,1,192,168,220,16,192,168,100,6
59765.0,80.0,TCP,0.006,6.0,545.0,1,192,168,220,16,192,168,100,6
58258.0,80.0,TCP,0.004,5.0,479.0,1,192,168,220,16,192,168,100,6
445.0,46808.0,TCP,0.0,1.0,108.0,0,192,168,100,5,192,168,200,5
52321.0,445.0,TCP,0.002,2.0,174.0,0,192,168,220,14,192,168,100,5
55735.0,80.0,TCP,0.005,6.0,545.0,1,192,168,220,16,192,168,100,6
32883.0,80.0,TCP,0.006,5.0,479.0,1,192,168,220,16,192,168,100,6
57845.0,80.0,TCP,0.006,5.0,479.0,1,192,168,220,16,192,168,100,6
51146.0,445.0,TCP,0.005,2.0,174.0,0,192,168,220,5,192,168,100,5
58764.0,80.0,TCP,0.006,6.0,545.0,1,192,168,220,16,192,168,100,6
37884.0,445.0,TCP,0.0,1.0,66.0,0,192,168,220,9,192,168,100,5
55926.0,80.0,TCP,0.005,6.0,545.0,1,192,168,220,16,192,168,100,6
58860.0,80.0,TCP,0.001,5.0,479.0,1,192,168,220,16,192,168,100,6
445.0,60689.0,TCP,0.0,1.0,108.0,0,192,168,100,5,192,168,220,13
43145.0,445.0,TCP,0.002,2.0,174.0,0,192,168,220,4,192,168,100,5
46709.0,445.0,TCP,0.004,2.0,174.0,0,192,168,220,6,192,168,100,5
55943.0,80.0,TCP,0.005,5.0,479.0,1,192,168,220,16,192,168,100,6
34874.0,80.0,TCP,0.005,5.0,479.0,1,192,168,220,16,192,168,100,6
46709.0,445.0,TCP,0.004,2.0,174.0,0,192,168,220,6,192,168,100,5
52321.0,445.0,TCP,0.002,2.0,174.0,0,192,168,220,14,192,168,100,5
51358.0,1124.0,TCP,0.0,1.0,58.0,1,192,168,220,16,192,168,200,8
59734.0,80.0,TCP,0.004,5.0,479.0,1,192,168,220,16,192,168,100,6
445.0,43183.0,TCP,0.0,1.0,108.0,0,192,168,100,5,192,168,200,4
36241.0,80.0,TCP,0.002,5.0,479.0,1,192,168,220,16,192,168,100,6
445.0,43183.0,TCP,0.0,1.0,108.0,0,192,168,100,5,192,168,200,4
49094.0,445.0,TCP,0.001,2.0,174.0,0,192,168,220,8,192,168,100,5
35029.0,80.0,TCP,0.002,6.0,545.0,1,192,168,220,16,192,168,100,6
35607.0,80.0,TCP,0.003,5.0,479.0,1,192,168,220,16,192,168,100,6
55946.0,80.0,TCP,0.003,6.0,545.0,1,192,168,220,16,192,168,100,6
59934.0,80.0,TCP,0.004,5.0,479.0,1,192,168,220,16,192,168,100,6
43145.0,445.0,TCP,0.002,2.0,174.0,0,192,168,220,4,192,168,100,5
37283.0,80.0,TCP,0.003,5.0,479.0,1,192,168,220,16,192,168,100,6
60689.0,445.0,TCP,0.003,2.0,174.0,0,192,168,220,13,192,168,100,5
445.0,34743.0,TCP,0.0,1.0,108.0,0,192,168,100,5,192,168,220,11
37248.0,80.0,TCP,0.006,6.0,545.0,1,192,168,220,16,192,168,100,6
137.0,137.0,UDP,0.0,1.0,92.0,0,192,168,220,13,192,168,220,255
67.0,68.0,UDP,0.0,1.0,342.0,0,192,168,200,9,192,168,200,8
445.0,43183.0,TCP,0.0,1.0,108.0,0,192,168,100,5,192,168,200,4
58422.0,80.0,TCP,0.004,5.0,479.0,1,192,168,220,16,192,168,100,6
445.0,34743.0,TCP,0.0,1.0,108.0,0,192,168,100,5,192,168,220,11
59143.0,80.0,TCP,0.003,5.0,479.0,1,192,168,220,16,192,168,100,6
34820.0,80.0,TCP,0.003,5.0,479.0,1,192,168,220,16,192,168,100,6
57298.0,80.0,TCP,0.004,5.0,479.0,1,192,168,220,16,192,168,100,6
59158.0,80.0,TCP,0.003,6.0,545.0,1,192,168,220,16,192,168,100,6
51358.0,3200.0,TCP,0.0,1.0,58.0,1,192,168,220,16,192,168,200,8
35690.0,80.0,TCP,0.006,5.0,479.0,1,192,168,220,16,192,168,100,6
49511.0,445.0,TCP,0.003,2.0,174.0,0,192,168,220,12,192,168,100,5
33583.0,80.0,TCP,0.003,5.0,479.0,1,192,168,220,16,192,168,100,6
51357.0,64626.0,TCP,0.0,1.0,58.0,1,192,168,220,16,192,168,200,2
60874.0,80.0,TCP,0.004,6.0,545.0,1,192,168,220,16,192,168,100,6
35751.0,80.0,TCP,0.006,5.0,479.0,1,192,168,220,16,192,168,100,6
56141.0,80.0,TCP,0.004,5.0,479.0,1,192,168,220,16,192,168,100,6
56782.0,80.0,TCP,0.004,5.0,479.0,1,192,168,220,16,192,168,100,6
37191.0,445.0,TCP,0.0,1.0,66.0,0,192,168,220,7,192,168,100,5
51146.0,445.0,TCP,0.0,1.0,66.0,0,192,168,220,16,192,168,100,5
34743.0,445.0,TCP,0.004,2.0,174.0,0,192,168,220,11,192,168,100,5
445.0,46808.0,TCP,0.0,1.0,108.0,0,192,168,100,5,192,168,200,5
43145.0,445.0,TCP,0.002,2.0,174.0,0,192,168,220,4,192,168,100,5
55576.0,80.0,TCP,0.0069999999999999,5.0,479.0,1,192,168,220,16,192,168,100,6
46755.0,10009.0,TCP,0.0,1.0,58.0,1,192,168,220,16,192,168,210,5
34303.0,80.0,TCP,0.006,5.0,479.0,1,192,168,220,16,192,168,100,6
52321.0,445.0,TCP,0.002,2.0,174.0,0,192,168,220,14,192,168,100,5
80.0,61649.0,TCP,0.011,7.0,594.0,0,192,168,100,6,192,168,200,8
60689.0,445.0,TCP,0.003,2.0,174.0,0,192,168,220,13,192,168,100,5
445.0,34743.0,TCP,0.0,1.0,108.0,0,192,168,100,5,192,168,220,11
37191.0,445.0,TCP,0.003,2.0,174.0,0,192,168,220,7,192,168,100,5
445.0,60689.0,TCP,0.0,1.0,108.0,0,192,168,100,5,192,168,220,13
33147.0,80.0,TCP,0.002,6.0,545.0,1,192,168,220,16,192,168,100,6
57799.0,80.0,TCP,0.003,5.0,479.0,1,192,168,220,16,192,168,100,6
52321.0,445.0,TCP,0.004,2.0,174.0,0,192,168,220,14,192,168,100,5
33982.0,80.0,TCP,0.006,5.0,479.0,1,192,168,220,16,192,168,100,6
138.0,138.0,UDP,0.0,1.0,262.0,0,192,168,220,12,192,168,220,255
34743.0,445.0,TCP,0.005,2.0,174.0,0,192,168,220,11,192,168,100,5
445.0,37884.0,TCP,0.0,1.0,108.0,0,192,168,100,5,192,168,220,9
36569.0,80.0,TCP,0.005,5.0,479.0,1,192,168,220,16,192,168,100,6
57841.0,80.0,TCP,0.004,6.0,545.0,1,192,168,220,16,192,168,100,6
445.0,46808.0,TCP,0.0,1.0,108.0,0,192,168,100,5,192,168,200,5
137.0,137.0,UDP,0.0,1.0,92.0,0,192,168,200,5,192,168,200,255
445.0,37884.0,TCP,0.0,1.0,108.0,0,192,168,100,5,192,168,220,9
59704.0,80.0,TCP,0.006,5.0,479.0,1,192,168,220,16,192,168,100,6
37884.0,445.0,TCP,0.004,2.0,174.0,0,192,168,220,9,192,168,100,5
57636.0,80.0,TCP,0.005,6.0,545.0,1,192,168,220,16,192,168,100,6
36946.0,80.0,TCP,0.004,5.0,479.0,1,192,168,220,16,192,168,100,6
445.0,37884.0,TCP,0.0,1.0,108.0,0,192,168,100,5,192,168,220,9
445.0,51146.0,TCP,0.0,1.0,108.0,0,192,168,100,5,192,168,220,5
49094.0,445.0,TCP,0.004,2.0,174.0,0,192,168,220,8,192,168,100,5
49094.0,445.0,TCP,0.003,2.0,174.0,0,192,168,220,8,192,168,100,5
43145.0,445.0,TCP,0.003,2.0,174.0,0,192,168,220,4,192,168,100,5
35201.0,80.0,TCP,0.004,5.0,479.0,1,192,168,220,16,192,168,100,6
60689.0,445.0,TCP,0.003,2.0,174.0,1,192,168,220,16,192,168,100,5
445.0,46709.0,TCP,0.0,1.0,108.0,0,192,168,100,5,192,168,220,6
445.0,49162.0,TCP,0.0,1.0,108.0,0,192,168,100,5,192,168,220,4
137.0,137.0,UDP,0.0,1.0,92.0,0,192,168,200,5,192,168,200,255
445.0,58844.0,TCP,0.0,1.0,108.0,0,192,168,100,5,192,168,220,16
445.0,34743.0,TCP,0.0,1.0,108.0,0,192,168,100,5,192,168,220,11
59845.0,80.0,TCP,0.005,6.0,545.0,1,192,168,220,16,192,168,100,6
56412.0,80.0,TCP,0.005,6.0,545.0,1,192,168,220,16,192,168,100,6
34318.0,80.0,TCP,0.005,5.0,479.0,1,192,168,220,16,192,168,100,6
445.0,48888.0,TCP,0.0,1.0,70.0,0,192,168,100,5,192,168,220,15
445.0,43183.0,TCP,0.0,1.0,108.0,0,192,168,100,5,192,168,200,4
55975.0,80.0,TCP,0.003,6.0,545.0,1,192,168,220,16,192,168,100,6
60421.0,80.0,TCP,0.002,5.0,479.0,1,192,168,220,16,192,168,100,6
34743.0,445.0,TCP,0.003,2.0,174.0,0,192,168,220,11,192,168,100,5
34743.0,445.0,TCP,0.003,2.0,174.0,0,192,168,220,11,192,168,100,5
137.0,137.0,UDP,0.0,1.0,92.0,0,192,168,220,10,192,168,220,255
60964.0,80.0,TCP,0.003,6.0,545.0,1,192,168,220,16,192,168,100,6
46709.0,445.0,TCP,0.002,2.0,174.0,0,192,168,220,6,192,168,100,5
60755.0,80.0,TCP,0.006,5.0,479.0,1,192,168,220,16,192,168,100,6
52321.0,445.0,TCP,0.003,2.0,174.0,0,192,168,220,14,192,168,100,5
58860.0,80.0,TCP,0.006,6.0,545.0,1,192,168,220,16,192,168,100,6
58931.0,80.0,TCP,0.002,5.0,479.0,1,192,168,220,16,192,168,100,6
445.0,49511.0,TCP,0.0,1.0,108.0,0,192,168,100,5,192,168,220,12
445.0,49511.0,TCP,0.0,1.0,70.0,0,192,168,100,5,192,168,220,12
58030.0,80.0,TCP,0.006,5.0,479.0,1,192,168,220,16,192,168,100,6
59672.0,80.0,TCP,0.004,5.0,479.0,1,192,168,220,16,192,168,100,6
36006.0,80.0,TCP,0.005,5.0,479.0,1,192,168,220,16,192,168,100,6
46709.0,445.0,TCP,0.002,2.0,174.0,0,192,168,220,6,192,168,100,5
57871.0,80.0,TCP,0.004,5.0,479.0,1,192,168,220,16,192,168,100,6
56584.0,80.0,TCP,0.004,6.0,545.0,1,192,168,220,16,192,168,100,6
46808.0,445.0,TCP,0.005,2.0,174.0,0,192,168,200,5,192,168,100,5
445.0,51146.0,TCP,0.0,1.0,108.0,0,192,168,100,5,192,168,220,5
55912.0,80.0,TCP,0.003,5.0,479.0,1,192,168,220,16,192,168,100,6
57922.0,80.0,TCP,0.004,5.0,479.0,1,192,168,220,16,192,168,100,6
59822.0,80.0,TCP,0.006,5.0,479.0,1,192,168,220,16,192,168,100,6
36869.0,80.0,TCP,0.004,5.0,479.0,1,192,168,220,16,192,168,100,6
445.0,49511.0,TCP,0.0,1.0,108.0,0,192,168,100,5,192,168,220,12
60611.0,80.0,TCP,0.0069999999999999,6.0,545.0,1,192,168,220,16,192,168,100,6
445.0,37884.0,TCP,0.0,1.0,108.0,0,192,168,100,5,192,168,220,9
60193.0,80.0,TCP,0.006,5.0,479.0,1,192,168,220,16,192,168,100,6
56634.0,80.0,TCP,0.005,6.0,545.0,1,192,168,220,16,192,168,100,6
33370.0,80.0,TCP,0.004,6.0,545.0,1,192,168,220,16,192,168,100,6
34743.0,445.0,TCP,0.003,2.0,174.0,0,192,168,220,11,192,168,100,5
60174.0,80.0,TCP,0.003,5.0,479.0,1,192,168,220,16,192,168,100,6
48888.0,445.0,TCP,0.002,2.0,174.0,0,192,168,220,15,192,168,100,5
60640.0,80.0,TCP,0.003,6.0,545.0,1,192,168,220,16,192,168,100,6
58963.0,80.0,TCP,0.004,6.0,545.0,1,192,168,220,16,192,168,100,6
43145.0,445.0,TCP,0.002,2.0,174.0,0,192,168,220,4,192,168,100,5
32975.0,80.0,TCP,0.004,5.0,479.0,1,192,168,220,16,192,168,100,6
445.0,40239.0,TCP,0.0,1.0,108.0,0,192,168,100,5,192,168,220,10
137.0,137.0,UDP,0.0,1.0,92.0,0,192,168,100,5,192,168,100,255
60775.0,80.0,TCP,0.003,5.0,479.0,1,192,168,220,16,192,168,100,6
445.0,58844.0,TCP,0.0,1.0,108.0,0,192,168,100,5,192,168,220,16
37013.0,80.0,TCP,0.005,5.0,479.0,1,192,168,220,16,192,168,100,6
43183.0,445.0,TCP,0.003,2.0,174.0,0,192,168,200,4,192,168,100,5
445.0,43145.0,TCP,0.0,1.0,108.0,0,192,168,100,5,192,168,220,4
51358.0,5911.0,TCP,0.0,1.0,58.0,1,192,168,220,16,192,168,200,8
59098.0,80.0,TCP,0.004,5.0,479.0,1,192,168,220,16,192,168,100,6
51357.0,25.0,TCP,0.0,1.0,58.0,1,192,168,220,16,192,168,200,5
49511.0,445.0,TCP,0.004,2.0,174.0,0,192,168,220,12,192,168,100,5
36607.0,80.0,TCP,0.004,5.0,479.0,1,192,168,220,16,192,168,100,6
58844.0,445.0,TCP,0.003,2.0,174.0,0,192,168,220,16,192,168,100,5
445.0,40239.0,TCP,0.0,1.0,70.0,0,192,168,100,5,192,168,220,10
445.0,58844.0,TCP,0.0,1.0,108.0,0,192,168,100,5,192,168,220,16
46808.0,445.0,TCP,0.004,2.0,174.0,0,192,168,200,5,192,168,100,5
445.0,43183.0,TCP,0.0,1.0,108.0,0,192,168,100,5,192,168,200,4
59302.0,80.0,TCP,0.004,5.0,479.0,1,192,168,220,16,192,168,100,6
37190.0,80.0,TCP,0.004,5.0,479.0,1,192,168,220,16,192,168,100,6
43183.0,445.0,TCP,0.004,2.0,174.0,0,192,168,200,4,192,168,100,5
46709.0,445.0,TCP,0.004,2.0,174.0,0,192,168,220,6,192,168,100,5
445.0,51146.0,TCP,0.0,1.0,108.0,0,192,168,100,5,192,168,220,5
51357.0,1032.0,TCP,0.0,1.0,58.0,1,192,168,220,16,192,168,200,9
445.0,37191.0,TCP,0.0,1.0,108.0,0,192,168,100,5,192,168,220,7
60776.0,80.0,TCP,0.005,6.0,545.0,1,192,168,220,16,192,168,100,6
58844.0,445.0,TCP,0.003,2.0,174.0,0,192,168,220,16,192,168,100,5
59084.0,80.0,TCP,0.004,5.0,479.0,1,192,168,220,16,192,168,100,6
445.0,37191.0,TCP,0.0,1.0,108.0,0,192,168,100,5,192,168,220,7
445.0,37884.0,TCP,0.0,1.0,108.0,0,192,168,100,5,192,168,220,9
46755.0,1095.0,TCP,0.0,1.0,58.0,1,192,168,220,16,192,168,210,4
35248.0,80.0,TCP,0.006,5.0,479.0,1,192,168,220,16,192,168,100,6
445.0,34743.0,TCP,0.0,1.0,108.0,0,192,168,100,5,192,168,220,11
137.0,137.0,UDP,0.0,1.0,92.0,0,192,168,220,6,192,168,220,255
57480.0,80.0,TCP,0.006,5.0,479.0,1,192,168,220,16,192,168,100,6
445.0,52321.0,TCP,0.0,1.0,108.0,0,192,168,100,5,192,168,220,14
590872.0,80.0,TCP,0.004,6.0,545.0,1,192,168,220,16,192,168,100,6
59226.0,80.0,TCP,0.004,5.0,479.0,1,192,168,220,16,192,168,100,6
60330.0,80.0,TCP,0.006,5.0,479.0,1,192,168,220,16,192,168,100,6
445.0,40239.0,TCP,0.0,1.0,108.0,0,192,168,100,5,192,168,220,10
59769.0,80.0,TCP,0.006,6.0,545.0,1,192,168,220,16,192,168,100,6
58780.0,80.0,TCP,0.005,5.0,479.0,1,192,168,220,16,192,168,100,6
40239.0,445.0,TCP,0.0,1.0,66.0,0,192,168,220,10,192,168,100,5
35204.0,80.0,TCP,0.006,5.0,479.0,1,192,168,220,16,192,168,100,6
52321.0,445.0,TCP,0.002,2.0,174.0,0,192,168,220,14,192,168,100,5
445.0,49511.0,TCP,0.0,1.0,108.0,0,192,168,100,5,192,168,220,12
445.0,58844.0,TCP,0.004,2.0,178.0,0,192,168,100,5,192,168,220,16
51357.0,7200.0,TCP,0.0,1.0,58.0,1,192,168,220,16,192,168,200,1
37191.0,80.0,TCP,0.003,6.0,545.0,1,192,168,220,16,192,168,100,6
51357.0,49.0,TCP,0.0,1.0,58.0,1,192,168,220,16,192,168,200,9
58444.0,80.0,TCP,0.003,5.0,479.0,1,192,168,220,16,192,168,100,6
445.0,43145.0,TCP,0.0,1.0,108.0,0,192,168,100,5,192,168,220,4
445.0,58844.0,TCP,0.0,1.0,108.0,0,192,168,100,5,192,168,220,16
60803.0,80.0,TCP,0.003,5.0,479.0,1,192,168,220,16,192,168,100,6
59037.0,80.0,TCP,0.001,5.0,479.0,1,192,168,220,16,192,168,100,6
52321.0,445.0,TCP,0.002,2.0,174.0,0,192,168,220,14,192,168,100,5
37191.0,445.0,TCP,0.0,1.0,66.0,0,192,168,220,7,192,168,100,5
445.0,49511.0,TCP,0.0,1.0,108.0,0,192,168,100,5,192,168,220,12
58425.0,80.0,TCP,0.006,5.0,479.0,1,192,168,220,16,192,168,100,6
56523.0,80.0,TCP,0.003,5.0,479.0,1,192,168,220,16,192,168,100,6
445.0,52321.0,TCP,0.0,1.0,108.0,0,192,168,100,5,192,168,220,14
445.0,37884.0,TCP,0.0,1.0,108.0,0,192,168,100,5,192,168,220,9
52321.0,445.0,TCP,0.003,2.0,174.0,0,192,168,220,14,192,168,100,5
46709.0,445.0,TCP,0.002,2.0,174.0,0,192,168,220,6,192,168,100,5
137.0,137.0,UDP,0.0,1.0,92.0,0,192,168,220,7,192,168,220,255
59085.0,80.0,TCP,0.001,5.0,479.0,1,192,168,220,16,192,168,100,6
35595.0,80.0,TCP,0.003,5.0,479.0,1,192,168,220,16,192,168,100,6
59272.0,80.0,TCP,0.003,5.0,479.0,1,192,168,220,16,192,168,100,6
137.0,137.0,UDP,0.0,1.0,92.0,0,192,168,220,15,192,168,220,255
34203.0,80.0,TCP,0.004,6.0,545.0,1,192,168,220,16,192,168,100,6
58915.0,80.0,TCP,0.003,5.0,479.0,1,192,168,220,16,192,168,100,6
58844.0,445.0,TCP,0.0,1.0,66.0,0,192,168,220,16,192,168,100,5
445.0,37191.0,TCP,0.0,1.0,108.0,0,192,168,100,5,192,168,220,7
35259.0,80.0,TCP,0.004,5.0,479.0,1,192,168,220,16,192,168,100,6
445.0,40239.0,TCP,0.0,1.0,108.0,0,192,168,100,5,192,168,220,10
445.0,48888.0,TCP,0.0,1.0,108.0,0,192,168,100,5,192,168,220,15
48888.0,445.0,TCP,0.004,2.0,174.0,0,192,168,220,15,192,168,100,5
36536.0,80.0,TCP,0.006,5.0,479.0,1,192,168,220,16,192,168,100,6
445.0,37884.0,TCP,0.0,1.0,108.0,0,192,168,100,5,192,168,220,9
46709.0,445.0,TCP,0.002,2.0,174.0,0,192,168,220,6,192,168,100,5
51357.0,5962.0,TCP,0.0,1.0,58.0,1,192,168,220,16,192,168,200,5
48888.0,445.0,TCP,0.003,2.0,174.0,0,192,168,220,15,192,168,100,5
58311.0,80.0,TCP,0.004,5.0,479.0,1,192,168,220,16,192,168,100,6
445.0,43183.0,TCP,0.0,1.0,108.0,0,192,168,100,5,192,168,200,4
445.0,49511.0,TCP,0.0,1.0,70.0,0,192,168,100,5,192,168,220,12
46709.0,445.0,TCP,0.002,2.0,174.0,0,192,168,220,6,192,168,100,5
445.0,40239.0,TCP,0.0,1.0,108.0,0,192,168,100,5,192,168,220,10
33709.0,80.0,TCP,0.006,6.0,545.0,1,192,168,220,16,192,168,100,6
56473.0,80.0,TCP,0.005,5.0,479.0,1,192,168,220,16,192,168,100,6
43145.0,445.0,TCP,0.002,2.0,174.0,0,192,168,220,4,192,168,100,5
59054.0,80.0,TCP,0.006,5.0,479.0,1,192,168,220,16,192,168,100,6
445.0,43145.0,TCP,0.0,1.0,108.0,0,192,168,100,5,192,168,220,4
56266.0,80.0,TCP,0.006,5.0,479.0,1,192,168,220,16,192,168,100,6
57867.0,80.0,TCP,0.006,5.0,479.0,1,192,168,220,16,192,168,100,6
58844.0,445.0,TCP,0.005,2.0,174.0,0,192,168,220,16,192,168,100,5
43145.0,445.0,TCP,0.002,2.0,174.0,0,192,168,220,4,192,168,100,5
445.0,49094.0,TCP,0.0,1.0,108.0,0,192,168,100,5,192,168,220,8
445.0,48888.0,TCP,0.0,1.0,108.0,0,192,168,100,5,192,168,220,15
445.0,37191.0,TCP,0.0,1.0,108.0,0,192,168,100,5,192,168,220,7
138.0,138.0,UDP,0.0,1.0,243.0,0,192,168,200,4,192,168,200,255
33623.0,80.0,TCP,0.003,5.0,479.0,1,192,168,220,16,192,168,100,6
59077.0,80.0,TCP,0.005,5.0,479.0,1,192,168,220,16,192,168,100,6
59077.0,80.0,TCP,0.005,6.0,545.0,1,192,168,220,16,192,168,100,6
59621.0,80.0,TCP,0.004,5.0,479.0,1,192,168,220,16,192,168,100,6
56282.0,80.0,TCP,0.005,5.0,479.0,1,192,168,220,16,192,168,100,6
57730.0,80.0,TCP,0.006,6.0,545.0,1,192,168,220,16,192,168,100,6
34437.0,80.0,TCP,0.006,5.0,479.0,1,192,168,220,16,192,168,100,6
57767.0,80.0,TCP,0.006,5.0,479.0,1,192,168,220,16,192,168,100,6
59078.0,80.0,TCP,0.006,6.0,545.0,1,192,168,220,16,192,168,100,6
32870.0,80.0,TCP,0.004,5.0,479.0,1,192,168,220,16,192,168,100,6
60689.0,445.0,TCP,0.003,2.0,174.0,0,192,168,220,13,192,168,100,5
60023.0,80.0,TCP,0.003,5.0,479.0,1,192,168,220,16,192,168,100,6
51357.0,514.0,TCP,0.0,1.0,58.0,1,192,168,220,16,192,168,200,2
60755.0,80.0,TCP,0.004,5.0,479.0,1,192,168,220,16,192,168,100,6
35663.0,80.0,TCP,0.004,5.0,479.0,1,192,168,220,16,192,168,100,6
445.0,60689.0,TCP,0.0,1.0,70.0,0,192,168,100,5,192,168,220,13
58286.0,80.0,TCP,0.0069999999999999,5.0,479.0,1,192,168,220,16,192,168,100,6
59580.0,80.0,TCP,0.004,5.0,479.0,1,192,168,220,16,192,168,100,6
60520.0,80.0,TCP,0.006,5.0,479.0,1,192,168,220,16,192,168,100,6
34743.0,445.0,TCP,0.0,1.0,66.0,0,192,168,220,11,192,168,100,5
445.0,46709.0,TCP,0.0,1.0,108.0,0,192,168,100,5,192,168,220,6
43183.0,445.0,TCP,0.005,2.0,174.0,0,192,168,200,4,192,168,100,5
57865.0,80.0,TCP,0.005,5.0,479.0,1,192,168,220,16,192,168,100,6
51357.0,110.0,TCP,0.0,1.0,58.0,1,192,168,220,16,192,168,200,8
51358.0,54622.0,TCP,0.0,1.0,58.0,1,192,168,220,16,192,168,200,8
445.0,37884.0,TCP,0.0,1.0,108.0,0,192,168,100,5,192,168,220,9
58739.0,80.0,TCP,0.006,6.0,545.0,1,192,168,220,16,192,168,100,6
51357.0,1021.0,TCP,0.0,1.0,58.0,1,192,168,220,16,192,168,200,5
51357.0,1082.0,TCP,0.0,1.0,58.0,1,192,168,220,16,192,168,200,3
445.0,58844.0,TCP,0.0,1.0,108.0,0,192,168,100,5,192,168,220,16
58800.0,80.0,TCP,0.004,5.0,479.0,1,192,168,220,16,192,168,100,6
137.0,137.0,UDP,0.0,1.0,92.0,0,192,168,220,3,192,168,220,255
445.0,58844.0,TCP,0.0,2.0,178.0,0,192,168,100,5,192,168,220,16
51358.0,49159.0,TCP,0.0,1.0,58.0,1,192,168,220,16,192,168,200,8
58915.0,80.0,TCP,0.004,6.0,545.0,1,192,168,220,16,192,168,100,6
51146.0,445.0,TCP,0.005,2.0,174.0,0,192,168,220,5,192,168,100,5
58642.0,80.0,TCP,0.003,5.0,479.0,1,192,168,220,16,192,168,100,6
445.0,58844.0,TCP,0.0,1.0,108.0,0,192,168,100,5,192,168,220,16
445.0,49094.0,TCP,0.0,1.0,70.0,0,192,168,100,5,192,168,220,8
46709.0,445.0,TCP,0.003,2.0,174.0,0,192,168,220,6,192,168,100,5
48888.0,445.0,TCP,0.003,2.0,174.0,0,192,168,220,15,192,168,100,5
445.0,43145.0,TCP,0.0,1.0,70.0,0,192,168,100,5,192,168,220,4
137.0,137.0,UDP,0.0,1.0,92.0,0,192,168,220,4,192,168,220,255
59726.0,80.0,TCP,0.005,5.0,479.0,1,192,168,220,16,192,168,100,6
445.0,60689.0,TCP,0.0,1.0,108.0,0,192,168,100,5,192,168,220,13
58844.0,445.0,TCP,0.002,2.0,174.0,0,192,168,220,16,192,168,100,5
445.0,49094.0,TCP,0.0,1.0,108.0,1,192,168,100,5,192,168,220,8
58405.0,80.0,TCP,0.0069999999999999,5.0,479.0,1,192,168,220,16,192,168,100,6
43145.0,445.0,TCP,0.001,2.0,174.0,0,192,168,220,4,192,168,100,5
59098.0,80.0,TCP,0.005,5.0,479.0,1,192,168,220,16,192,168,100,6
445.0,43183.0,TCP,0.0,1.0,108.0,0,192,168,100,5,192,168,200,4
445.0,40239.0,TCP,0.0,1.0,108.0,0,192,168,100,5,192,168,220,10
58870.0,80.0,TCP,0.005,5.0,479.0,1,192,168,220,16,192,168,100,6
57353.0,80.0,TCP,0.004,5.0,479.0,1,192,168,220,16,192,168,100,6
60689.0,445.0,TCP,0.005,2.0,174.0,0,192,168,220,13,192,168,100,5
138.0,138.0,UDP,0.0,2.0,243.0,0,192,168,200,8,192,168,200,255
55735.0,80.0,TCP,0.004,6.0,545.0,1,192,168,220,16,192,168,100,6
32949.0,80.0,TCP,0.003,5.0,479.0,1,192,168,220,16,192,168,100,6
34306.0,80.0,TCP,0.005,5.0,479.0,1,192,168,220,16,192,168,100,6
57962.0,80.0,TCP,0.005,5.0,479.0,1,192,168,220,16,192,168,100,6
445.0,48888.0,TCP,0.0,1.0,108.0,0,192,168,100,5,192,168,220,15
445.0,37191.0,TCP,0.0,1.0,108.0,0,192,168,100,5,192,168,220,7
40239.0,445.0,TCP,0.003,2.0,174.0,0,192,168,220,10,192,168,100,5
60182.0,80.0,TCP,0.006,5.0,479.0,1,192,168,220,16,192,168,100,6
137.0,137.0,UDP,0.0,1.0,92.0,0,192,168,220,4,192,168,220,255
445.0,46709.0,TCP,0.0,1.0,108.0,0,192,168,100,5,192,168,220,6
445.0,49511.0,TCP,0.0,1.0,108.0,0,192,168,100,5,192,168,220,12
51357.0,1091.0,TCP,0.0,1.0,58.0,1,192,168,220,16,192,168,200,9
445.0,52321.0,TCP,0.0,1.0,108.0,0,192,168,100,5,192,168,220,14
58844.0,445.0,TCP,0.001,2.0,174.0,0,192,168,220,16,192,168,100,5
49094.0,445.0,TCP,0.0,1.0,66.0,0,192,168,220,8,192,168,100,5
56074.0,80.0,TCP,0.003,5.0,479.0,1,192,168,220,16,192,168,100,6
57865.0,80.0,TCP,0.004,5.0,479.0,1,192,168,220,16,192,168,100,6
445.0,40239.0,TCP,0.0,1.0,108.0,0,192,168,100,5,192,168,220,10
56550.0,80.0,TCP,0.002,6.0,545.0,1,192,168,220,16,192,168,100,6
37191.0,445.0,TCP,0.074,3.0,240.0,0,192,168,220,7,192,168,100,5
34753.0,80.0,TCP,0.003,5.0,479.0,1,192,168,220,16,192,168,100,6
46709.0,445.0,TCP,0.003,2.0,174.0,0,192,168,220,6,192,168,100,5
60628.0,80.0,TCP,0.003,5.0,479.0,1,192,168,220,16,192,168,100,6
33389.0,80.0,TCP,0.003,5.0,479.0,1,192,168,220,16,192,168,100,6
60689.0,445.0,TCP,0.002,2.0,174.0,0,192,168,220,13,192,168,100,5
49094.0,445.0,TCP,0.002,2.0,174.0,0,192,168,220,8,192,168,100,5
34743.0,445.0,TCP,0.002,2.0,174.0,0,192,168,220,11,192,168,100,5
445.0,43145.0,TCP,0.0,1.0,108.0,0,192,168,100,5,192,168,220,4
46808.0,445.0,TCP,0.001,2.0,174.0,0,192,168,200,5,192,168,100,5
51357.0,1721.0,TCP,0.0,1.0,58.0,1,192,168,220,16,192,168,200,2
49094.0,445.0,TCP,0.004,2.0,174.0,0,192,168,220,8,192,168,100,5
37191.0,445.0,TCP,0.003,2.0,174.0,0,192,168,220,7,192,168,100,5
445.0,49094.0,TCP,0.0,1.0,108.0,0,192,168,100,5,192,168,220,8
51357.0,1036.0,TCP,0.0,1.0,58.0,1,192,168,220,16,192,168,200,2
445.0,49511.0,TCP,0.0,1.0,108.0,0,192,168,100,5,192,168,220,12
445.0,49511.0,TCP,0.0,1.0,70.0,0,192,168,100,5,192,168,220,12
59097.0,80.0,TCP,0.004,6.0,545.0,1,192,168,220,16,192,168,100,6
49094.0,445.0,TCP,0.004,2.0,174.0,0,192,168,220,8,192,168,100,5
35352.0,80.0,TCP,0.003,5.0,479.0,1,192,168,220,16,192,168,100,6
138.0,138.0,UDP,0.0,1.0,262.0,0,192,168,220,8,192,168,220,255
60458.0,80.0,TCP,0.003,5.0,479.0,1,192,168,220,16,192,168,100,6
445.0,37884.0,TCP,0.0,1.0,108.0,0,192,168,100,5,192,168,220,9
60689.0,445.0,TCP,0.0,1.0,66.0,0,192,168,220,13,192,168,100,5
46709.0,445.0,TCP,0.002,2.0,174.0,0,192,168,220,6,192,168,100,5
43145.0,445.0,TCP,0.0,1.0,66.0,0,192,168,220,4,192,168,100,5
36815.0,80.0,TCP,0.005,5.0,479.0,1,192,168,220,16,192,168,100,6
59872.0,80.0,TCP,0.005,5.0,479.0,1,192,168,220,16,192,168,100,6
60940.0,80.0,TCP,0.003,5.0,479.0,1,192,168,220,16,192,168,100,6
57733.0,80.0,TCP,0.004,6.0,545.0,1,192,168,220,16,192,168,100,6
51357.0,514.0,TCP,0.0,1.0,58.0,1,192,168,220,16,192,168,200,5
60412.0,80.0,TCP,0.005,5.0,479.0,1,192,168,220,16,192,168,100,6
60569.0,80.0,TCP,0.006,5.0,479.0,1,192,168,220,16,192,168,100,6
37191.0,445.0,TCP,0.005,2.0,174.0,0,192,168,220,7,192,168,100,5
58294.0,80.0,TCP,0.004,5.0,479.0,1,192,168,220,16,192,168,100,6
445.0,43145.0,TCP,0.0,1.0,108.0,0,192,168,100,5,192,168,220,4
60664.0,80.0,TCP,0.005,5.0,479.0,1,192,168,220,16,192,168,100,6
40239.0,445.0,TCP,0.0,1.0,66.0,0,192,168,220,10,192,168,100,5
566.0,80.0,TCP,0.005,3.0,140.0,0,192,168,220,15,192,168,100,6
445.0,46808.0,TCP,0.0,1.0,108.0,0,192,168,100,5,192,168,200,5
58298.0,80.0,TCP,0.006,5.0,479.0,1,192,168,220,16,192,168,100,6
55372.0,80.0,TCP,0.003,6.0,545.0,1,192,168,220,16,192,168,100,6
445.0,51146.0,TCP,0.0,1.0,108.0,0,192,168,100,5,192,168,220,5
445.0,48888.0,TCP,0.0,1.0,108.0,0,192,168,100,5,192,168,220,15
58295.0,80.0,TCP,0.003,5.0,479.0,1,192,168,220,16,192,168,100,6
59526.0,80.0,TCP,0.003,5.0,479.0,1,192,168,220,16,192,168,100,6
59498.0,80.0,TCP,0.005,5.0,479.0,1,192,168,220,16,192,168,100,6
445.0,52321.0,TCP,0.0,1.0,108.0,0,192,168,100,5,192,168,220,14
60765.0,80.0,TCP,0.003,5.0,479.0,1,192,168,220,16,192,168,100,6
48888.0,445.0,TCP,0.004,2.0,174.0,0,192,168,220,15,192,168,100,5
445.0,43145.0,TCP,0.0,1.0,108.0,0,192,168,100,5,192,168,220,4
58443.0,80.0,TCP,0.003,5.0,479.0,1,192,168,220,16,192,168,100,6
36121.0,80.0,TCP,0.004,5.0,479.0,1,192,168,220,16,192,168,100,6
60589.0,80.0,TCP,0.004,6.0,545.0,1,192,168,220,16,192,168,100,6
43145.0,445.0,TCP,0.002,2.0,174.0,0,192,168,220,4,192,168,100,5
57320.0,80.0,TCP,0.005,5.0,479.0,1,192,168,220,16,192,168,100,6
445.0,58844.0,TCP,0.0,1.0,108.0,0,192,168,100,5,192,168,220,16
55974.0,80.0,TCP,0.005,5.0,479.0,1,192,168,220,16,192,168,100,6
445.0,46808.0,TCP,0.0,1.0,108.0,0,192,168,100,5,192,168,200,5
59922.0,80.0,TCP,0.005,6.0,545.0,1,192,168,220,16,192,168,100,6
51493.0,25.0,TCP,0.0,1.0,58.0,1,192,168,220,16,192,168,200,1
37138.0,80.0,TCP,0.003,5.0,479.0,1,192,168,220,16,192,168,100,6
60274.0,80.0,TCP,0.006,5.0,479.0,1,192,168,220,16,192,168,100,6
445.0,34743.0,TCP,0.0,1.0,108.0,0,192,168,100,5,192,168,220,11
51357.0,1131.0,TCP,0.0,1.0,58.0,1,192,168,220,16,192,168,200,1
445.0,49511.0,TCP,0.0,1.0,108.0,0,192,168,100,5,192,168,220,12
46808.0,445.0,TCP,0.005,2.0,174.0,0,192,168,200,5,192,168,100,5
445.0,37191.0,TCP,0.0,1.0,108.0,0,192,168,100,5,192,168,220,7
138.0,138.0,UDP,0.0,1.0,262.0,0,192,168,200,5,192,168,200,255
445.0,49511.0,TCP,0.0,1.0,108.0,0,192,168,100,5,192,168,220,12
43145.0,445.0,TCP,0.002,2.0,174.0,0,192,168,220,4,192,168,100,5
52321.0,445.0,TCP,0.0,1.0,66.0,0,192,168,220,14,192,168,100,5
51357.0,514.0,TCP,0.0,1.0,58.0,1,192,168,220,16,192,168,200,2
445.0,46709.0,TCP,0.0,1.0,108.0,0,192,168,100,5,192,168,220,6
60125.0,80.0,TCP,0.006,5.0,479.0,1,192,168,220,16,192,168,100,6
138.0,138.0,UDP,0.0,1.0,262.0,0,192,168,220,15,192,168,220,255
60724.0,80.0,TCP,0.006,5.0,479.0,1,192,168,220,16,192,168,100,6
56823.0,80.0,TCP,0.005,6.0,545.0,1,192,168,220,16,192,168,100,6
59302.0,80.0,TCP,0.004,5.0,479.0,1,192,168,220,16,192,168,100,6
33013.0,80.0,TCP,0.002,5.0,479.0,1,192,168,220,16,192,168,100,6
56516.0,80.0,TCP,0.004,6.0,545.0,1,192,168,220,16,192,168,100,6
58844.0,445.0,TCP,0.0,1.0,66.0,0,192,168,220,16,192,168,100,5
445.0,58844.0,TCP,0.0,1.0,108.0,0,192,168,100,5,192,168,220,16
58254.0,80.0,TCP,0.006,5.0,479.0,1,192,168,220,16,192,168,100,6
445.0,51146.0,TCP,0.0,1.0,108.0,0,192,168,100,5,192,168,220,5
445.0,40239.0,TCP,0.0,1.0,108.0,0,192,168,100,5,192,168,220,10
33280.0,80.0,TCP,0.005,5.0,479.0,1,192,168,220,16,192,168,100,6
43145.0,445.0,TCP,0.005,2.0,174.0,0,192,168,220,4,192,168,100,5
60775.0,80.0,TCP,0.003,5.0,479.0,1,192,168,220,16,192,168,100,6
48888.0,445.0,TCP,0.003,2.0,174.0,0,192,168,220,15,192,168,100,5
33887.0,80.0,TCP,0.003,6.0,545.0,1,192,168,220,16,192,168,100,6
57037.0,80.0,TCP,0.003,6.0,545.0,1,192,168,220,16,192,168,100,6
37191.0,445.0,TCP,0.004,2.0,174.0,0,192,168,220,7,192,168,100,5
445.0,43145.0,TCP,0.0,1.0,108.0,0,192,168,100,5,192,168,220,4
445.0,43145.0,TCP,0.0,1.0,108.0,0,192,168,100,5,192,168,220,4
40239.0,445.0,TCP,0.003,2.0,174.0,0,192,168,220,10,192,168,100,5
445.0,46709.0,TCP,0.0,1.0,108.0,0,192,168,100,5,192,168,220,6
43183.0,445.0,TCP,0.005,2.0,174.0,0,192,168,200,4,192,168,100,5
445.0,34743.0,TCP,0.0,1.0,108.0,0,192,168,100,5,192,168,220,11
59729.0,80.0,TCP,0.005,6.0,545.0,1,192,168,220,16,192,168,100,6
445.0,37191.0,TCP,0.0,1.0,108.0,0,192,168,100,5,192,168,220,7
51146.0,445.0,TCP,0.003,2.0,174.0,0,192,168,220,5,192,168,100,5
137.0,137.0,UDP,0.0,1.0,92.0,0,192,168,220,12,192,168,220,255
34743.0,445.0,TCP,0.001,2.0,174.0,0,192,168,220,11,192,168,100,5
58745.0,80.0,TCP,0.0069999999999999,6.0,545.0,1,192,168,220,16,192,168,100,6
56436.0,80.0,TCP,0.0069999999999999,6.0,545.0,1,192,168,220,16,192,168,100,6
43145.0,445.0,TCP,0.002,2.0,174.0,0,192,168,220,4,192,168,100,5
56972.0,80.0,TCP,0.003,5.0,479.0,1,192,168,220,16,192,168,100,6
445.0,43183.0,TCP,0.0,1.0,108.0,0,192,168,100,5,192,168,200,4
58314.0,80.0,TCP,0.004,5.0,479.0,1,192,168,220,16,192,168,100,6
34607.0,80.0,TCP,0.006,5.0,479.0,1,192,168,220,16,192,168,100,6
445.0,51146.0,TCP,0.0,1.0,108.0,0,192,168,100,5,192,168,220,5
445.0,40239.0,TCP,0.0,1.0,108.0,0,192,168,100,5,192,168,220,10
34418.0,80.0,TCP,0.003,5.0,479.0,1,192,168,220,16,192,168,100,6
43183.0,445.0,TCP,0.002,2.0,174.0,0,192,168,200,4,192,168,100,5
37884.0,445.0,TCP,0.004,2.0,174.0,0,192,168,220,9,192,168,100,5
51357.0,3221.0,TCP,0.0,1.0,58.0,1,192,168,220,16,192,168,200,2
46808.0,445.0,TCP,0.003,2.0,174.0,0,192,168,200,5,192,168,100,5
55553.0,80.0,TCP,0.005,5.0,479.0,1,192,168,220,16,192,168,100,6
37884.0,445.0,TCP,0.003,2.0,174.0,0,192,168,220,9,192,168,100,5
51357.0,3828.0,TCP,0.0,1.0,58.0,1,192,168,220,16,192,168,200,8
60689.0,445.0,TCP,0.001,2.0,174.0,0,192,168,220,13,192,168,100,5
33952.0,80.0,TCP,0.004,5.0,479.0,1,192,168,220,16,192,168,100,6
51146.0,445.0,TCP,0.004,2.0,174.0,0,192,168,220,5,192,168,100,5
55277.0,80.0,TCP,0.006,6.0,545.0,1,192,168,220,16,192,168,100,6
60709.0,80.0,TCP,0.003,5.0,479.0,1,192,168,220,16,192,168,100,6
56430.0,80.0,TCP,0.002,5.0,479.0,1,192,168,220,16,192,168,100,6
37191.0,445.0,TCP,0.002,2.0,174.0,0,192,168,220,7,192,168,100,5
445.0,46808.0,TCP,0.0,1.0,108.0,0,192,168,100,5,192,168,200,5
137.0,137.0,UDP,0.0,1.0,92.0,0,192,168,220,5,192,168,220,255
445.0,52321.0,TCP,0.0,1.0,108.0,0,192,168,100,5,192,168,220,14
52321.0,445.0,TCP,0.005,2.0,174.0,0,192,168,220,14,192,168,100,5
445.0,60689.0,TCP,0.0,1.0,108.0,0,192,168,100,5,192,168,220,13
51146.0,445.0,TCP,0.004,2.0,174.0,0,192,168,220,5,192,168,100,5
37884.0,445.0,TCP,0.003,2.0,174.0,0,192,168,220,9,192,168,100,5
445.0,43183.0,TCP,0.0,1.0,108.0,0,192,168,100,5,192,168,200,4
56135.0,80.0,TCP,0.005,5.0,479.0,1,192,168,220,16,192,168,100,6
43183.0,445.0,TCP,0.005,2.0,174.0,0,192,168,200,4,192,168,100,5
58943.0,80.0,TCP,0.005,5.0,479.0,1,192,168,220,16,192,168,100,6
37191.0,445.0,TCP,0.003,2.0,174.0,0,192,168,220,7,192,168,100,5
46709.0,445.0,TCP,0.004,2.0,174.0,0,192,168,220,6,192,168,100,5
56675.0,80.0,TCP,0.003,6.0,545.0,1,192,168,220,16,192,168,100,6
48888.0,445.0,TCP,0.004,2.0,174.0,0,192,168,220,15,192,168,100,5
137.0,137.0,UDP,0.0,1.0,92.0,0,192,168,220,15,192,168,220,255
55981.0,80.0,TCP,0.006,5.0,479.0,1,192,168,220,16,192,168,100,6
52321.0,445.0,TCP,0.003,2.0,174.0,0,192,168,220,14,192,168,100,5
43145.0,445.0,TCP,0.002,2.0,174.0,0,192,168,220,4,192,168,100,5
58844.0,445.0,TCP,0.0,1.0,66.0,0,192,168,220,16,192,168,100,5
60334.0,80.0,TCP,0.006,5.0,479.0,1,192,168,220,16,192,168,100,6
58489.0,80.0,TCP,0.005,6.0,545.0,1,192,168,220,16,192,168,100,6
58838.0,80.0,TCP,0.005,6.0,545.0,1,192,168,220,16,192,168,100,6
51146.0,445.0,TCP,0.003,2.0,174.0,0,192,168,220,5,192,168,100,5
59136.0,80.0,TCP,0.004,5.0,479.0,1,192,168,220,16,192,168,100,6
51146.0,445.0,TCP,0.004,2.0,174.0,0,192,168,220,5,192,168,100,5
51358.0,1034.0,TCP,0.0,1.0,58.0,1,192,168,220,16,192,168,200,8
445.0,48888.0,TCP,0.0,1.0,108.0,0,192,168,100,5,192,168,220,15
445.0,37884.0,TCP,0.0,1.0,108.0,0,192,168,100,5,192,168,220,9
445.0,46709.0,TCP,0.0,1.0,70.0,0,192,168,100,5,192,168,220,6
37126.0,80.0,TCP,0.005,5.0,479.0,1,192,168,220,16,192,168,100,6
445.0,46709.0,TCP,0.0,1.0,108.0,0,192,168,100,5,192,168,220,6
59073.0,80.0,TCP,0.0069999999999999,5.0,479.0,1,192,168,220,16,192,168,100,6
58844.0,445.0,TCP,0.005,2.0,174.0,0,192,168,220,16,192,168,100,5
35607.0,80.0,TCP,0.004,5.0,479.0,1,192,168,220,16,192,168,100,6
445.0,60689.0,TCP,0.0,1.0,108.0,0,192,168,100,5,192,168,220,13
35705.0,80.0,TCP,0.006,5.0,479.0,1,192,168,220,16,192,168,100,6
445.0,46709.0,TCP,0.0,1.0,108.0,0,192,168,100,5,192,168,220,6
137.0,137.0,UDP,0.0,1.0,92.0,0,192,168,220,7,192,168,220,255
587.0,4799.0,TCP,0.0,6.0,612.0,0,192,168,100,4,192,168,220,12
59139.0,80.0,TCP,0.004,6.0,545.0,1,192,168,220,16,192,168,100,6
34311.0,80.0,TCP,0.002,5.0,479.0,1,192,168,220,16,192,168,100,6
137.0,137.0,UDP,0.0,1.0,92.0,0,192,168,220,9,192,168,220,255
59719.0,80.0,TCP,0.0069999999999999,6.0,545.0,1,192,168,220,16,192,168,100,6
445.0,37884.0,TCP,0.0,1.0,108.0,0,192,168,100,5,192,168,220,9
51357.0,52822.0,TCP,0.0,1.0,58.0,1,192,168,220,16,192,168,200,4
51146.0,445.0,TCP,0.003,2.0,174.0,0,192,168,220,5,192,168,100,5
137.0,137.0,UDP,0.0,1.0,92.0,0,192,168,220,8,192,168,220,255
445.0,60689.0,TCP,0.0,1.0,70.0,0,192,168,100,5,192,168,220,13
34743.0,445.0,TCP,0.002,2.0,174.0,0,192,168,220,11,192,168,100,5
445.0,49094.0,TCP,0.0,1.0,108.0,0,192,168,100,5,192,168,220,8
445.0,43145.0,TCP,0.0,1.0,108.0,0,192,168,100,5,192,168,220,4
58419.0,80.0,TCP,0.0069999999999999,6.0,545.0,1,192,168,220,16,192,168,100,6
55701.0,80.0,TCP,0.003,5.0,479.0,1,192,168,220,16,192,168,100,6
445.0,52321.0,TCP,0.0,1.0,108.0,0,192,168,100,5,192,168,220,14
445.0,58844.0,TCP,0.0,1.0,108.0,0,192,168,100,5,192,168,220,16
58924.0,80.0,TCP,0.004,5.0,479.0,1,192,168,220,16,192,168,100,6
137.0,137.0,UDP,0.0,1.0,92.0,0,192,168,220,7,192,168,220,255
48888.0,445.0,TCP,0.003,2.0,174.0,0,192,168,220,15,192,168,100,5
43183.0,445.0,TCP,0.003,2.0,174.0,0,192,168,200,4,192,168,100,5
51357.0,568.0,TCP,0.0,1.0,58.0,1,192,168,220,16,192,168,200,2
59235.0,80.0,TCP,0.005,5.0,479.0,1,192,168,220,16,192,168,100,6
46709.0,445.0,TCP,0.003,2.0,174.0,0,192,168,220,6,192,168,100,5
445.0,37191.0,TCP,0.0,1.0,108.0,0,192,168,100,5,192,168,220,7
445.0,46709.0,TCP,0.0,1.0,108.0,0,192,168,100,5,192,168,220,6
445.0,52321.0,TCP,0.0,1.0,108.0,0,192,168,100,5,192,168,220,14
40239.0,445.0,TCP,0.0,1.0,66.0,0,192,168,220,10,192,168,100,5
35927.0,80.0,TCP,0.003,6.0,545.0,0,192,168,220,6,192,168,100,6
445.0,49094.0,TCP,0.0,1.0,108.0,0,192,168,100,5,192,168,220,8
445.0,49511.0,TCP,0.0,1.0,108.0,0,192,168,100,5,192,168,220,12
48888.0,445.0,TCP,0.0,1.0,66.0,0,192,168,220,15,192,168,100,5
55531.0,80.0,TCP,0.0069999999999999,6.0,545.0,1,192,168,220,16,192,168,100,6
445.0,48888.0,TCP,0.0,1.0,108.0,0,192,168,100,5,192,168,220,15
0.0,8.0,ICMP,0.0,1.0,42.0,1,192,168,220,16,192,168,210,4
445.0,49094.0,TCP,0.0,1.0,108.0,0,192,168,100,5,192,168,220,8
445.0,49094.0,TCP,0.0,1.0,108.0,0,192,168,100,5,192,168,220,8
51357.0,48.0,TCP,0.0,1.0,58.0,1,192,168,220,16,192,168,200,4
57836.0,80.0,TCP,0.004,5.0,479.0,1,192,168,220,16,192,168,100,6
445.0,51146.0,TCP,0.0,1.0,108.0,0,192,168,100,5,192,168,220,5
445.0,49094.0,TCP,0.0,1.0,108.0,0,192,168,100,5,192,168,220,8
137.0,137.0,UDP,0.0,1.0,92.0,0,192,168,220,6,192,168,220,255
60381.0,80.0,TCP,0.005,5.0,479.0,1,192,168,220,16,192,168,100,6
60625.0,80.0,TCP,0.004,5.0,479.0,1,192,168,220,16,192,168,100,6
34743.0,445.0,TCP,0.002,2.0,174.0,0,192,168,220,11,192,168,100,5
35502.0,80.0,TCP,0.002,5.0,479.0,1,192,168,220,16,192,168,100,6
46755.0,1132.0,TCP,0.0,1.0,58.0,1,192,168,220,16,192,168,210,1
51146.0,445.0,TCP,0.003,2.0,174.0,0,192,168,220,5,192,168,100,5
36241.0,80.0,TCP,0.003,5.0,479.0,1,192,168,220,16,192,168,100,6
445.0,51146.0,TCP,0.0,1.0,108.0,0,192,168,100,5,192,168,220,5
37191.0,445.0,TCP,0.001,2.0,174.0,0,192,168,220,7,192,168,100,5
445.0,51146.0,TCP,0.0,1.0,108.0,0,192,168,100,5,192,168,220,5
58669.0,80.0,TCP,0.006,5.0,479.0,1,192,168,220,16,192,168,100,6
48888.0,445.0,TCP,0.004,2.0,174.0,0,192,168,220,15,192,168,100,5
56827.0,80.0,TCP,0.005,6.0,545.0,1,192,168,220,16,192,168,100,6
55425.0,80.0,TCP,0.006,6.0,545.0,1,192,168,220,16,192,168,100,6
445.0,34743.0,TCP,0.0,1.0,108.0,0,192,168,100,5,192,168,220,11
46808.0,445.0,TCP,0.004,2.0,174.0,0,192,168,200,5,192,168,100,5
445.0,46709.0,TCP,0.0,1.0,108.0,0,192,168,100,5,192,168,220,6
36309.0,80.0,TCP,0.004,5.0,479.0,1,192,168,220,16,192,168,100,6
34203.0,80.0,TCP,0.004,5.0,479.0,1,192,168,220,16,192,168,100,6
60351.0,80.0,TCP,0.004,6.0,545.0,1,192,168,220,16,192,168,100,6
51357.0,4003.0,TCP,0.0,1.0,58.0,1,192,168,220,16,192,168,200,2
57369.0,80.0,TCP,0.005,6.0,545.0,1,192,168,220,16,192,168,100,6
80.0,80.0,TCP,0.003,6.0,545.0,1,192,168,220,16,192,168,100,6
37017.0,80.0,TCP,0.005,5.0,479.0,1,192,168,220,16,192,168,100,6
60689.0,445.0,TCP,0.001,2.0,174.0,0,192,168,220,13,192,168,100,5
445.0,34743.0,TCP,0.0,1.0,108.0,0,192,168,100,5,192,168,220,11
46709.0,445.0,TCP,0.004,2.0,174.0,0,192,168,220,6,192,168,100,5
33073.0,80.0,TCP,0.003,6.0,545.0,1,192,168,220,16,192,168,100,6
37191.0,445.0,TCP,0.004,2.0,174.0,0,192,168,220,7,192,168,100,5
60827.0,80.0,TCP,0.002,5.0,479.0,1,192,168,220,16,192,168,100,6
58844.0,445.0,TCP,0.004,2.0,174.0,0,192,168,220,16,192,168,100,5
57741.0,80.0,TCP,0.006,5.0,479.0,1,192,168,220,16,192,168,100,6
56955.0,80.0,TCP,0.003,6.0,545.0,1,192,168,220,16,192,168,100,6
58981.0,80.0,TCP,0.004,5.0,479.0,1,192,168,220,16,192,168,100,6
445.0,58844.0,TCP,0.0,1.0,108.0,0,192,168,100,5,192,168,220,16
40239.0,445.0,TCP,0.002,2.0,174.0,0,192,168,220,10,192,168,100,5
445.0,49511.0,TCP,0.0,1.0,108.0,0,192,168,100,5,192,168,220,12
445.0,46709.0,TCP,0.0,1.0,108.0,0,192,168,100,5,192,168,220,6
34743.0,445.0,TCP,0.004,2.0,174.0,0,192,168,220,11,192,168,100,5
137.0,137.0,UDP,0.0,1.0,92.0,0,192,168,220,5,192,168,220,255
137.0,137.0,UDP,0.0,1.0,92.0,0,192,168,220,10,192,168,220,255
49094.0,445.0,TCP,0.003,2.0,174.0,0,192,168,220,8,192,168,100,5
445.0,46709.0,TCP,0.0,1.0,70.0,0,192,168,100,5,192,168,220,6
445.0,37191.0,TCP,0.0,1.0,108.0,0,192,168,100,5,192,168,220,7
58804.0,80.0,TCP,0.006,5.0,479.0,1,192,168,220,16,192,168,100,6
57385.0,80.0,TCP,0.005,5.0,479.0,1,192,168,220,16,192,168,100,6
60567.0,80.0,TCP,0.004,5.0,479.0,1,192,168,220,16,192,168,100,6
445.0,43183.0,TCP,0.0,1.0,108.0,0,192,168,100,5,192,168,200,4
59876.0,80.0,TCP,0.003,5.0,479.0,1,192,168,220,16,192,168,100,6
51146.0,445.0,TCP,0.004,2.0,174.0,0,192,168,220,5,192,168,100,5
